filename,age,gender,dominant_gender,error
id85_2191.jpg,27.0,"{'Woman': 6.5195441246032715, 'Man': 93.48045587539673}",Man,
id24_576.jpg,25.0,"{'Woman': 2.113770879805088, 'Man': 97.88622856140137}",Man,
id2_8.jpg,32.0,"{'Woman': 8.848157525062561, 'Man': 91.15185141563416}",Man,
id42_1185.jpg,29.0,"{'Woman': 2.639015018939972, 'Man': 97.36098647117615}",Man,
id41_1472.jpg,28.0,"{'Woman': 97.79702425003052, 'Man': 2.2029725834727287}",Woman,
id54_1478.jpg,24.0,"{'Woman': 0.767242768779397, 'Man': 99.23275113105774}",Man,
id124_3313.jpg,36.0,"{'Woman': 19.54043060541153, 'Man': 80.45957088470459}",Man,
id72_1910.jpg,23.0,"{'Woman': 17.65746772289276, 'Man': 82.342529296875}",Man,
id118_3027.jpg,34.0,"{'Woman': 17.125770449638367, 'Man': 82.8742265701294}",Man,
id18_693.jpg,,,,'tuple' object has no attribute 'shape'
id63_1730.jpg,28.0,"{'Woman': 4.6802520751953125, 'Man': 95.31974792480469}",Man,
id116_3156.jpg,35.0,"{'Woman': 13.59403282403946, 'Man': 86.40597462654114}",Man,
id68_1836.jpg,34.0,"{'Woman': 5.993949994444847, 'Man': 94.00604963302612}",Man,
id24_381.jpg,26.0,"{'Woman': 5.201327428221703, 'Man': 94.79867815971375}",Man,
id115_2873.jpg,33.0,"{'Woman': 15.420015156269073, 'Man': 84.57998037338257}",Man,
id96_2494.jpg,34.0,"{'Woman': 52.16215252876282, 'Man': 47.837844491004944}",Woman,
id41_1126.jpg,35.0,"{'Woman': 18.140415847301483, 'Man': 81.8595826625824}",Man,
id93_2482.jpg,31.0,"{'Woman': 22.10790067911148, 'Man': 77.89209485054016}",Man,
id47_1162.jpg,28.0,"{'Woman': 4.288121685385704, 'Man': 95.71187496185303}",Man,
id44_1048.jpg,24.0,"{'Woman': 0.616462342441082, 'Man': 99.383544921875}",Man,
id20_474.jpg,34.0,"{'Woman': 36.498403549194336, 'Man': 63.501596450805664}",Man,
id5_73.jpg,39.0,"{'Woman': 3.3181536942720413, 'Man': 96.68184518814087}",Man,
id108_2821.jpg,29.0,"{'Woman': 3.4526582807302475, 'Man': 96.54733538627625}",Man,
id5_131.jpg,29.0,"{'Woman': 11.124945431947708, 'Man': 88.87505531311035}",Man,
id46_1298.jpg,31.0,"{'Woman': 88.82375955581665, 'Man': 11.176245659589767}",Woman,
id24_404.jpg,27.0,"{'Woman': 7.106207311153412, 'Man': 92.89379715919495}",Man,
id18_579.jpg,34.0,"{'Woman': 21.208859980106354, 'Man': 78.79113554954529}",Man,
id27_445.jpg,28.0,"{'Woman': 2.9803121462464333, 'Man': 97.01968431472778}",Man,
id79_2042.jpg,29.0,"{'Woman': 15.148499608039856, 'Man': 84.85150337219238}",Man,
id5_148.jpg,31.0,"{'Woman': 9.09024104475975, 'Man': 90.90976119041443}",Man,
id77_2067.jpg,28.0,"{'Woman': 2.9208172112703323, 'Man': 97.07918167114258}",Man,
id60_1627.jpg,31.0,"{'Woman': 16.326940059661865, 'Man': 83.67305397987366}",Man,
id47_1137.jpg,31.0,"{'Woman': 11.156128346920013, 'Man': 88.84387016296387}",Man,
id10_148.jpg,25.0,"{'Woman': 3.8615357130765915, 'Man': 96.1384654045105}",Man,
id115_2886.jpg,28.0,"{'Woman': 15.767747163772583, 'Man': 84.23224687576294}",Man,
id85_2179.jpg,27.0,"{'Woman': 6.738713383674622, 'Man': 93.26128363609314}",Man,
id31_715.jpg,35.0,"{'Woman': 20.55400311946869, 'Man': 79.44599390029907}",Man,
id5_134.jpg,28.0,"{'Woman': 8.67101401090622, 'Man': 91.32897853851318}",Man,
id90_2421.jpg,34.0,"{'Woman': 15.372925996780396, 'Man': 84.6270740032196}",Man,
id118_3046.jpg,31.0,"{'Woman': 37.882351875305176, 'Man': 62.117648124694824}",Man,
id5_78.jpg,36.0,"{'Woman': 4.451680928468704, 'Man': 95.54831385612488}",Man,
id79_2077.jpg,31.0,"{'Woman': 10.949339717626572, 'Man': 89.05066251754761}",Man,
id69_1867.jpg,34.0,"{'Woman': 11.433404684066772, 'Man': 88.56659531593323}",Man,
id101_2659.jpg,29.0,"{'Woman': 7.97409862279892, 'Man': 92.02589988708496}",Man,
id1_12.jpg,29.0,"{'Woman': 2.1803341805934906, 'Man': 97.81966805458069}",Man,
id60_1575.jpg,30.0,"{'Woman': 2.6857277378439903, 'Man': 97.31427431106567}",Man,
id125_3270.jpg,23.0,"{'Woman': 2.9743798077106476, 'Man': 97.02562093734741}",Man,
id1_181.jpg,25.0,"{'Woman': 92.66810417175293, 'Man': 7.331894338130951}",Woman,
id42_1055.jpg,30.0,"{'Woman': 18.11302751302719, 'Man': 81.88697099685669}",Man,
id23_347.jpg,27.0,"{'Woman': 1.061112154275179, 'Man': 98.93888831138611}",Man,
id122_3170.jpg,31.0,"{'Woman': 67.67684817314148, 'Man': 32.323157787323}",Woman,
id25_430.jpg,,,,'tuple' object has no attribute 'shape'
id38_860.jpg,34.0,"{'Woman': 8.548417687416077, 'Man': 91.4515733718872}",Man,
id110_2764.jpg,25.0,"{'Woman': 4.869145154953003, 'Man': 95.13084888458252}",Man,
id2_48.jpg,26.0,"{'Woman': 6.2880635261535645, 'Man': 93.71193647384644}",Man,
id123_3173.jpg,39.0,"{'Woman': 44.88784968852997, 'Man': 55.11214733123779}",Man,
id5_158.jpg,23.0,"{'Woman': 5.325614660978317, 'Man': 94.67438459396362}",Man,
id1_61.jpg,33.0,"{'Woman': 11.989463865756989, 'Man': 88.01053762435913}",Man,
id5_135.jpg,30.0,"{'Woman': 4.231363534927368, 'Man': 95.76864242553711}",Man,
id92_2406.jpg,33.0,"{'Woman': 28.47740352153778, 'Man': 71.52259945869446}",Man,
id121_3313.jpg,25.0,"{'Woman': 4.110131040215492, 'Man': 95.88987231254578}",Man,
id47_1142.jpg,31.0,"{'Woman': 19.63387131690979, 'Man': 80.36612272262573}",Man,
id90_2383.jpg,31.0,"{'Woman': 8.539523929357529, 'Man': 91.46047830581665}",Man,
id59_1557.jpg,,,,'tuple' object has no attribute 'shape'
id45_1081.jpg,,,,'tuple' object has no attribute 'shape'
id42_982.jpg,31.0,"{'Woman': 11.299004405736923, 'Man': 88.70099186897278}",Man,
id115_2879.jpg,36.0,"{'Woman': 21.96410298347473, 'Man': 78.03590297698975}",Man,
id103_2729.jpg,26.0,"{'Woman': 32.26379752159119, 'Man': 67.73619651794434}",Man,
id36_977.jpg,38.0,"{'Woman': 19.24293339252472, 'Man': 80.75706958770752}",Man,
id113_2783.jpg,31.0,"{'Woman': 23.142023384571075, 'Man': 76.85797214508057}",Man,
id106_2677.jpg,29.0,"{'Woman': 5.717340856790543, 'Man': 94.28265690803528}",Man,
id54_1675.jpg,26.0,"{'Woman': 1.5180977061390877, 'Man': 98.48190546035767}",Man,
id108_2826.jpg,31.0,"{'Woman': 11.14557459950447, 'Man': 88.85442614555359}",Man,
id90_2381.jpg,29.0,"{'Woman': 8.995217829942703, 'Man': 91.00478291511536}",Man,
id122_3192.jpg,33.0,"{'Woman': 60.87438464164734, 'Man': 39.12562131881714}",Woman,
id124_3283.jpg,,,,'tuple' object has no attribute 'shape'
id25_444.jpg,27.0,"{'Woman': 5.266294628381729, 'Man': 94.73370313644409}",Man,
id41_1016.jpg,29.0,"{'Woman': 20.04893869161606, 'Man': 79.9510657787323}",Man,
id18_377.jpg,28.0,"{'Woman': 2.9578791931271553, 'Man': 97.04211950302124}",Man,
id60_1603.jpg,30.0,"{'Woman': 2.604346349835396, 'Man': 97.39565849304199}",Man,
id123_3264.jpg,33.0,"{'Woman': 4.30200882256031, 'Man': 95.69798707962036}",Man,
id18_670.jpg,29.0,"{'Woman': 15.448600053787231, 'Man': 84.55139994621277}",Man,
id41_1293.jpg,31.0,"{'Woman': 5.189044401049614, 'Man': 94.81095671653748}",Man,
id78_2059.jpg,24.0,"{'Woman': 5.2125535905361176, 'Man': 94.78744268417358}",Man,
id78_2115.jpg,29.0,"{'Woman': 4.726032912731171, 'Man': 95.27396559715271}",Man,
id45_1056.jpg,31.0,"{'Woman': 6.737729161977768, 'Man': 93.26226711273193}",Man,
id49_1243.jpg,29.0,"{'Woman': 2.7960140258073807, 'Man': 97.20398783683777}",Man,
id41_1085.jpg,,,,'tuple' object has no attribute 'shape'
id54_1561.jpg,,,,'tuple' object has no attribute 'shape'
id3_55.jpg,26.0,"{'Woman': 0.8427764289081097, 'Man': 99.15722608566284}",Man,
id42_1020.jpg,33.0,"{'Woman': 12.839753925800323, 'Man': 87.1602475643158}",Man,
id116_3164.jpg,33.0,"{'Woman': 14.077343046665192, 'Man': 85.9226644039154}",Man,
id101_2650.jpg,30.0,"{'Woman': 12.444496154785156, 'Man': 87.55550384521484}",Man,
id124_3286.jpg,,,,'tuple' object has no attribute 'shape'
id4_58.jpg,32.0,"{'Woman': 14.48756456375122, 'Man': 85.5124294757843}",Man,
id36_926.jpg,33.0,"{'Woman': 9.165332466363907, 'Man': 90.83467125892639}",Man,
id18_636.jpg,33.0,"{'Woman': 48.35597574710846, 'Man': 51.6440212726593}",Man,
id124_3315.jpg,36.0,"{'Woman': 21.894776821136475, 'Man': 78.10522317886353}",Man,
id105_2856.jpg,31.0,"{'Woman': 41.14373326301575, 'Man': 58.85626673698425}",Man,
id124_3257.jpg,,,,'tuple' object has no attribute 'shape'
id122_3222.jpg,,,,'tuple' object has no attribute 'shape'
id92_2397.jpg,35.0,"{'Woman': 17.19014197587967, 'Man': 82.80985951423645}",Man,
id126_3213.jpg,36.0,"{'Woman': 18.151672184467316, 'Man': 81.8483293056488}",Man,
id83_2234.jpg,30.0,"{'Woman': 5.96989318728447, 'Man': 94.03010606765747}",Man,
id31_745.jpg,33.0,"{'Woman': 6.352782249450684, 'Man': 93.64721775054932}",Man,
id55_1545.jpg,26.0,"{'Woman': 1.3185556046664715, 'Man': 98.68144989013672}",Man,
id30_451.jpg,29.0,"{'Woman': 4.803527146577835, 'Man': 95.1964795589447}",Man,
id69_1870.jpg,34.0,"{'Woman': 8.43159481883049, 'Man': 91.56840443611145}",Man,
id49_1323.jpg,30.0,"{'Woman': 4.1557710617780685, 'Man': 95.84422707557678}",Man,
id39_894.jpg,31.0,"{'Woman': 14.146839082241058, 'Man': 85.85315346717834}",Man,
id48_1180.jpg,36.0,"{'Woman': 3.519594296813011, 'Man': 96.48039937019348}",Man,
id65_1760.jpg,36.0,"{'Woman': 16.86248630285263, 'Man': 83.13751816749573}",Man,
id110_2709.jpg,39.0,"{'Woman': 80.51475286483765, 'Man': 19.485248625278473}",Woman,
id41_1388.jpg,36.0,"{'Woman': 16.99199676513672, 'Man': 83.00800323486328}",Man,
id79_2115.jpg,26.0,"{'Woman': 12.064170092344284, 'Man': 87.93583512306213}",Man,
id78_2197.jpg,25.0,"{'Woman': 14.99929428100586, 'Man': 85.00069975852966}",Man,
id94_2527.jpg,29.0,"{'Woman': 7.108645886182785, 'Man': 92.89135932922363}",Man,
id121_3226.jpg,28.0,"{'Woman': 8.74771699309349, 'Man': 91.25228524208069}",Man,
id27_414.jpg,29.0,"{'Woman': 62.69809007644653, 'Man': 37.301912903785706}",Woman,
id64_1666.jpg,36.0,"{'Woman': 35.12944579124451, 'Man': 64.87054824829102}",Man,
id24_501.jpg,27.0,"{'Woman': 10.995402187108994, 'Man': 89.00460004806519}",Man,
id18_744.jpg,27.0,"{'Woman': 3.0225809663534164, 'Man': 96.97741866111755}",Man,
id25_401.jpg,26.0,"{'Woman': 25.575923919677734, 'Man': 74.42407608032227}",Man,
id72_1889.jpg,32.0,"{'Woman': 4.538481682538986, 'Man': 95.46151161193848}",Man,
id91_2412.jpg,31.0,"{'Woman': 20.573997497558594, 'Man': 79.4260025024414}",Man,
id41_1422.jpg,25.0,"{'Woman': 46.40620946884155, 'Man': 53.59379053115845}",Man,
id40_987.jpg,23.0,"{'Woman': 13.981480896472931, 'Man': 86.01852059364319}",Man,
id48_1249.jpg,29.0,"{'Woman': 10.603698343038559, 'Man': 89.39629793167114}",Man,
id59_1674.jpg,29.0,"{'Woman': 14.69929814338684, 'Man': 85.30069589614868}",Man,
id41_1453.jpg,30.0,"{'Woman': 93.67613792419434, 'Man': 6.323868781328201}",Woman,
id41_1015.jpg,29.0,"{'Woman': 15.895746648311615, 'Man': 84.10425782203674}",Man,
id27_527.jpg,36.0,"{'Woman': 15.12054055929184, 'Man': 84.87945795059204}",Man,
id118_3040.jpg,36.0,"{'Woman': 4.946451634168625, 'Man': 95.0535535812378}",Man,
id83_2205.jpg,34.0,"{'Woman': 6.095428392291069, 'Man': 93.90457272529602}",Man,
id43_1213.jpg,29.0,"{'Woman': 8.92108678817749, 'Man': 91.07890725135803}",Man,
id41_1081.jpg,,,,'tuple' object has no attribute 'shape'
id72_1890.jpg,33.0,"{'Woman': 2.113879472017288, 'Man': 97.88612723350525}",Man,
id18_677.jpg,30.0,"{'Woman': 10.800538212060928, 'Man': 89.19945955276489}",Man,
id60_1552.jpg,31.0,"{'Woman': 6.883321702480316, 'Man': 93.11668276786804}",Man,
id85_2169.jpg,28.0,"{'Woman': 4.326694086194038, 'Man': 95.67331075668335}",Man,
id21_322.jpg,28.0,"{'Woman': 5.718998983502388, 'Man': 94.281005859375}",Man,
id45_1075.jpg,,,,'tuple' object has no attribute 'shape'
id11_206.jpg,25.0,"{'Woman': 5.754484981298447, 'Man': 94.24551725387573}",Man,
id121_3273.jpg,26.0,"{'Woman': 4.0143560618162155, 'Man': 95.98564505577087}",Man,
id24_542.jpg,26.0,"{'Woman': 11.603524535894394, 'Man': 88.39647769927979}",Man,
id83_2265.jpg,35.0,"{'Woman': 32.88310468196869, 'Man': 67.11689829826355}",Man,
id78_2249.jpg,29.0,"{'Woman': 2.2528570145368576, 'Man': 97.747141122818}",Man,
id123_3215.jpg,33.0,"{'Woman': 22.891120612621307, 'Man': 77.10887789726257}",Man,
id119_3172.jpg,28.0,"{'Woman': 9.408938884735107, 'Man': 90.59106111526489}",Man,
id23_351.jpg,31.0,"{'Woman': 0.4603995941579342, 'Man': 99.53959584236145}",Man,
id60_1599.jpg,24.0,"{'Woman': 2.0933423191308975, 'Man': 97.9066550731659}",Man,
id96_2495.jpg,31.0,"{'Woman': 32.74998068809509, 'Man': 67.25001931190491}",Man,
id18_488.jpg,30.0,"{'Woman': 11.936294287443161, 'Man': 88.06370496749878}",Man,
id36_1359.jpg,34.0,"{'Woman': 69.00146007537842, 'Man': 30.998539924621582}",Woman,
id43_1165.jpg,32.0,"{'Woman': 20.500101149082184, 'Man': 79.49989438056946}",Man,
id24_494.jpg,38.0,"{'Woman': 11.637911945581436, 'Man': 88.36208581924438}",Man,
id24_428.jpg,25.0,"{'Woman': 8.964797109365463, 'Man': 91.03519916534424}",Man,
id84_2159.jpg,32.0,"{'Woman': 9.445714950561523, 'Man': 90.55429100990295}",Man,
id78_2199.jpg,33.0,"{'Woman': 12.004636973142624, 'Man': 87.9953682422638}",Man,
id59_1567.jpg,,,,'tuple' object has no attribute 'shape'
id24_455.jpg,26.0,"{'Woman': 3.796202316880226, 'Man': 96.20380401611328}",Man,
id119_3126.jpg,34.0,"{'Woman': 13.210020959377289, 'Man': 86.78997755050659}",Man,
id8_115.jpg,32.0,"{'Woman': 28.299203515052795, 'Man': 71.70079350471497}",Man,
id1_6.jpg,28.0,"{'Woman': 5.7634856551885605, 'Man': 94.23651099205017}",Man,
id7_102.jpg,32.0,"{'Woman': 19.77684050798416, 'Man': 80.22315502166748}",Man,
id94_2516.jpg,25.0,"{'Woman': 2.5593768805265427, 'Man': 97.44062423706055}",Man,
id27_439.jpg,32.0,"{'Woman': 2.8663156554102898, 'Man': 97.1336841583252}",Man,
id26_394.jpg,23.0,"{'Woman': 2.4001331999897957, 'Man': 97.59986400604248}",Man,
id101_2579.jpg,35.0,"{'Woman': 4.975466802716255, 'Man': 95.02453207969666}",Man,
id60_1619.jpg,34.0,"{'Woman': 12.286674976348877, 'Man': 87.7133309841156}",Man,
id83_2150.jpg,28.0,"{'Woman': 10.96399873495102, 'Man': 89.03599977493286}",Man,
id61_1664.jpg,31.0,"{'Woman': 12.15352863073349, 'Man': 87.84646987915039}",Man,
id65_1727.jpg,34.0,"{'Woman': 3.694435954093933, 'Man': 96.3055670261383}",Man,
id39_902.jpg,30.0,"{'Woman': 15.870320796966553, 'Man': 84.12967920303345}",Man,
id54_1519.jpg,35.0,"{'Woman': 5.6997425854206085, 'Man': 94.30026412010193}",Man,
id78_2176.jpg,26.0,"{'Woman': 13.800786435604095, 'Man': 86.19921803474426}",Man,
id40_1042.jpg,24.0,"{'Woman': 9.457283467054367, 'Man': 90.54271578788757}",Man,
id90_2391.jpg,32.0,"{'Woman': 15.082557499408722, 'Man': 84.9174439907074}",Man,
id5_197.jpg,27.0,"{'Woman': 5.711621791124344, 'Man': 94.28837895393372}",Man,
id3_81.jpg,27.0,"{'Woman': 1.579112559556961, 'Man': 98.4208881855011}",Man,
id78_2117.jpg,40.0,"{'Woman': 22.195003926753998, 'Man': 77.80499458312988}",Man,
id54_1562.jpg,25.0,"{'Woman': 10.485314577817917, 'Man': 89.51468467712402}",Man,
id44_1053.jpg,33.0,"{'Woman': 2.9409343376755714, 'Man': 97.0590591430664}",Man,
id122_3147.jpg,,,,'tuple' object has no attribute 'shape'
id94_2569.jpg,24.0,"{'Woman': 2.5350768119096756, 'Man': 97.46492505073547}",Man,
id78_2044.jpg,34.0,"{'Woman': 2.7283214032649994, 'Man': 97.2716748714447}",Man,
id106_2948.jpg,28.0,"{'Woman': 18.341438472270966, 'Man': 81.65855407714844}",Man,
id78_2148.jpg,32.0,"{'Woman': 18.76762956380844, 'Man': 81.23236298561096}",Man,
id18_671.jpg,30.0,"{'Woman': 13.719645142555237, 'Man': 86.280357837677}",Man,
id77_2049.jpg,29.0,"{'Woman': 3.558511659502983, 'Man': 96.4414894580841}",Man,
id77_2140.jpg,24.0,"{'Woman': 12.174060940742493, 'Man': 87.82593607902527}",Man,
id90_2419.jpg,34.0,"{'Woman': 11.182648688554764, 'Man': 88.8173520565033}",Man,
id42_1088.jpg,28.0,"{'Woman': 2.6081381365656853, 'Man': 97.39185571670532}",Man,
id55_1532.jpg,30.0,"{'Woman': 2.2460291162133217, 'Man': 97.75396585464478}",Man,
id109_2729.jpg,32.0,"{'Woman': 18.665699660778046, 'Man': 81.33429884910583}",Man,
id106_2912.jpg,30.0,"{'Woman': 1.0240238159894943, 'Man': 98.97597432136536}",Man,
id11_181.jpg,31.0,"{'Woman': 5.848826095461845, 'Man': 94.15117502212524}",Man,
id126_3212.jpg,38.0,"{'Woman': 14.047235250473022, 'Man': 85.95276474952698}",Man,
id62_1732.jpg,28.0,"{'Woman': 32.09831714630127, 'Man': 67.90168285369873}",Man,
id95_2533.jpg,23.0,"{'Woman': 9.568137675523758, 'Man': 90.4318630695343}",Man,
id42_1033.jpg,30.0,"{'Woman': 16.408240795135498, 'Man': 83.5917592048645}",Man,
id5_190.jpg,28.0,"{'Woman': 10.091300308704376, 'Man': 89.90869522094727}",Man,
id40_936.jpg,30.0,"{'Woman': 9.566318988800049, 'Man': 90.43367505073547}",Man,
id62_1705.jpg,33.0,"{'Woman': 9.438464790582657, 'Man': 90.56153297424316}",Man,
id63_1752.jpg,26.0,"{'Woman': 10.86675226688385, 'Man': 89.13324475288391}",Man,
id18_317.jpg,35.0,"{'Woman': 18.56856197118759, 'Man': 81.43143653869629}",Man,
id68_1823.jpg,28.0,"{'Woman': 13.550430536270142, 'Man': 86.44956946372986}",Man,
id42_1114.jpg,28.0,"{'Woman': 18.180835247039795, 'Man': 81.8191647529602}",Man,
id118_2992.jpg,33.0,"{'Woman': 67.03758835792542, 'Man': 32.962408661842346}",Woman,
id43_1210.jpg,29.0,"{'Woman': 6.569986790418625, 'Man': 93.43001246452332}",Man,
id30_489.jpg,25.0,"{'Woman': 12.557056546211243, 'Man': 87.442946434021}",Man,
id90_2578.jpg,25.0,"{'Woman': 4.924727976322174, 'Man': 95.07526755332947}",Man,
id73_1919.jpg,27.0,"{'Woman': 22.64144718647003, 'Man': 77.35854983329773}",Man,
id121_3233.jpg,,,,'tuple' object has no attribute 'shape'
id45_1052.jpg,30.0,"{'Woman': 10.97073033452034, 'Man': 89.02926445007324}",Man,
id69_1876.jpg,27.0,"{'Woman': 9.621211141347885, 'Man': 90.37878513336182}",Man,
id1_214.jpg,30.0,"{'Woman': 14.356262981891632, 'Man': 85.64373850822449}",Man,
id47_1260.jpg,24.0,"{'Woman': 11.414378881454468, 'Man': 88.58561515808105}",Man,
id115_3046.jpg,30.0,"{'Woman': 56.68143630027771, 'Man': 43.31856071949005}",Woman,
id18_412.jpg,27.0,"{'Woman': 10.952810943126678, 'Man': 89.04719352722168}",Man,
id18_386.jpg,26.0,"{'Woman': 9.671033173799515, 'Man': 90.32896757125854}",Man,
id45_1057.jpg,30.0,"{'Woman': 7.511953264474869, 'Man': 92.48803853988647}",Man,
id42_1096.jpg,27.0,"{'Woman': 3.172604739665985, 'Man': 96.82738780975342}",Man,
id88_2384.jpg,28.0,"{'Woman': 2.5563158094882965, 'Man': 97.44368195533752}",Man,
id47_1145.jpg,31.0,"{'Woman': 10.359755903482437, 'Man': 89.64024782180786}",Man,
id36_782.jpg,31.0,"{'Woman': 23.751336336135864, 'Man': 76.24866366386414}",Man,
id94_2544.jpg,28.0,"{'Woman': 4.274289309978485, 'Man': 95.72571516036987}",Man,
id6_81.jpg,28.0,"{'Woman': 4.0015459060668945, 'Man': 95.9984540939331}",Man,
id36_1392.jpg,29.0,"{'Woman': 10.361675173044205, 'Man': 89.63832259178162}",Man,
id41_1391.jpg,35.0,"{'Woman': 22.036166489124298, 'Man': 77.96382904052734}",Man,
id31_449.jpg,32.0,"{'Woman': 18.512243032455444, 'Man': 81.48775696754456}",Man,
id5_85.jpg,,,,'tuple' object has no attribute 'shape'
id49_1210.jpg,,,,'tuple' object has no attribute 'shape'
id2_63.jpg,,,,'tuple' object has no attribute 'shape'
id119_3222.jpg,30.0,"{'Woman': 26.916465163230896, 'Man': 73.08353781700134}",Man,
id115_2847.jpg,29.0,"{'Woman': 34.32318866252899, 'Man': 65.67680835723877}",Man,
id23_337.jpg,24.0,"{'Woman': 1.23895900323987, 'Man': 98.76104593276978}",Man,
id37_860.jpg,,,,'tuple' object has no attribute 'shape'
id36_982.jpg,33.0,"{'Woman': 19.720545411109924, 'Man': 80.27945160865784}",Man,
id115_3170.jpg,30.0,"{'Woman': 50.737714767456055, 'Man': 49.262288212776184}",Woman,
id43_1174.jpg,29.0,"{'Woman': 13.295839726924896, 'Man': 86.70416474342346}",Man,
id34_760.jpg,34.0,"{'Woman': 8.68930071592331, 'Man': 91.31069779396057}",Man,
id37_867.jpg,40.0,"{'Woman': 86.07562780380249, 'Man': 13.924367725849152}",Woman,
id41_1470.jpg,27.0,"{'Woman': 97.65288233757019, 'Man': 2.3471157997846603}",Woman,
id62_1744.jpg,30.0,"{'Woman': 5.859034508466721, 'Man': 94.1409707069397}",Man,
id45_1140.jpg,33.0,"{'Woman': 67.49178171157837, 'Man': 32.50822424888611}",Woman,
id55_1517.jpg,28.0,"{'Woman': 1.8208136782050133, 'Man': 98.17917943000793}",Man,
id133_3323.jpg,34.0,"{'Woman': 31.82358741760254, 'Man': 68.17640662193298}",Man,
id36_1596.jpg,32.0,"{'Woman': 16.996441781520844, 'Man': 83.00356268882751}",Man,
id115_2897.jpg,28.0,"{'Woman': 5.838672444224358, 'Man': 94.16133165359497}",Man,
id24_591.jpg,29.0,"{'Woman': 17.128874361515045, 'Man': 82.87112712860107}",Man,
id78_2071.jpg,26.0,"{'Woman': 15.34135490655899, 'Man': 84.65864062309265}",Man,
id103_2662.jpg,34.0,"{'Woman': 25.272205471992493, 'Man': 74.72779750823975}",Man,
id27_546.jpg,23.0,"{'Woman': 39.873093366622925, 'Man': 60.126906633377075}",Man,
id47_1267.jpg,34.0,"{'Woman': 5.684073641896248, 'Man': 94.31592226028442}",Man,
id79_2080.jpg,29.0,"{'Woman': 2.5525111705064774, 'Man': 97.4474847316742}",Man,
id36_994.jpg,34.0,"{'Woman': 5.739228054881096, 'Man': 94.26077008247375}",Man,
id1_8.jpg,29.0,"{'Woman': 3.5023223608732224, 'Man': 96.49767875671387}",Man,
id90_2424.jpg,31.0,"{'Woman': 18.665237724781036, 'Man': 81.33476376533508}",Man,
id54_1563.jpg,25.0,"{'Woman': 8.975664526224136, 'Man': 91.02433323860168}",Man,
id1_79.jpg,30.0,"{'Woman': 7.576112449169159, 'Man': 92.42388606071472}",Man,
id36_962.jpg,,,,'tuple' object has no attribute 'shape'
id36_900.jpg,27.0,"{'Woman': 68.00867915153503, 'Man': 31.991326808929443}",Woman,
id54_1502.jpg,29.0,"{'Woman': 6.311880052089691, 'Man': 93.68812441825867}",Man,
id43_1177.jpg,30.0,"{'Woman': 8.100835233926773, 'Man': 91.89916253089905}",Man,
id108_2726.jpg,36.0,"{'Woman': 4.748772829771042, 'Man': 95.2512264251709}",Man,
id41_1326.jpg,30.0,"{'Woman': 9.595374017953873, 'Man': 90.40462374687195}",Man,
id70_1839.jpg,36.0,"{'Woman': 3.197561949491501, 'Man': 96.80243730545044}",Man,
id124_3261.jpg,,,,'tuple' object has no attribute 'shape'
id1_209.jpg,26.0,"{'Woman': 83.91988277435303, 'Man': 16.080115735530853}",Woman,
id42_1057.jpg,36.0,"{'Woman': 7.9766348004341125, 'Man': 92.023366689682}",Man,
id43_1053.jpg,27.0,"{'Woman': 4.720428213477135, 'Man': 95.27957439422607}",Man,
id42_984.jpg,32.0,"{'Woman': 15.360207855701447, 'Man': 84.6397876739502}",Man,
id1_203.jpg,25.0,"{'Woman': 49.83913600444794, 'Man': 50.16087293624878}",Man,
id25_588.jpg,34.0,"{'Woman': 19.520916044712067, 'Man': 80.47908544540405}",Man,
id79_2156.jpg,32.0,"{'Woman': 4.626047983765602, 'Man': 95.37394642829895}",Man,
id25_386.jpg,32.0,"{'Woman': 61.81188225746155, 'Man': 38.18811476230621}",Woman,
id90_2647.jpg,30.0,"{'Woman': 55.254554748535156, 'Man': 44.745442271232605}",Woman,
id115_2913.jpg,28.0,"{'Woman': 7.891898602247238, 'Man': 92.1081006526947}",Man,
id67_1788.jpg,27.0,"{'Woman': 48.62190783023834, 'Man': 51.37808322906494}",Man,
id103_2701.jpg,23.0,"{'Woman': 0.3490681294351816, 'Man': 99.65092539787292}",Man,
id83_2305.jpg,32.0,"{'Woman': 28.149548172950745, 'Man': 71.8504548072815}",Man,
id42_1007.jpg,39.0,"{'Woman': 33.74083936214447, 'Man': 66.25916361808777}",Man,
id70_1873.jpg,31.0,"{'Woman': 8.203846216201782, 'Man': 91.79615378379822}",Man,
id94_2579.jpg,24.0,"{'Woman': 79.77720499038696, 'Man': 20.222795009613037}",Woman,
id122_3166.jpg,33.0,"{'Woman': 24.212411046028137, 'Man': 75.78758597373962}",Man,
id119_3176.jpg,32.0,"{'Woman': 7.509755343198776, 'Man': 92.49024391174316}",Man,
id90_2436.jpg,33.0,"{'Woman': 11.325196921825409, 'Man': 88.67480158805847}",Man,
id41_1492.jpg,27.0,"{'Woman': 18.55747550725937, 'Man': 81.44252896308899}",Man,
id36_1566.jpg,28.0,"{'Woman': 4.0410365909338, 'Man': 95.95896601676941}",Man,
id115_3184.jpg,26.0,"{'Woman': 20.395174622535706, 'Man': 79.60482239723206}",Man,
id20_294.jpg,32.0,"{'Woman': 4.893658310174942, 'Man': 95.10634541511536}",Man,
id105_2869.jpg,29.0,"{'Woman': 6.043344363570213, 'Man': 93.95665526390076}",Man,
id108_2825.jpg,32.0,"{'Woman': 11.162371933460236, 'Man': 88.83762955665588}",Man,
id25_470.jpg,29.0,"{'Woman': 3.849855810403824, 'Man': 96.15014791488647}",Man,
id39_877.jpg,37.0,"{'Woman': 16.35161191225052, 'Man': 83.64838361740112}",Man,
id61_1590.jpg,34.0,"{'Woman': 17.813734710216522, 'Man': 82.18626976013184}",Man,
id39_874.jpg,32.0,"{'Woman': 11.43016517162323, 'Man': 88.56983184814453}",Man,
id25_398.jpg,27.0,"{'Woman': 12.13453784584999, 'Man': 87.86545991897583}",Man,
id83_2241.jpg,33.0,"{'Woman': 16.297847032546997, 'Man': 83.702152967453}",Man,
id125_3232.jpg,32.0,"{'Woman': 2.718830108642578, 'Man': 97.28116989135742}",Man,
id122_3182.jpg,34.0,"{'Woman': 83.74812006950378, 'Man': 16.251878440380096}",Woman,
id40_1145.jpg,28.0,"{'Woman': 9.88764688372612, 'Man': 90.1123583316803}",Man,
id41_1110.jpg,,,,'tuple' object has no attribute 'shape'
id115_3002.jpg,,,,'tuple' object has no attribute 'shape'
id23_341.jpg,26.0,"{'Woman': 1.5227786265313625, 'Man': 98.4772264957428}",Man,
id41_1300.jpg,32.0,"{'Woman': 55.30195236206055, 'Man': 44.69805061817169}",Woman,
id103_2727.jpg,35.0,"{'Woman': 12.73990273475647, 'Man': 87.26009726524353}",Man,
id68_1984.jpg,31.0,"{'Woman': 49.95604753494263, 'Man': 50.04395246505737}",Man,
id108_2808.jpg,24.0,"{'Woman': 12.260888516902924, 'Man': 87.73910999298096}",Man,
id18_560.jpg,33.0,"{'Woman': 40.61828553676605, 'Man': 59.38171744346619}",Man,
id78_2128.jpg,26.0,"{'Woman': 5.938854068517685, 'Man': 94.06114220619202}",Man,
id59_1592.jpg,33.0,"{'Woman': 26.481708884239197, 'Man': 73.51829409599304}",Man,
id90_2462.jpg,24.0,"{'Woman': 1.557621080428362, 'Man': 98.4423816204071}",Man,
id63_1684.jpg,31.0,"{'Woman': 9.839977324008942, 'Man': 90.1600182056427}",Man,
id19_305.jpg,36.0,"{'Woman': 9.686767309904099, 'Man': 90.31323194503784}",Man,
id115_2925.jpg,24.0,"{'Woman': 6.378873437643051, 'Man': 93.62112283706665}",Man,
id83_2327.jpg,27.0,"{'Woman': 34.696561098098755, 'Man': 65.30343890190125}",Man,
id59_1583.jpg,31.0,"{'Woman': 80.8193027973175, 'Man': 19.180698692798615}",Woman,
id42_1066.jpg,33.0,"{'Woman': 15.432223677635193, 'Man': 84.56777334213257}",Man,
id102_2692.jpg,30.0,"{'Woman': 91.94153547286987, 'Man': 8.05845856666565}",Woman,
id122_3183.jpg,,,,'tuple' object has no attribute 'shape'
id45_1236.jpg,29.0,"{'Woman': 8.11225175857544, 'Man': 91.88774824142456}",Man,
id16_258.jpg,31.0,"{'Woman': 5.074911937117577, 'Man': 94.9250876903534}",Man,
id43_1056.jpg,26.0,"{'Woman': 16.620032489299774, 'Man': 83.37997198104858}",Man,
id36_1129.jpg,29.0,"{'Woman': 19.820010662078857, 'Man': 80.17998337745667}",Man,
id13_226.jpg,33.0,"{'Woman': 17.060217261314392, 'Man': 82.93977975845337}",Man,
id42_1089.jpg,32.0,"{'Woman': 10.345418751239777, 'Man': 89.65458273887634}",Man,
id124_3309.jpg,37.0,"{'Woman': 17.516952753067017, 'Man': 82.4830412864685}",Man,
id62_1734.jpg,26.0,"{'Woman': 5.299757793545723, 'Man': 94.70024108886719}",Man,
id79_2118.jpg,31.0,"{'Woman': 7.659831643104553, 'Man': 92.34017133712769}",Man,
id119_3198.jpg,29.0,"{'Woman': 82.9255759716034, 'Man': 17.074424028396606}",Woman,
id43_1055.jpg,23.0,"{'Woman': 4.85784038901329, 'Man': 95.14215588569641}",Man,
id15_238.jpg,32.0,"{'Woman': 13.293322920799255, 'Man': 86.70668601989746}",Man,
id41_1087.jpg,,,,'tuple' object has no attribute 'shape'
id38_870.jpg,28.0,"{'Woman': 16.456425189971924, 'Man': 83.54357481002808}",Man,
id117_3041.jpg,38.0,"{'Woman': 6.5624818205833435, 'Man': 93.43751668930054}",Man,
id119_3159.jpg,28.0,"{'Woman': 11.998455226421356, 'Man': 88.00154328346252}",Man,
id103_2764.jpg,40.0,"{'Woman': 22.331823408603668, 'Man': 77.66817808151245}",Man,
id44_1098.jpg,39.0,"{'Woman': 4.697081074118614, 'Man': 95.3029215335846}",Man,
id83_2267.jpg,34.0,"{'Woman': 14.22857791185379, 'Man': 85.77142357826233}",Man,
id79_2028.jpg,27.0,"{'Woman': 24.887558817863464, 'Man': 75.1124382019043}",Man,
id48_1197.jpg,34.0,"{'Woman': 2.5052445009350777, 'Man': 97.49475717544556}",Man,
id108_2707.jpg,29.0,"{'Woman': 17.863313853740692, 'Man': 82.13668465614319}",Man,
id41_1423.jpg,24.0,"{'Woman': 37.48582899570465, 'Man': 62.51417398452759}",Man,
id1_249.jpg,24.0,"{'Woman': 56.093597412109375, 'Man': 43.90639662742615}",Woman,
id41_1115.jpg,36.0,"{'Woman': 15.29029756784439, 'Man': 84.70970392227173}",Man,
id25_478.jpg,31.0,"{'Woman': 6.8198226392269135, 'Man': 93.18017959594727}",Man,
id126_3221.jpg,43.0,"{'Woman': 3.3984828740358353, 'Man': 96.60151600837708}",Man,
id108_2787.jpg,38.0,"{'Woman': 8.387599140405655, 'Man': 91.61240458488464}",Man,
id77_2257.jpg,29.0,"{'Woman': 1.722545549273491, 'Man': 98.2774555683136}",Man,
id124_3284.jpg,,,,'tuple' object has no attribute 'shape'
id92_2399.jpg,39.0,"{'Woman': 22.43792712688446, 'Man': 77.5620698928833}",Man,
id77_2087.jpg,33.0,"{'Woman': 3.5657819360494614, 'Man': 96.43421769142151}",Man,
id93_2461.jpg,36.0,"{'Woman': 38.26885223388672, 'Man': 61.73115372657776}",Man,
id61_1670.jpg,32.0,"{'Woman': 43.32640767097473, 'Man': 56.67358636856079}",Man,
id37_817.jpg,31.0,"{'Woman': 82.51336216926575, 'Man': 17.486637830734253}",Woman,
id5_144.jpg,32.0,"{'Woman': 2.886679023504257, 'Man': 97.11332321166992}",Man,
id78_2177.jpg,24.0,"{'Woman': 3.6479882895946503, 'Man': 96.35200500488281}",Man,
id25_512.jpg,31.0,"{'Woman': 28.744667768478394, 'Man': 71.2553322315216}",Man,
id93_2662.jpg,34.0,"{'Woman': 6.269378960132599, 'Man': 93.730628490448}",Man,
id48_1214.jpg,40.0,"{'Woman': 9.046552330255508, 'Man': 90.95344543457031}",Man,
id63_1651.jpg,36.0,"{'Woman': 2.3547446355223656, 'Man': 97.64525294303894}",Man,
id27_422.jpg,31.0,"{'Woman': 46.00988030433655, 'Man': 53.990113735198975}",Man,
id42_1152.jpg,32.0,"{'Woman': 2.612137794494629, 'Man': 97.38786816596985}",Man,
id106_2694.jpg,31.0,"{'Woman': 11.798690259456635, 'Man': 88.20131421089172}",Man,
id94_2648.jpg,26.0,"{'Woman': 5.509565398097038, 'Man': 94.49043869972229}",Man,
id48_1183.jpg,35.0,"{'Woman': 2.123887464404106, 'Man': 97.8761076927185}",Man,
id127_3221.jpg,32.0,"{'Woman': 91.28850102424622, 'Man': 8.711501210927963}",Woman,
id23_333.jpg,31.0,"{'Woman': 2.8749829158186913, 'Man': 97.12501764297485}",Man,
id41_1415.jpg,27.0,"{'Woman': 6.367264688014984, 'Man': 93.6327338218689}",Man,
id51_1271.jpg,26.0,"{'Woman': 0.8892503567039967, 'Man': 99.11075234413147}",Man,
id39_913.jpg,32.0,"{'Woman': 6.932508200407028, 'Man': 93.06749701499939}",Man,
id42_1102.jpg,33.0,"{'Woman': 2.4568870663642883, 'Man': 97.54310846328735}",Man,
id106_2946.jpg,28.0,"{'Woman': 19.275614619255066, 'Man': 80.7243824005127}",Man,
id54_1549.jpg,25.0,"{'Woman': 1.5135048888623714, 'Man': 98.48649501800537}",Man,
id36_1314.jpg,,,,'tuple' object has no attribute 'shape'
id38_886.jpg,32.0,"{'Woman': 4.60289940237999, 'Man': 95.39710283279419}",Man,
id44_1068.jpg,25.0,"{'Woman': 2.084360457956791, 'Man': 97.91563749313354}",Man,
id109_2715.jpg,24.0,"{'Woman': 5.641975626349449, 'Man': 94.35802698135376}",Man,
id110_2706.jpg,34.0,"{'Woman': 6.889273971319199, 'Man': 93.11072826385498}",Man,
id134_3316.jpg,27.0,"{'Woman': 33.86593759059906, 'Man': 66.13406538963318}",Man,
id38_906.jpg,32.0,"{'Woman': 9.794636070728302, 'Man': 90.20536541938782}",Man,
id122_3195.jpg,30.0,"{'Woman': 67.65717267990112, 'Man': 32.34282433986664}",Woman,
id119_3105.jpg,36.0,"{'Woman': 9.174084663391113, 'Man': 90.82591533660889}",Man,
id90_2405.jpg,33.0,"{'Woman': 6.372320652008057, 'Man': 93.62768530845642}",Man,
id79_2126.jpg,31.0,"{'Woman': 18.559297919273376, 'Man': 81.44069910049438}",Man,
id48_1207.jpg,38.0,"{'Woman': 5.386665463447571, 'Man': 94.61333155632019}",Man,
id5_141.jpg,32.0,"{'Woman': 7.883848994970322, 'Man': 92.11615324020386}",Man,
id119_3250.jpg,29.0,"{'Woman': 12.99237608909607, 'Man': 87.00762391090393}",Man,
id24_353.jpg,27.0,"{'Woman': 10.617963969707489, 'Man': 89.38204050064087}",Man,
id113_2788.jpg,27.0,"{'Woman': 23.317088186740875, 'Man': 76.68290734291077}",Man,
id65_1674.jpg,35.0,"{'Woman': 18.659737706184387, 'Man': 81.34025931358337}",Man,
id42_1148.jpg,33.0,"{'Woman': 3.0814986675977707, 'Man': 96.91849946975708}",Man,
id25_584.jpg,31.0,"{'Woman': 10.027404874563217, 'Man': 89.97260332107544}",Man,
id5_194.jpg,28.0,"{'Woman': 12.88447231054306, 'Man': 87.11552023887634}",Man,
id48_1204.jpg,35.0,"{'Woman': 2.4109529331326485, 'Man': 97.58904576301575}",Man,
id44_1105.jpg,29.0,"{'Woman': 3.16375195980072, 'Man': 96.83624505996704}",Man,
id16_298.jpg,29.0,"{'Woman': 4.255558177828789, 'Man': 95.7444429397583}",Man,
id7_318.jpg,30.0,"{'Woman': 24.080345034599304, 'Man': 75.91965794563293}",Man,
id45_1154.jpg,29.0,"{'Woman': 3.9651330560445786, 'Man': 96.03486657142639}",Man,
id119_3084.jpg,30.0,"{'Woman': 14.81458991765976, 'Man': 85.1854145526886}",Man,
id119_3088.jpg,31.0,"{'Woman': 14.585265517234802, 'Man': 85.41473150253296}",Man,
id18_284.jpg,25.0,"{'Woman': 8.212130516767502, 'Man': 91.78786873817444}",Man,
id83_2199.jpg,28.0,"{'Woman': 12.819162011146545, 'Man': 87.18083500862122}",Man,
id5_163.jpg,33.0,"{'Woman': 8.254406601190567, 'Man': 91.74559712409973}",Man,
id11_245.jpg,32.0,"{'Woman': 7.689376175403595, 'Man': 92.31062531471252}",Man,
id78_2196.jpg,38.0,"{'Woman': 31.93383812904358, 'Man': 68.06616187095642}",Man,
id27_522.jpg,28.0,"{'Woman': 8.986849337816238, 'Man': 91.0131573677063}",Man,
id93_2454.jpg,32.0,"{'Woman': 53.09886932373047, 'Man': 46.90113067626953}",Woman,
id21_342.jpg,32.0,"{'Woman': 2.4889953434467316, 'Man': 97.51099944114685}",Man,
id57_1522.jpg,38.0,"{'Woman': 1.7407402396202087, 'Man': 98.25925827026367}",Man,
id79_2069.jpg,29.0,"{'Woman': 16.935227811336517, 'Man': 83.06477069854736}",Man,
id25_471.jpg,30.0,"{'Woman': 5.930802598595619, 'Man': 94.06920075416565}",Man,
id48_1186.jpg,39.0,"{'Woman': 2.4373285472393036, 'Man': 97.56267070770264}",Man,
id5_63.jpg,35.0,"{'Woman': 7.340345531702042, 'Man': 92.65965223312378}",Man,
id94_2447.jpg,34.0,"{'Woman': 14.847180247306824, 'Man': 85.15282273292542}",Man,
id65_1867.jpg,31.0,"{'Woman': 23.87179434299469, 'Man': 76.12820267677307}",Man,
id121_3318.jpg,,,,'tuple' object has no attribute 'shape'
id51_1339.jpg,25.0,"{'Woman': 15.201149880886078, 'Man': 84.79885458946228}",Man,
id3_144.jpg,25.0,"{'Woman': 48.65531921386719, 'Man': 51.34468078613281}",Man,
id5_130.jpg,31.0,"{'Woman': 5.7212114334106445, 'Man': 94.27878856658936}",Man,
id5_55.jpg,28.0,"{'Woman': 10.07922887802124, 'Man': 89.92077112197876}",Man,
id116_3105.jpg,26.0,"{'Woman': 8.447082340717316, 'Man': 91.55291318893433}",Man,
id79_2011.jpg,,,,'tuple' object has no attribute 'shape'
id121_3168.jpg,29.0,"{'Woman': 20.2721506357193, 'Man': 79.72785234451294}",Man,
id45_1089.jpg,,,,'tuple' object has no attribute 'shape'
id78_2155.jpg,29.0,"{'Woman': 2.7074113488197327, 'Man': 97.29259014129639}",Man,
id72_1878.jpg,31.0,"{'Woman': 9.080124646425247, 'Man': 90.91987609863281}",Man,
id48_1163.jpg,39.0,"{'Woman': 0.5799303762614727, 'Man': 99.42007064819336}",Man,
id54_1559.jpg,32.0,"{'Woman': 3.952016681432724, 'Man': 96.04798555374146}",Man,
id77_2069.jpg,26.0,"{'Woman': 1.1564595624804497, 'Man': 98.84353876113892}",Man,
id78_2119.jpg,26.0,"{'Woman': 1.549207977950573, 'Man': 98.45079183578491}",Man,
id72_1907.jpg,24.0,"{'Woman': 3.239205479621887, 'Man': 96.76079154014587}",Man,
id10_156.jpg,24.0,"{'Woman': 9.244001656770706, 'Man': 90.75599908828735}",Man,
id122_3177.jpg,32.0,"{'Woman': 77.9715359210968, 'Man': 22.0284640789032}",Woman,
id83_2172.jpg,26.0,"{'Woman': 7.604726403951645, 'Man': 92.39527583122253}",Man,
id102_2624.jpg,31.0,"{'Woman': 3.5803478211164474, 'Man': 96.4196503162384}",Man,
id18_781.jpg,26.0,"{'Woman': 14.330603182315826, 'Man': 85.6693983078003}",Man,
id63_1780.jpg,33.0,"{'Woman': 12.562428414821625, 'Man': 87.43756413459778}",Man,
id63_1688.jpg,30.0,"{'Woman': 7.454817742109299, 'Man': 92.54518151283264}",Man,
id78_2168.jpg,29.0,"{'Woman': 11.91849634051323, 'Man': 88.08150887489319}",Man,
id46_1255.jpg,30.0,"{'Woman': 21.095070242881775, 'Man': 78.90493273735046}",Man,
id18_730.jpg,33.0,"{'Woman': 6.168343499302864, 'Man': 93.83165240287781}",Man,
id85_2192.jpg,25.0,"{'Woman': 2.888873405754566, 'Man': 97.11112976074219}",Man,
id36_1837.jpg,,,,'tuple' object has no attribute 'shape'
id18_582.jpg,34.0,"{'Woman': 26.08066201210022, 'Man': 73.91933798789978}",Man,
id54_1483.jpg,32.0,"{'Woman': 2.7613896876573563, 'Man': 97.2386121749878}",Man,
id94_2442.jpg,27.0,"{'Woman': 8.069989085197449, 'Man': 91.93001389503479}",Man,
id41_1410.jpg,37.0,"{'Woman': 17.08301454782486, 'Man': 82.91698694229126}",Man,
id84_2231.jpg,36.0,"{'Woman': 6.0774896293878555, 'Man': 93.92250776290894}",Man,
id24_377.jpg,28.0,"{'Woman': 2.9786141589283943, 'Man': 97.02138900756836}",Man,
id36_1413.jpg,33.0,"{'Woman': 34.40546691417694, 'Man': 65.59453010559082}",Man,
id42_1156.jpg,28.0,"{'Woman': 4.160907119512558, 'Man': 95.83909511566162}",Man,
id37_863.jpg,,,,'tuple' object has no attribute 'shape'
id36_955.jpg,35.0,"{'Woman': 11.11738383769989, 'Man': 88.88261914253235}",Man,
id36_970.jpg,41.0,"{'Woman': 20.83553373813629, 'Man': 79.16446328163147}",Man,
id27_402.jpg,31.0,"{'Woman': 24.171602725982666, 'Man': 75.82839727401733}",Man,
id42_1105.jpg,28.0,"{'Woman': 1.6105201095342636, 'Man': 98.38947653770447}",Man,
id27_407.jpg,32.0,"{'Woman': 17.078444361686707, 'Man': 82.92155265808105}",Man,
id18_741.jpg,,,,'tuple' object has no attribute 'shape'
id37_879.jpg,35.0,"{'Woman': 61.10084652900696, 'Man': 38.89915347099304}",Woman,
id47_1386.jpg,27.0,"{'Woman': 17.557251453399658, 'Man': 82.44274854660034}",Man,
id90_2425.jpg,33.0,"{'Woman': 5.50701804459095, 'Man': 94.4929838180542}",Man,
id65_1862.jpg,35.0,"{'Woman': 21.59338742494583, 'Man': 78.40662002563477}",Man,
id108_2778.jpg,27.0,"{'Woman': 16.406431794166565, 'Man': 83.59357118606567}",Man,
id77_2083.jpg,33.0,"{'Woman': 2.2991128265857697, 'Man': 97.70088791847229}",Man,
id18_742.jpg,,,,'tuple' object has no attribute 'shape'
id36_1354.jpg,36.0,"{'Woman': 52.03161835670471, 'Man': 47.96838462352753}",Woman,
id42_1103.jpg,31.0,"{'Woman': 2.2060073912143707, 'Man': 97.79399037361145}",Man,
id28_394.jpg,29.0,"{'Woman': 7.9508960247039795, 'Man': 92.04910397529602}",Man,
id42_945.jpg,36.0,"{'Woman': 7.050212472677231, 'Man': 92.94978976249695}",Man,
id90_2388.jpg,36.0,"{'Woman': 7.72925391793251, 'Man': 92.27074980735779}",Man,
id37_886.jpg,33.0,"{'Woman': 92.78661608695984, 'Man': 7.213383913040161}",Woman,
id119_3249.jpg,30.0,"{'Woman': 5.563514307141304, 'Man': 94.4364845752716}",Man,
id117_3045.jpg,32.0,"{'Woman': 6.670541316270828, 'Man': 93.32946538925171}",Man,
id49_1317.jpg,25.0,"{'Woman': 38.562941551208496, 'Man': 61.43706440925598}",Man,
id36_1362.jpg,33.0,"{'Woman': 86.1467957496643, 'Man': 13.853202760219574}",Woman,
id3_148.jpg,25.0,"{'Woman': 54.54719662666321, 'Man': 45.45280337333679}",Woman,
id31_516.jpg,28.0,"{'Woman': 4.319021105766296, 'Man': 95.68098187446594}",Man,
id7_147.jpg,33.0,"{'Woman': 11.757557094097137, 'Man': 88.24244141578674}",Man,
id105_2752.jpg,29.0,"{'Woman': 5.297878384590149, 'Man': 94.70212459564209}",Man,
id34_775.jpg,26.0,"{'Woman': 14.804890751838684, 'Man': 85.19511222839355}",Man,
id62_1735.jpg,28.0,"{'Woman': 14.92605060338974, 'Man': 85.07394790649414}",Man,
id69_1932.jpg,31.0,"{'Woman': 2.401443012058735, 'Man': 97.5985586643219}",Man,
id79_2087.jpg,30.0,"{'Woman': 7.414879649877548, 'Man': 92.58511662483215}",Man,
id117_3010.jpg,27.0,"{'Woman': 1.698429137468338, 'Man': 98.30157160758972}",Man,
id45_1134.jpg,28.0,"{'Woman': 4.8071786761283875, 'Man': 95.19281387329102}",Man,
id44_1073.jpg,36.0,"{'Woman': 2.5265008211135864, 'Man': 97.47349619865417}",Man,
id103_2759.jpg,33.0,"{'Woman': 15.868787467479706, 'Man': 84.13121104240417}",Man,
id16_247.jpg,33.0,"{'Woman': 17.483912408351898, 'Man': 82.51609206199646}",Man,
id115_3008.jpg,,,,'tuple' object has no attribute 'shape'
id77_2141.jpg,24.0,"{'Woman': 5.055410787463188, 'Man': 94.9445903301239}",Man,
id108_2771.jpg,29.0,"{'Woman': 5.902567505836487, 'Man': 94.09742951393127}",Man,
id3_145.jpg,24.0,"{'Woman': 72.07236289978027, 'Man': 27.927637100219727}",Woman,
id45_1105.jpg,30.0,"{'Woman': 3.2889317721128464, 'Man': 96.71106934547424}",Man,
id25_391.jpg,27.0,"{'Woman': 67.19812154769897, 'Man': 32.8018844127655}",Woman,
id42_1147.jpg,27.0,"{'Woman': 34.816887974739075, 'Man': 65.18311500549316}",Man,
id60_1593.jpg,28.0,"{'Woman': 4.213904961943626, 'Man': 95.78609466552734}",Man,
id84_2191.jpg,30.0,"{'Woman': 13.354918360710144, 'Man': 86.6450846195221}",Man,
id105_2761.jpg,31.0,"{'Woman': 16.38907641172409, 'Man': 83.61092209815979}",Man,
id42_1144.jpg,31.0,"{'Woman': 1.4052786864340305, 'Man': 98.59471321105957}",Man,
id36_992.jpg,31.0,"{'Woman': 6.993354856967926, 'Man': 93.0066466331482}",Man,
id18_567.jpg,29.0,"{'Woman': 24.587884545326233, 'Man': 75.412118434906}",Man,
id115_2896.jpg,28.0,"{'Woman': 10.81557646393776, 'Man': 89.18442130088806}",Man,
id48_1205.jpg,35.0,"{'Woman': 2.487928792834282, 'Man': 97.51207828521729}",Man,
id26_419.jpg,28.0,"{'Woman': 15.137095749378204, 'Man': 84.86290574073792}",Man,
id37_884.jpg,33.0,"{'Woman': 86.23834252357483, 'Man': 13.76165896654129}",Woman,
id43_1253.jpg,27.0,"{'Woman': 10.21890640258789, 'Man': 89.78108763694763}",Man,
id36_969.jpg,,,,'tuple' object has no attribute 'shape'
id1_153.jpg,28.0,"{'Woman': 18.424643576145172, 'Man': 81.57535791397095}",Man,
id81_2151.jpg,28.0,"{'Woman': 3.999626636505127, 'Man': 96.00037932395935}",Man,
id47_1121.jpg,32.0,"{'Woman': 14.201344549655914, 'Man': 85.79865097999573}",Man,
id115_3020.jpg,27.0,"{'Woman': 9.96343269944191, 'Man': 90.03656506538391}",Man,
id7_107.jpg,27.0,"{'Woman': 22.27432131767273, 'Man': 77.72568464279175}",Man,
id91_2416.jpg,31.0,"{'Woman': 20.277105271816254, 'Man': 79.72289323806763}",Man,
id25_595.jpg,26.0,"{'Woman': 35.187602043151855, 'Man': 64.81239795684814}",Man,
id42_1054.jpg,32.0,"{'Woman': 17.367036640644073, 'Man': 82.63296484947205}",Man,
id41_1328.jpg,26.0,"{'Woman': 8.307889103889465, 'Man': 91.69211387634277}",Man,
id121_3272.jpg,24.0,"{'Woman': 3.2304834574460983, 'Man': 96.76951766014099}",Man,
id8_113.jpg,25.0,"{'Woman': 14.658235013484955, 'Man': 85.34176349639893}",Man,
id91_2439.jpg,,,,'tuple' object has no attribute 'shape'
id94_2444.jpg,29.0,"{'Woman': 18.173743784427643, 'Man': 81.826251745224}",Man,
id3_86.jpg,26.0,"{'Woman': 8.63431841135025, 'Man': 91.36567711830139}",Man,
id93_2465.jpg,37.0,"{'Woman': 17.10909754037857, 'Man': 82.89089798927307}",Man,
id105_2855.jpg,26.0,"{'Woman': 19.43046599626541, 'Man': 80.56952953338623}",Man,
id42_1012.jpg,39.0,"{'Woman': 6.611389666795731, 'Man': 93.3886170387268}",Man,
id79_2170.jpg,34.0,"{'Woman': 4.548754170536995, 'Man': 95.45124769210815}",Man,
id20_295.jpg,32.0,"{'Woman': 4.569440707564354, 'Man': 95.4305648803711}",Man,
id133_3322.jpg,37.0,"{'Woman': 32.704100012779236, 'Man': 67.29589700698853}",Man,
id70_2049.jpg,32.0,"{'Woman': 12.495885044336319, 'Man': 87.5041127204895}",Man,
id83_2307.jpg,32.0,"{'Woman': 28.149548172950745, 'Man': 71.8504548072815}",Man,
id38_908.jpg,31.0,"{'Woman': 20.15482485294342, 'Man': 79.84517812728882}",Man,
id16_268.jpg,,,,'tuple' object has no attribute 'shape'
id36_1347.jpg,36.0,"{'Woman': 46.8280166387558, 'Man': 53.17198634147644}",Man,
id46_1199.jpg,33.0,"{'Woman': 15.62086045742035, 'Man': 84.37914252281189}",Man,
id93_2481.jpg,33.0,"{'Woman': 93.37078928947449, 'Man': 6.629212945699692}",Woman,
id106_2872.jpg,25.0,"{'Woman': 7.759565860033035, 'Man': 92.24043488502502}",Man,
id79_2183.jpg,32.0,"{'Woman': 9.247776120901108, 'Man': 90.7522201538086}",Man,
id36_972.jpg,32.0,"{'Woman': 35.42431592941284, 'Man': 64.57569003105164}",Man,
id101_2584.jpg,27.0,"{'Woman': 14.828826487064362, 'Man': 85.17117500305176}",Man,
id41_1220.jpg,27.0,"{'Woman': 45.62613070011139, 'Man': 54.37387824058533}",Man,
id31_689.jpg,28.0,"{'Woman': 2.1038569509983063, 'Man': 97.89614677429199}",Man,
id18_371.jpg,29.0,"{'Woman': 1.458770502358675, 'Man': 98.54122996330261}",Man,
id41_1396.jpg,35.0,"{'Woman': 45.54911553859711, 'Man': 54.450881481170654}",Man,
id1_9.jpg,28.0,"{'Woman': 4.230928421020508, 'Man': 95.76906561851501}",Man,
id46_1252.jpg,31.0,"{'Woman': 24.210739135742188, 'Man': 75.78926086425781}",Man,
id7_140.jpg,29.0,"{'Woman': 12.783148884773254, 'Man': 87.2168481349945}",Man,
id92_2408.jpg,35.0,"{'Woman': 16.129736602306366, 'Man': 83.87026190757751}",Man,
id24_356.jpg,24.0,"{'Woman': 11.529893428087234, 'Man': 88.47010731697083}",Man,
id127_3241.jpg,30.0,"{'Woman': 75.97147822380066, 'Man': 24.028517305850983}",Woman,
id59_1530.jpg,,,,'tuple' object has no attribute 'shape'
id18_543.jpg,29.0,"{'Woman': 39.08801078796387, 'Man': 60.91198921203613}",Man,
id47_1264.jpg,25.0,"{'Woman': 18.24512630701065, 'Man': 81.75486922264099}",Man,
id77_2126.jpg,26.0,"{'Woman': 6.371673941612244, 'Man': 93.62832307815552}",Man,
id36_928.jpg,34.0,"{'Woman': 7.982141524553299, 'Man': 92.01786518096924}",Man,
id24_491.jpg,29.0,"{'Woman': 16.635753214359283, 'Man': 83.36424231529236}",Man,
id41_1089.jpg,,,,'tuple' object has no attribute 'shape'
id23_325.jpg,24.0,"{'Woman': 1.1600368656218052, 'Man': 98.83996248245239}",Man,
id62_1704.jpg,34.0,"{'Woman': 8.677837997674942, 'Man': 91.32215976715088}",Man,
id83_2153.jpg,28.0,"{'Woman': 30.6513249874115, 'Man': 69.3486750125885}",Man,
id39_882.jpg,34.0,"{'Woman': 9.165582060813904, 'Man': 90.83442091941833}",Man,
id125_3236.jpg,29.0,"{'Woman': 24.964238703250885, 'Man': 75.03576278686523}",Man,
id21_319.jpg,28.0,"{'Woman': 2.572060748934746, 'Man': 97.42794036865234}",Man,
id18_484.jpg,27.0,"{'Woman': 3.0693145468831062, 'Man': 96.93068265914917}",Man,
id18_556.jpg,25.0,"{'Woman': 6.744725257158279, 'Man': 93.25528144836426}",Man,
id25_416.jpg,31.0,"{'Woman': 10.69667786359787, 'Man': 89.30331468582153}",Man,
id83_2215.jpg,31.0,"{'Woman': 41.64903461933136, 'Man': 58.35096836090088}",Man,
id62_1645.jpg,30.0,"{'Woman': 9.555770456790924, 'Man': 90.44422507286072}",Man,
id65_1845.jpg,30.0,"{'Woman': 4.135614261031151, 'Man': 95.86438536643982}",Man,
id49_1236.jpg,29.0,"{'Woman': 3.4115351736545563, 'Man': 96.58846855163574}",Man,
id40_989.jpg,22.0,"{'Woman': 13.264331221580505, 'Man': 86.73566579818726}",Man,
id115_3186.jpg,26.0,"{'Woman': 14.284315705299377, 'Man': 85.71568131446838}",Man,
id5_38.jpg,33.0,"{'Woman': 2.0646441727876663, 'Man': 97.93535470962524}",Man,
id93_2497.jpg,33.0,"{'Woman': 30.017340183258057, 'Man': 69.98265385627747}",Man,
id41_976.jpg,,,,'tuple' object has no attribute 'shape'
id36_1415.jpg,36.0,"{'Woman': 52.85915732383728, 'Man': 47.14084267616272}",Woman,
id59_1643.jpg,35.0,"{'Woman': 46.97887599468231, 'Man': 53.02112102508545}",Man,
id121_3287.jpg,25.0,"{'Woman': 17.525772750377655, 'Man': 82.47422575950623}",Man,
id108_2705.jpg,35.0,"{'Woman': 9.23101231455803, 'Man': 90.76898097991943}",Man,
id103_2741.jpg,35.0,"{'Woman': 13.89254629611969, 'Man': 86.10745668411255}",Man,
id109_2705.jpg,,,,'tuple' object has no attribute 'shape'
id36_1333.jpg,35.0,"{'Woman': 19.52822506427765, 'Man': 80.47177791595459}",Man,
id44_1076.jpg,28.0,"{'Woman': 7.446657121181488, 'Man': 92.55334138870239}",Man,
id3_30.jpg,27.0,"{'Woman': 4.664734750986099, 'Man': 95.33526301383972}",Man,
id55_1528.jpg,33.0,"{'Woman': 2.239910326898098, 'Man': 97.76009321212769}",Man,
id61_1665.jpg,29.0,"{'Woman': 22.961319983005524, 'Man': 77.0386815071106}",Man,
id60_1609.jpg,27.0,"{'Woman': 5.269528552889824, 'Man': 94.73047256469727}",Man,
id55_1538.jpg,31.0,"{'Woman': 2.0699692890048027, 'Man': 97.9300320148468}",Man,
id63_1786.jpg,24.0,"{'Woman': 8.323361724615097, 'Man': 91.67664051055908}",Man,
id42_1069.jpg,28.0,"{'Woman': 2.627219259738922, 'Man': 97.37278819084167}",Man,
id103_2642.jpg,36.0,"{'Woman': 14.185848832130432, 'Man': 85.8141541481018}",Man,
id119_3131.jpg,33.0,"{'Woman': 37.55418360233307, 'Man': 62.44581341743469}",Man,
id77_2013.jpg,25.0,"{'Woman': 0.6034480407834053, 'Man': 99.39655661582947}",Man,
id42_1042.jpg,33.0,"{'Woman': 9.716463834047318, 'Man': 90.28353691101074}",Man,
id77_2144.jpg,26.0,"{'Woman': 4.584160819649696, 'Man': 95.41583061218262}",Man,
id105_2857.jpg,31.0,"{'Woman': 41.14373326301575, 'Man': 58.85626673698425}",Man,
id70_1845.jpg,31.0,"{'Woman': 59.18745994567871, 'Man': 40.81254303455353}",Woman,
id77_2147.jpg,26.0,"{'Woman': 3.4023385494947433, 'Man': 96.59766554832458}",Man,
id115_2866.jpg,33.0,"{'Woman': 21.171000599861145, 'Man': 78.8290023803711}",Man,
id109_2711.jpg,28.0,"{'Woman': 4.618363454937935, 'Man': 95.38163542747498}",Man,
id110_2762.jpg,34.0,"{'Woman': 0.9960070252418518, 'Man': 99.00398850440979}",Man,
id6_77.jpg,26.0,"{'Woman': 12.853793799877167, 'Man': 87.14620471000671}",Man,
id8_121.jpg,31.0,"{'Woman': 45.66969871520996, 'Man': 54.33030724525452}",Man,
id106_2666.jpg,24.0,"{'Woman': 5.1002271473407745, 'Man': 94.89977955818176}",Man,
id54_1575.jpg,23.0,"{'Woman': 1.4226638711988926, 'Man': 98.57733845710754}",Man,
id41_939.jpg,28.0,"{'Woman': 29.796278476715088, 'Man': 70.20372152328491}",Man,
id18_723.jpg,31.0,"{'Woman': 3.1385328620672226, 'Man': 96.86146974563599}",Man,
id5_127.jpg,31.0,"{'Woman': 10.271196812391281, 'Man': 89.72880840301514}",Man,
id36_1322.jpg,34.0,"{'Woman': 52.695006132125854, 'Man': 47.30498790740967}",Woman,
id34_796.jpg,34.0,"{'Woman': 1.0495640337467194, 'Man': 98.9504337310791}",Man,
id45_1079.jpg,,,,'tuple' object has no attribute 'shape'
id36_1424.jpg,29.0,"{'Woman': 17.148932814598083, 'Man': 82.85107016563416}",Man,
id121_3161.jpg,29.0,"{'Woman': 34.095221757888794, 'Man': 65.9047782421112}",Man,
id18_672.jpg,30.0,"{'Woman': 15.03249853849411, 'Man': 84.96750593185425}",Man,
id11_180.jpg,28.0,"{'Woman': 6.364455074071884, 'Man': 93.63554120063782}",Man,
id42_1063.jpg,37.0,"{'Woman': 19.29316818714142, 'Man': 80.70682883262634}",Man,
id25_499.jpg,31.0,"{'Woman': 40.57433605194092, 'Man': 59.425657987594604}",Man,
id2_26.jpg,,,,'tuple' object has no attribute 'shape'
id41_1484.jpg,30.0,"{'Woman': 97.98373579978943, 'Man': 2.0162658765912056}",Woman,
id121_3243.jpg,26.0,"{'Woman': 11.036182940006256, 'Man': 88.96381258964539}",Man,
id94_2459.jpg,25.0,"{'Woman': 15.487617254257202, 'Man': 84.5123827457428}",Man,
id1_18.jpg,31.0,"{'Woman': 1.3719331473112106, 'Man': 98.62806797027588}",Man,
id79_2035.jpg,27.0,"{'Woman': 10.452112555503845, 'Man': 89.5478904247284}",Man,
id102_2679.jpg,29.0,"{'Woman': 10.441417247056961, 'Man': 89.55858945846558}",Man,
id59_1565.jpg,,,,'tuple' object has no attribute 'shape'
id79_2040.jpg,30.0,"{'Woman': 10.518711805343628, 'Man': 89.48129415512085}",Man,
id115_3147.jpg,24.0,"{'Woman': 28.232693672180176, 'Man': 71.76730632781982}",Man,
id37_877.jpg,34.0,"{'Woman': 71.90381288528442, 'Man': 28.096184134483337}",Woman,
id18_452.jpg,25.0,"{'Woman': 10.096123814582825, 'Man': 89.90387916564941}",Man,
id35_761.jpg,,,,'tuple' object has no attribute 'shape'
id59_1638.jpg,35.0,"{'Woman': 77.37389206886292, 'Man': 22.626109421253204}",Woman,
id115_2908.jpg,33.0,"{'Woman': 5.9996098279953, 'Man': 94.00039315223694}",Man,
id43_1244.jpg,33.0,"{'Woman': 8.627907931804657, 'Man': 91.3720965385437}",Man,
id121_3299.jpg,30.0,"{'Woman': 5.304903164505959, 'Man': 94.69509720802307}",Man,
id90_2452.jpg,28.0,"{'Woman': 8.981970697641373, 'Man': 91.01803302764893}",Man,
id63_1734.jpg,26.0,"{'Woman': 8.480861783027649, 'Man': 91.51914119720459}",Man,
id77_2122.jpg,25.0,"{'Woman': 4.41465899348259, 'Man': 95.58534622192383}",Man,
id124_3255.jpg,,,,'tuple' object has no attribute 'shape'
id90_2582.jpg,27.0,"{'Woman': 4.704821482300758, 'Man': 95.29517889022827}",Man,
id40_1031.jpg,25.0,"{'Woman': 23.07005673646927, 'Man': 76.92994475364685}",Man,
id5_122.jpg,29.0,"{'Woman': 8.013490587472916, 'Man': 91.98651313781738}",Man,
id106_2684.jpg,26.0,"{'Woman': 6.049306690692902, 'Man': 93.9507007598877}",Man,
id36_997.jpg,32.0,"{'Woman': 15.158292651176453, 'Man': 84.84170436859131}",Man,
id59_1591.jpg,39.0,"{'Woman': 29.385194182395935, 'Man': 70.61480283737183}",Man,
id47_1223.jpg,36.0,"{'Woman': 15.411441028118134, 'Man': 84.58856344223022}",Man,
id108_2779.jpg,25.0,"{'Woman': 17.52500683069229, 'Man': 82.47498869895935}",Man,
id36_1122.jpg,30.0,"{'Woman': 19.464212656021118, 'Man': 80.5357813835144}",Man,
id25_568.jpg,25.0,"{'Woman': 1.2770147994160652, 'Man': 98.72298836708069}",Man,
id62_1710.jpg,28.0,"{'Woman': 5.490612983703613, 'Man': 94.50938701629639}",Man,
id25_381.jpg,30.0,"{'Woman': 84.5054566860199, 'Man': 15.494541823863983}",Woman,
id45_1074.jpg,,,,'tuple' object has no attribute 'shape'
id18_598.jpg,34.0,"{'Woman': 12.920472025871277, 'Man': 87.07953095436096}",Man,
id61_1611.jpg,33.0,"{'Woman': 12.361697852611542, 'Man': 87.63830661773682}",Man,
id41_1487.jpg,27.0,"{'Woman': 25.205054879188538, 'Man': 74.7949481010437}",Man,
id23_331.jpg,26.0,"{'Woman': 0.8130889385938644, 'Man': 99.18690919876099}",Man,
id1_238.jpg,31.0,"{'Woman': 71.74956798553467, 'Man': 28.250426054000854}",Woman,
id3_91.jpg,27.0,"{'Woman': 3.4528564661741257, 'Man': 96.54714465141296}",Man,
id119_3220.jpg,31.0,"{'Woman': 42.56105720996857, 'Man': 57.43894577026367}",Man,
id25_408.jpg,27.0,"{'Woman': 24.98093843460083, 'Man': 75.01906156539917}",Man,
id94_2660.jpg,32.0,"{'Woman': 1.468981709331274, 'Man': 98.53101968765259}",Man,
id1_248.jpg,23.0,"{'Woman': 86.56317591667175, 'Man': 13.436827063560486}",Woman,
id70_1871.jpg,34.0,"{'Woman': 19.787108898162842, 'Man': 80.21289110183716}",Man,
id43_1199.jpg,31.0,"{'Woman': 9.793250262737274, 'Man': 90.2067482471466}",Man,
id5_84.jpg,27.0,"{'Woman': 13.31695020198822, 'Man': 86.68304681777954}",Man,
id34_763.jpg,32.0,"{'Woman': 6.097343936562538, 'Man': 93.90265941619873}",Man,
id24_504.jpg,29.0,"{'Woman': 2.334236539900303, 'Man': 97.66576290130615}",Man,
id5_93.jpg,32.0,"{'Woman': 9.447900205850601, 'Man': 90.55209755897522}",Man,
id25_456.jpg,,,,'tuple' object has no attribute 'shape'
id27_503.jpg,25.0,"{'Woman': 2.068595588207245, 'Man': 97.93140292167664}",Man,
id49_1251.jpg,31.0,"{'Woman': 1.5557319857180119, 'Man': 98.444265127182}",Man,
id63_1660.jpg,33.0,"{'Woman': 13.946998119354248, 'Man': 86.05299592018127}",Man,
id18_663.jpg,34.0,"{'Woman': 57.20941424369812, 'Man': 42.79058575630188}",Woman,
id119_3174.jpg,28.0,"{'Woman': 4.710907861590385, 'Man': 95.28909921646118}",Man,
id117_3008.jpg,28.0,"{'Woman': 2.6459313929080963, 'Man': 97.3540723323822}",Man,
id1_177.jpg,27.0,"{'Woman': 93.46776008605957, 'Man': 6.532245874404907}",Woman,
id30_477.jpg,29.0,"{'Woman': 13.066259026527405, 'Man': 86.93374395370483}",Man,
id42_977.jpg,32.0,"{'Woman': 8.488594740629196, 'Man': 91.51140451431274}",Man,
id117_3042.jpg,40.0,"{'Woman': 6.239519268274307, 'Man': 93.76048445701599}",Man,
id5_94.jpg,32.0,"{'Woman': 15.525566041469574, 'Man': 84.47443842887878}",Man,
id90_2370.jpg,31.0,"{'Woman': 40.99092781543732, 'Man': 59.009069204330444}",Man,
id105_2845.jpg,32.0,"{'Woman': 6.670196354389191, 'Man': 93.32980513572693}",Man,
id19_303.jpg,35.0,"{'Woman': 11.918983608484268, 'Man': 88.08102011680603}",Man,
id5_153.jpg,26.0,"{'Woman': 15.270213782787323, 'Man': 84.72978472709656}",Man,
id78_2127.jpg,26.0,"{'Woman': 6.280484050512314, 'Man': 93.71951818466187}",Man,
id42_1131.jpg,30.0,"{'Woman': 9.856094419956207, 'Man': 90.14390707015991}",Man,
id115_2966.jpg,,,,'tuple' object has no attribute 'shape'
id50_1417.jpg,32.0,"{'Woman': 6.649991869926453, 'Man': 93.35000514984131}",Man,
id119_3145.jpg,23.0,"{'Woman': 8.868493139743805, 'Man': 91.13150835037231}",Man,
id91_2407.jpg,36.0,"{'Woman': 10.6675386428833, 'Man': 89.33245539665222}",Man,
id27_532.jpg,32.0,"{'Woman': 90.38289189338684, 'Man': 9.617112576961517}",Woman,
id122_3193.jpg,31.0,"{'Woman': 31.709328293800354, 'Man': 68.29067468643188}",Man,
id18_373.jpg,26.0,"{'Woman': 3.755410760641098, 'Man': 96.2445855140686}",Man,
id41_1319.jpg,26.0,"{'Woman': 30.66660463809967, 'Man': 69.33339834213257}",Man,
id25_378.jpg,36.0,"{'Woman': 68.98282766342163, 'Man': 31.01717233657837}",Woman,
id18_591.jpg,31.0,"{'Woman': 30.43050765991211, 'Man': 69.56948637962341}",Man,
id72_1901.jpg,29.0,"{'Woman': 6.271225214004517, 'Man': 93.72877478599548}",Man,
id18_403.jpg,26.0,"{'Woman': 8.562389761209488, 'Man': 91.43760800361633}",Man,
id115_3006.jpg,,,,'tuple' object has no attribute 'shape'
id25_521.jpg,30.0,"{'Woman': 49.43818747997284, 'Man': 50.5618155002594}",Man,
id15_291.jpg,35.0,"{'Woman': 9.62420403957367, 'Man': 90.37579298019409}",Man,
id45_1093.jpg,31.0,"{'Woman': 0.8219234645366669, 'Man': 99.17808175086975}",Man,
id45_1110.jpg,26.0,"{'Woman': 5.5644892156124115, 'Man': 94.43550705909729}",Man,
id47_1235.jpg,34.0,"{'Woman': 8.351492136716843, 'Man': 91.6485071182251}",Man,
id108_2770.jpg,33.0,"{'Woman': 2.3580141365528107, 'Man': 97.64199256896973}",Man,
id41_947.jpg,28.0,"{'Woman': 43.04804801940918, 'Man': 56.95195198059082}",Man,
id27_434.jpg,34.0,"{'Woman': 1.8633591011166573, 'Man': 98.13663959503174}",Man,
id40_1059.jpg,28.0,"{'Woman': 50.429314374923706, 'Man': 49.57068860530853}",Woman,
id92_2409.jpg,35.0,"{'Woman': 16.129736602306366, 'Man': 83.87026190757751}",Man,
id18_635.jpg,34.0,"{'Woman': 32.31333792209625, 'Man': 67.68665909767151}",Man,
id105_2757.jpg,32.0,"{'Woman': 10.350313037633896, 'Man': 89.6496832370758}",Man,
id65_1735.jpg,37.0,"{'Woman': 10.241665691137314, 'Man': 89.75834250450134}",Man,
id18_657.jpg,32.0,"{'Woman': 22.08145409822464, 'Man': 77.91854739189148}",Man,
id83_2320.jpg,27.0,"{'Woman': 20.591846108436584, 'Man': 79.40815091133118}",Man,
id79_2075.jpg,28.0,"{'Woman': 6.843290477991104, 'Man': 93.15670728683472}",Man,
id40_1029.jpg,25.0,"{'Woman': 23.07005673646927, 'Man': 76.92994475364685}",Man,
id37_880.jpg,35.0,"{'Woman': 61.10084652900696, 'Man': 38.89915347099304}",Woman,
id77_2066.jpg,32.0,"{'Woman': 2.5742022320628166, 'Man': 97.42580056190491}",Man,
id78_2157.jpg,27.0,"{'Woman': 4.504362121224403, 'Man': 95.49563527107239}",Man,
id61_1615.jpg,33.0,"{'Woman': 12.30611577630043, 'Man': 87.69388794898987}",Man,
id106_2662.jpg,26.0,"{'Woman': 7.6009780168533325, 'Man': 92.3990249633789}",Man,
id45_1061.jpg,30.0,"{'Woman': 6.204554438591003, 'Man': 93.79544854164124}",Man,
id48_1158.jpg,,,,'tuple' object has no attribute 'shape'
id65_1777.jpg,31.0,"{'Woman': 6.237993389368057, 'Man': 93.76200437545776}",Man,
id5_124.jpg,30.0,"{'Woman': 12.409813702106476, 'Man': 87.59018182754517}",Man,
id60_1569.jpg,29.0,"{'Woman': 1.3055255636572838, 'Man': 98.69447350502014}",Man,
id25_535.jpg,29.0,"{'Woman': 28.941598534584045, 'Man': 71.0584044456482}",Man,
id1_250.jpg,25.0,"{'Woman': 25.31895637512207, 'Man': 74.68104362487793}",Man,
id126_3215.jpg,,,,'tuple' object has no attribute 'shape'
id121_3265.jpg,26.0,"{'Woman': 6.9069042801856995, 'Man': 93.09309720993042}",Man,
id2_64.jpg,28.0,"{'Woman': 6.943763047456741, 'Man': 93.05623173713684}",Man,
id121_3259.jpg,26.0,"{'Woman': 5.422574654221535, 'Man': 94.5774257183075}",Man,
id46_1377.jpg,26.0,"{'Woman': 11.034458130598068, 'Man': 88.96554112434387}",Man,
id115_2888.jpg,31.0,"{'Woman': 11.336363852024078, 'Man': 88.66363167762756}",Man,
id36_965.jpg,,,,'tuple' object has no attribute 'shape'
id113_2963.jpg,,,,'tuple' object has no attribute 'shape'
id1_194.jpg,25.0,"{'Woman': 67.73322224617004, 'Man': 32.266777753829956}",Woman,
id83_2158.jpg,34.0,"{'Woman': 4.911883920431137, 'Man': 95.08811831474304}",Man,
id42_944.jpg,36.0,"{'Woman': 6.7150793969631195, 'Man': 93.28491687774658}",Man,
id109_2695.jpg,29.0,"{'Woman': 13.944372534751892, 'Man': 86.05563044548035}",Man,
id91_2427.jpg,,,,'tuple' object has no attribute 'shape'
id44_1015.jpg,27.0,"{'Woman': 5.857686325907707, 'Man': 94.14231181144714}",Man,
id48_1187.jpg,39.0,"{'Woman': 2.4373285472393036, 'Man': 97.56267070770264}",Man,
id55_1533.jpg,31.0,"{'Woman': 2.131912298500538, 'Man': 97.86807894706726}",Man,
id26_381.jpg,23.0,"{'Woman': 0.6474127061665058, 'Man': 99.35258626937866}",Man,
id47_1150.jpg,32.0,"{'Woman': 5.195595324039459, 'Man': 94.80440020561218}",Man,
id41_1469.jpg,28.0,"{'Woman': 97.89270758628845, 'Man': 2.1072905510663986}",Woman,
id25_457.jpg,,,,'tuple' object has no attribute 'shape'
id20_371.jpg,28.0,"{'Woman': 7.412146031856537, 'Man': 92.58785843849182}",Man,
id77_2145.jpg,24.0,"{'Woman': 4.213171824812889, 'Man': 95.78682780265808}",Man,
id27_467.jpg,29.0,"{'Woman': 4.745101556181908, 'Man': 95.25489211082458}",Man,
id46_1311.jpg,36.0,"{'Woman': 35.71621477603912, 'Man': 64.28378224372864}",Man,
id59_1587.jpg,31.0,"{'Woman': 69.60166096687317, 'Man': 30.39834201335907}",Woman,
id101_2582.jpg,31.0,"{'Woman': 34.12112593650818, 'Man': 65.8788800239563}",Man,
id11_197.jpg,26.0,"{'Woman': 9.790929406881332, 'Man': 90.20906686782837}",Man,
id38_910.jpg,34.0,"{'Woman': 8.916191011667252, 'Man': 91.08380675315857}",Man,
id34_738.jpg,28.0,"{'Woman': 12.412901222705841, 'Man': 87.58710026741028}",Man,
id78_2162.jpg,27.0,"{'Woman': 11.05000451207161, 'Man': 88.94999623298645}",Man,
id122_3229.jpg,,,,'tuple' object has no attribute 'shape'
id1_15.jpg,31.0,"{'Woman': 1.9244801253080368, 'Man': 98.07552099227905}",Man,
id23_364.jpg,27.0,"{'Woman': 2.714301645755768, 'Man': 97.28569388389587}",Man,
id109_2760.jpg,30.0,"{'Woman': 4.034551605582237, 'Man': 95.96545100212097}",Man,
id30_430.jpg,29.0,"{'Woman': 0.4523737356066704, 'Man': 99.54763054847717}",Man,
id47_1277.jpg,25.0,"{'Woman': 10.60917153954506, 'Man': 89.39083218574524}",Man,
id90_2562.jpg,,,,'tuple' object has no attribute 'shape'
id65_1677.jpg,38.0,"{'Woman': 25.750505924224854, 'Man': 74.24948811531067}",Man,
id122_3215.jpg,26.0,"{'Woman': 13.5499507188797, 'Man': 86.45005226135254}",Man,
id113_2792.jpg,28.0,"{'Woman': 23.375673592090607, 'Man': 76.62432193756104}",Man,
id115_2989.jpg,26.0,"{'Woman': 52.757084369659424, 'Man': 47.242915630340576}",Woman,
id63_1779.jpg,28.0,"{'Woman': 38.0528450012207, 'Man': 61.947160959243774}",Man,
id45_1085.jpg,,,,'tuple' object has no attribute 'shape'
id60_1586.jpg,29.0,"{'Woman': 2.692165970802307, 'Man': 97.30783700942993}",Man,
id106_2941.jpg,27.0,"{'Woman': 28.79105806350708, 'Man': 71.20894193649292}",Man,
id39_859.jpg,30.0,"{'Woman': 54.40595746040344, 'Man': 45.59403657913208}",Woman,
id69_1888.jpg,36.0,"{'Woman': 0.5708737764507532, 'Man': 99.42913055419922}",Man,
id41_1332.jpg,27.0,"{'Woman': 17.234405875205994, 'Man': 82.76559114456177}",Man,
id79_2097.jpg,29.0,"{'Woman': 3.8185611367225647, 'Man': 96.18143439292908}",Man,
id42_1050.jpg,32.0,"{'Woman': 28.41225564479828, 'Man': 71.58774137496948}",Man,
id25_525.jpg,29.0,"{'Woman': 46.82070314884186, 'Man': 53.17929983139038}",Man,
id36_1343.jpg,36.0,"{'Woman': 87.18317151069641, 'Man': 12.816828489303589}",Woman,
id41_1320.jpg,26.0,"{'Woman': 10.325546562671661, 'Man': 89.67444896697998}",Man,
id36_1365.jpg,32.0,"{'Woman': 80.42221665382385, 'Man': 19.577784836292267}",Woman,
id90_2658.jpg,29.0,"{'Woman': 49.60883855819702, 'Man': 50.3911554813385}",Man,
id37_822.jpg,,,,'tuple' object has no attribute 'shape'
id18_620.jpg,,,,'tuple' object has no attribute 'shape'
id41_966.jpg,26.0,"{'Woman': 2.550172805786133, 'Man': 97.44982719421387}",Man,
id44_1024.jpg,30.0,"{'Woman': 17.352434992790222, 'Man': 82.64756202697754}",Man,
id3_72.jpg,25.0,"{'Woman': 5.783520266413689, 'Man': 94.21648383140564}",Man,
id41_941.jpg,29.0,"{'Woman': 10.791850090026855, 'Man': 89.20814990997314}",Man,
id1_19.jpg,31.0,"{'Woman': 1.9953146576881409, 'Man': 98.0046808719635}",Man,
id127_3237.jpg,31.0,"{'Woman': 82.77922868728638, 'Man': 17.220768332481384}",Woman,
id50_1409.jpg,31.0,"{'Woman': 5.230469256639481, 'Man': 94.7695255279541}",Man,
id1_182.jpg,24.0,"{'Woman': 27.072060108184814, 'Man': 72.92793989181519}",Man,
id32_470.jpg,23.0,"{'Woman': 3.5698533058166504, 'Man': 96.43014669418335}",Man,
id5_123.jpg,29.0,"{'Woman': 18.770597875118256, 'Man': 81.22940063476562}",Man,
id115_3041.jpg,,,,'tuple' object has no attribute 'shape'
id40_1074.jpg,41.0,"{'Woman': 9.239882230758667, 'Man': 90.76011776924133}",Man,
id18_724.jpg,36.0,"{'Woman': 5.082535371184349, 'Man': 94.91746425628662}",Man,
id71_1856.jpg,28.0,"{'Woman': 3.308340907096863, 'Man': 96.69166207313538}",Man,
id94_2540.jpg,26.0,"{'Woman': 7.616662234067917, 'Man': 92.38333106040955}",Man,
id48_1228.jpg,29.0,"{'Woman': 8.045484870672226, 'Man': 91.95451736450195}",Man,
id16_251.jpg,,,,'tuple' object has no attribute 'shape'
id24_550.jpg,29.0,"{'Woman': 9.535127878189087, 'Man': 90.46487808227539}",Man,
id133_3320.jpg,37.0,"{'Woman': 26.709571480751038, 'Man': 73.29042553901672}",Man,
id36_1344.jpg,35.0,"{'Woman': 82.92642831802368, 'Man': 17.07356572151184}",Woman,
id25_497.jpg,32.0,"{'Woman': 53.94444465637207, 'Man': 46.05555832386017}",Woman,
id109_2709.jpg,26.0,"{'Woman': 6.3097283244133, 'Man': 93.69027018547058}",Man,
id115_2865.jpg,29.0,"{'Woman': 4.192807152867317, 'Man': 95.80719470977783}",Man,
id93_2685.jpg,28.0,"{'Woman': 17.858512699604034, 'Man': 82.14149475097656}",Man,
id93_2475.jpg,35.0,"{'Woman': 16.836202144622803, 'Man': 83.16380381584167}",Man,
id7_135.jpg,31.0,"{'Woman': 14.825311303138733, 'Man': 85.17468571662903}",Man,
id79_2096.jpg,29.0,"{'Woman': 4.145575687289238, 'Man': 95.85442543029785}",Man,
id41_931.jpg,28.0,"{'Woman': 13.444827497005463, 'Man': 86.55517101287842}",Man,
id73_1876.jpg,35.0,"{'Woman': 7.582549005746841, 'Man': 92.41744875907898}",Man,
id59_1560.jpg,,,,'tuple' object has no attribute 'shape'
id43_1206.jpg,28.0,"{'Woman': 9.383805841207504, 'Man': 90.6161904335022}",Man,
id78_2182.jpg,25.0,"{'Woman': 8.72257649898529, 'Man': 91.27742648124695}",Man,
id5_178.jpg,30.0,"{'Woman': 1.4318161644041538, 'Man': 98.56818318367004}",Man,
id47_1160.jpg,31.0,"{'Woman': 10.04815474152565, 'Man': 89.95184898376465}",Man,
id65_1750.jpg,32.0,"{'Woman': 13.40685784816742, 'Man': 86.59313917160034}",Man,
id36_1353.jpg,36.0,"{'Woman': 49.22345280647278, 'Man': 50.776541233062744}",Man,
id109_2697.jpg,29.0,"{'Woman': 15.661215782165527, 'Man': 84.33878421783447}",Man,
id11_204.jpg,27.0,"{'Woman': 9.236203879117966, 'Man': 90.76379537582397}",Man,
id37_900.jpg,39.0,"{'Woman': 20.086663961410522, 'Man': 79.913330078125}",Man,
id27_548.jpg,25.0,"{'Woman': 19.839663803577423, 'Man': 80.16033172607422}",Man,
id55_1512.jpg,29.0,"{'Woman': 1.663743145763874, 'Man': 98.336261510849}",Man,
id103_2663.jpg,36.0,"{'Woman': 17.830272018909454, 'Man': 82.16972947120667}",Man,
id102_2628.jpg,29.0,"{'Woman': 12.295149266719818, 'Man': 87.70485520362854}",Man,
id41_1405.jpg,39.0,"{'Woman': 10.770167410373688, 'Man': 89.22983407974243}",Man,
id79_2105.jpg,29.0,"{'Woman': 7.257198542356491, 'Man': 92.74280667304993}",Man,
id108_2736.jpg,25.0,"{'Woman': 6.6580116748809814, 'Man': 93.34198832511902}",Man,
id36_968.jpg,,,,'tuple' object has no attribute 'shape'
id115_2952.jpg,41.0,"{'Woman': 24.102450907230377, 'Man': 75.89754462242126}",Man,
id95_2513.jpg,34.0,"{'Woman': 5.917952582240105, 'Man': 94.08204555511475}",Man,
id95_2528.jpg,22.0,"{'Woman': 0.9054494090378284, 'Man': 99.09454584121704}",Man,
id90_2404.jpg,33.0,"{'Woman': 12.575702369213104, 'Man': 87.42429614067078}",Man,
id65_1719.jpg,29.0,"{'Woman': 4.129038378596306, 'Man': 95.87095379829407}",Man,
id54_1546.jpg,33.0,"{'Woman': 4.204121232032776, 'Man': 95.79588174819946}",Man,
id42_936.jpg,37.0,"{'Woman': 28.65479588508606, 'Man': 71.34520411491394}",Man,
id37_887.jpg,32.0,"{'Woman': 76.04681253433228, 'Man': 23.95319491624832}",Woman,
id18_727.jpg,37.0,"{'Woman': 9.097517281770706, 'Man': 90.90247750282288}",Man,
id106_2944.jpg,32.0,"{'Woman': 18.460656702518463, 'Man': 81.53934478759766}",Man,
id84_2245.jpg,31.0,"{'Woman': 7.045391201972961, 'Man': 92.95461177825928}",Man,
id78_2257.jpg,27.0,"{'Woman': 2.1675748750567436, 'Man': 97.83242344856262}",Man,
id18_596.jpg,32.0,"{'Woman': 26.638808846473694, 'Man': 73.36119413375854}",Man,
id91_2398.jpg,32.0,"{'Woman': 16.300195455551147, 'Man': 83.69980454444885}",Man,
id77_2054.jpg,24.0,"{'Woman': 2.6637358590960503, 'Man': 97.3362684249878}",Man,
id103_2668.jpg,35.0,"{'Woman': 14.080874621868134, 'Man': 85.91912388801575}",Man,
id42_968.jpg,32.0,"{'Woman': 28.201794624328613, 'Man': 71.79820537567139}",Man,
id1_185.jpg,26.0,"{'Woman': 23.495012521743774, 'Man': 76.50498747825623}",Man,
id1_313.jpg,23.0,"{'Woman': 6.037184968590736, 'Man': 93.96281242370605}",Man,
id51_1256.jpg,26.0,"{'Woman': 1.229255087673664, 'Man': 98.77074360847473}",Man,
id126_3216.jpg,35.0,"{'Woman': 12.925833463668823, 'Man': 87.0741605758667}",Man,
id25_419.jpg,32.0,"{'Woman': 6.842160224914551, 'Man': 93.15783977508545}",Man,
id115_2968.jpg,31.0,"{'Woman': 50.33954381942749, 'Man': 49.66045618057251}",Woman,
id36_1438.jpg,,,,'tuple' object has no attribute 'shape'
id115_3182.jpg,25.0,"{'Woman': 6.485285609960556, 'Man': 93.51471066474915}",Man,
id77_2080.jpg,32.0,"{'Woman': 3.2235823571681976, 'Man': 96.77641987800598}",Man,
id118_3017.jpg,32.0,"{'Woman': 31.26574456691742, 'Man': 68.73425245285034}",Man,
id41_1401.jpg,36.0,"{'Woman': 12.123879790306091, 'Man': 87.87612318992615}",Man,
id36_1468.jpg,29.0,"{'Woman': 23.041754961013794, 'Man': 76.9582450389862}",Man,
id125_3201.jpg,26.0,"{'Woman': 1.6271652653813362, 'Man': 98.37284088134766}",Man,
id77_2149.jpg,30.0,"{'Woman': 1.4465917833149433, 'Man': 98.55340719223022}",Man,
id54_1521.jpg,31.0,"{'Woman': 23.146502673625946, 'Man': 76.85349583625793}",Man,
id43_1182.jpg,32.0,"{'Woman': 10.03006398677826, 'Man': 89.96993899345398}",Man,
id90_2443.jpg,25.0,"{'Woman': 1.5600992366671562, 'Man': 98.43989610671997}",Man,
id121_3171.jpg,31.0,"{'Woman': 28.15692126750946, 'Man': 71.84308171272278}",Man,
id122_3219.jpg,,,,'tuple' object has no attribute 'shape'
id55_1567.jpg,,,,'tuple' object has no attribute 'shape'
id60_1604.jpg,28.0,"{'Woman': 5.639586970210075, 'Man': 94.36041712760925}",Man,
id78_2152.jpg,23.0,"{'Woman': 8.950208127498627, 'Man': 91.04979634284973}",Man,
id63_1666.jpg,30.0,"{'Woman': 5.195443332195282, 'Man': 94.80456113815308}",Man,
id5_91.jpg,32.0,"{'Woman': 10.36410853266716, 'Man': 89.63589072227478}",Man,
id115_3275.jpg,34.0,"{'Woman': 6.669887155294418, 'Man': 93.33011507987976}",Man,
id63_1654.jpg,25.0,"{'Woman': 2.0612742751836777, 'Man': 97.93872833251953}",Man,
id41_1459.jpg,28.0,"{'Woman': 97.58397340774536, 'Man': 2.4160269647836685}",Woman,
id84_2239.jpg,36.0,"{'Woman': 9.202596545219421, 'Man': 90.79740643501282}",Man,
id36_1398.jpg,31.0,"{'Woman': 75.89401602745056, 'Man': 24.105985462665558}",Woman,
id41_1014.jpg,30.0,"{'Woman': 17.75462031364441, 'Man': 82.24538564682007}",Man,
id128_3244.jpg,23.0,"{'Woman': 1.0082940571010113, 'Man': 98.99170994758606}",Man,
id122_3167.jpg,37.0,"{'Woman': 21.63534164428711, 'Man': 78.36465239524841}",Man,
id26_396.jpg,26.0,"{'Woman': 12.36097663640976, 'Man': 87.6390278339386}",Man,
id24_399.jpg,30.0,"{'Woman': 8.679679036140442, 'Man': 91.3203239440918}",Man,
id108_2766.jpg,29.0,"{'Woman': 3.644375130534172, 'Man': 96.35562300682068}",Man,
id5_147.jpg,32.0,"{'Woman': 5.967563018202782, 'Man': 94.03243064880371}",Man,
id27_521.jpg,27.0,"{'Woman': 7.357872277498245, 'Man': 92.64213442802429}",Man,
id121_3269.jpg,24.0,"{'Woman': 4.555857181549072, 'Man': 95.4441487789154}",Man,
id59_1538.jpg,33.0,"{'Woman': 93.06282997131348, 'Man': 6.937171518802643}",Woman,
id65_1716.jpg,37.0,"{'Woman': 4.923597350716591, 'Man': 95.0764000415802}",Man,
id40_996.jpg,25.0,"{'Woman': 8.262893557548523, 'Man': 91.73710942268372}",Man,
id57_1622.jpg,26.0,"{'Woman': 4.040847718715668, 'Man': 95.95915079116821}",Man,
id25_438.jpg,32.0,"{'Woman': 6.223826855421066, 'Man': 93.77617239952087}",Man,
id115_2930.jpg,24.0,"{'Woman': 11.474913358688354, 'Man': 88.52508664131165}",Man,
id116_3158.jpg,32.0,"{'Woman': 8.818268775939941, 'Man': 91.18173122406006}",Man,
id113_2797.jpg,29.0,"{'Woman': 11.567402631044388, 'Man': 88.4325921535492}",Man,
id78_2172.jpg,24.0,"{'Woman': 4.200195148587227, 'Man': 95.7997977733612}",Man,
id10_264.jpg,32.0,"{'Woman': 16.283969581127167, 'Man': 83.71602892875671}",Man,
id121_3292.jpg,,,,'tuple' object has no attribute 'shape'
id42_1163.jpg,28.0,"{'Woman': 11.354740709066391, 'Man': 88.64525556564331}",Man,
id18_467.jpg,27.0,"{'Woman': 5.458244308829308, 'Man': 94.5417582988739}",Man,
id36_1461.jpg,25.0,"{'Woman': 17.823638021945953, 'Man': 82.17636942863464}",Man,
id106_2699.jpg,31.0,"{'Woman': 6.673219054937363, 'Man': 93.32678318023682}",Man,
id73_1910.jpg,30.0,"{'Woman': 31.025215983390808, 'Man': 68.97478699684143}",Man,
id36_1330.jpg,36.0,"{'Woman': 36.16669178009033, 'Man': 63.833314180374146}",Man,
id47_1188.jpg,35.0,"{'Woman': 2.3538565263152122, 'Man': 97.6461410522461}",Man,
id45_1237.jpg,29.0,"{'Woman': 9.870965033769608, 'Man': 90.12902975082397}",Man,
id41_1056.jpg,29.0,"{'Woman': 31.463530659675598, 'Man': 68.53646636009216}",Man,
id27_547.jpg,24.0,"{'Woman': 17.590533196926117, 'Man': 82.40946531295776}",Man,
id1_180.jpg,25.0,"{'Woman': 90.99808931350708, 'Man': 9.00190994143486}",Woman,
id122_3146.jpg,,,,'tuple' object has no attribute 'shape'
id41_1414.jpg,27.0,"{'Woman': 6.270001828670502, 'Man': 93.72999668121338}",Man,
id79_2117.jpg,31.0,"{'Woman': 7.659831643104553, 'Man': 92.34017133712769}",Man,
id119_3128.jpg,40.0,"{'Woman': 49.92804527282715, 'Man': 50.07195472717285}",Man,
id90_2461.jpg,24.0,"{'Woman': 2.1336428821086884, 'Man': 97.86635637283325}",Man,
id18_617.jpg,26.0,"{'Woman': 1.5573393553495407, 'Man': 98.44265580177307}",Man,
id65_1699.jpg,34.0,"{'Woman': 38.170984387397766, 'Man': 61.82902455329895}",Man,
id94_2513.jpg,25.0,"{'Woman': 1.9164180383086205, 'Man': 98.08357954025269}",Man,
id106_2885.jpg,28.0,"{'Woman': 22.967176139354706, 'Man': 77.03282237052917}",Man,
id25_383.jpg,31.0,"{'Woman': 89.07470703125, 'Man': 10.925287753343582}",Woman,
id135_3319.jpg,30.0,"{'Woman': 19.67301517724991, 'Man': 80.32698631286621}",Man,
id8_124.jpg,27.0,"{'Woman': 23.418794572353363, 'Man': 76.58120393753052}",Man,
id108_2732.jpg,,,,'tuple' object has no attribute 'shape'
id59_1582.jpg,,,,'tuple' object has no attribute 'shape'
id65_1762.jpg,28.0,"{'Woman': 13.862566649913788, 'Man': 86.13743782043457}",Man,
id2_45.jpg,27.0,"{'Woman': 8.752227574586868, 'Man': 91.24776721000671}",Man,
id78_2167.jpg,28.0,"{'Woman': 9.187126904726028, 'Man': 90.81286787986755}",Man,
id18_747.jpg,35.0,"{'Woman': 15.861210227012634, 'Man': 84.1387927532196}",Man,
id41_975.jpg,,,,'tuple' object has no attribute 'shape'
id69_1873.jpg,31.0,"{'Woman': 3.453217074275017, 'Man': 96.54678106307983}",Man,
id122_3152.jpg,34.0,"{'Woman': 30.920061469078064, 'Man': 69.0799355506897}",Man,
id49_1315.jpg,31.0,"{'Woman': 5.190128460526466, 'Man': 94.80987191200256}",Man,
id45_1148.jpg,27.0,"{'Woman': 21.85983806848526, 'Man': 78.14016342163086}",Man,
id118_3029.jpg,27.0,"{'Woman': 22.45248705148697, 'Man': 77.54751443862915}",Man,
id94_2541.jpg,26.0,"{'Woman': 9.524118155241013, 'Man': 90.47588109970093}",Man,
id36_1456.jpg,38.0,"{'Woman': 52.1503746509552, 'Man': 47.84961938858032}",Woman,
id18_409.jpg,37.0,"{'Woman': 7.4020326137542725, 'Man': 92.59796738624573}",Man,
id3_161.jpg,26.0,"{'Woman': 35.259753465652466, 'Man': 64.74024057388306}",Man,
id96_2534.jpg,33.0,"{'Woman': 3.3820554614067078, 'Man': 96.61794900894165}",Man,
id36_1321.jpg,32.0,"{'Woman': 51.23935341835022, 'Man': 48.76064360141754}",Woman,
id108_2772.jpg,25.0,"{'Woman': 5.416879430413246, 'Man': 94.58311796188354}",Man,
id18_411.jpg,27.0,"{'Woman': 9.838198870420456, 'Man': 90.16180038452148}",Man,
id77_2219.jpg,32.0,"{'Woman': 4.690022021532059, 'Man': 95.30998468399048}",Man,
id20_377.jpg,31.0,"{'Woman': 12.159183621406555, 'Man': 87.8408133983612}",Man,
id47_1119.jpg,32.0,"{'Woman': 10.841257125139236, 'Man': 89.15874361991882}",Man,
id116_2869.jpg,25.0,"{'Woman': 18.980035185813904, 'Man': 81.01996779441833}",Man,
id119_3082.jpg,,,,'tuple' object has no attribute 'shape'
id121_3209.jpg,,,,'tuple' object has no attribute 'shape'
id116_3145.jpg,28.0,"{'Woman': 6.555048376321793, 'Man': 93.44494938850403}",Man,
id43_1178.jpg,28.0,"{'Woman': 5.790678039193153, 'Man': 94.20931935310364}",Man,
id77_2076.jpg,31.0,"{'Woman': 3.155701234936714, 'Man': 96.84430360794067}",Man,
id47_1268.jpg,29.0,"{'Woman': 3.0556105077266693, 'Man': 96.94439172744751}",Man,
id32_553.jpg,29.0,"{'Woman': 5.444183945655823, 'Man': 94.55581307411194}",Man,
id121_3221.jpg,26.0,"{'Woman': 12.025708705186844, 'Man': 87.97429203987122}",Man,
id43_1212.jpg,29.0,"{'Woman': 11.220979690551758, 'Man': 88.77902030944824}",Man,
id105_2767.jpg,32.0,"{'Woman': 5.810872837901115, 'Man': 94.18912529945374}",Man,
id91_2448.jpg,33.0,"{'Woman': 6.017008423805237, 'Man': 93.982994556427}",Man,
id47_1141.jpg,31.0,"{'Woman': 8.870209753513336, 'Man': 91.1297857761383}",Man,
id5_149.jpg,26.0,"{'Woman': 6.926324963569641, 'Man': 93.07367205619812}",Man,
id1_141.jpg,27.0,"{'Woman': 42.49657094478607, 'Man': 57.50343203544617}",Man,
id83_2213.jpg,35.0,"{'Woman': 32.44298994541168, 'Man': 67.55701303482056}",Man,
id27_469.jpg,26.0,"{'Woman': 1.1135529726743698, 'Man': 98.88644218444824}",Man,
id27_553.jpg,24.0,"{'Woman': 5.117844417691231, 'Man': 94.88215446472168}",Man,
id69_1841.jpg,35.0,"{'Woman': 1.559326983988285, 'Man': 98.44067096710205}",Man,
id24_448.jpg,25.0,"{'Woman': 10.231662541627884, 'Man': 89.76833820343018}",Man,
id127_3239.jpg,29.0,"{'Woman': 76.09719634056091, 'Man': 23.902802169322968}",Woman,
id36_1374.jpg,36.0,"{'Woman': 55.42541146278381, 'Man': 44.574594497680664}",Woman,
id5_140.jpg,30.0,"{'Woman': 1.6463542357087135, 'Man': 98.35364818572998}",Man,
id41_1287.jpg,26.0,"{'Woman': 11.850210279226303, 'Man': 88.1497859954834}",Man,
id42_1064.jpg,36.0,"{'Woman': 7.974323630332947, 'Man': 92.02567934989929}",Man,
id95_2522.jpg,27.0,"{'Woman': 1.3260229490697384, 'Man': 98.67397546768188}",Man,
id10_198.jpg,24.0,"{'Woman': 1.2930560857057571, 'Man': 98.70694875717163}",Man,
id44_1016.jpg,30.0,"{'Woman': 17.56286770105362, 'Man': 82.4371337890625}",Man,
id1_77.jpg,30.0,"{'Woman': 4.307672753930092, 'Man': 95.69233059883118}",Man,
id16_288.jpg,28.0,"{'Woman': 4.998978972434998, 'Man': 95.00101804733276}",Man,
id31_730.jpg,32.0,"{'Woman': 10.759061574935913, 'Man': 89.24093842506409}",Man,
id113_2932.jpg,,,,'tuple' object has no attribute 'shape'
id5_121.jpg,29.0,"{'Woman': 8.015257865190506, 'Man': 91.98473691940308}",Man,
id18_658.jpg,32.0,"{'Woman': 59.92971658706665, 'Man': 40.07028937339783}",Woman,
id20_286.jpg,26.0,"{'Woman': 8.656086027622223, 'Man': 91.3439154624939}",Man,
id25_413.jpg,33.0,"{'Woman': 11.304706335067749, 'Man': 88.69529962539673}",Man,
id116_2963.jpg,25.0,"{'Woman': 2.0018326118588448, 'Man': 97.99817204475403}",Man,
id91_2426.jpg,,,,'tuple' object has no attribute 'shape'
id77_2153.jpg,,,,'tuple' object has no attribute 'shape'
id36_1391.jpg,33.0,"{'Woman': 56.338465213775635, 'Man': 43.66154074668884}",Woman,
id77_2017.jpg,26.0,"{'Woman': 1.4876943081617355, 'Man': 98.51230978965759}",Man,
id115_2976.jpg,26.0,"{'Woman': 7.758649438619614, 'Man': 92.24134683609009}",Man,
id41_963.jpg,27.0,"{'Woman': 12.821748852729797, 'Man': 87.17825412750244}",Man,
id59_1563.jpg,,,,'tuple' object has no attribute 'shape'
id36_1372.jpg,29.0,"{'Woman': 88.55779767036438, 'Man': 11.44220307469368}",Woman,
id18_679.jpg,29.0,"{'Woman': 11.952804774045944, 'Man': 88.04720044136047}",Man,
id7_110.jpg,30.0,"{'Woman': 23.727791011333466, 'Man': 76.27220749855042}",Man,
id108_2767.jpg,28.0,"{'Woman': 3.191693127155304, 'Man': 96.80830240249634}",Man,
id115_2934.jpg,30.0,"{'Woman': 21.55999094247818, 'Man': 78.44000458717346}",Man,
id37_846.jpg,,,,'tuple' object has no attribute 'shape'
id16_302.jpg,27.0,"{'Woman': 2.7387091889977455, 'Man': 97.26128578186035}",Man,
id49_1220.jpg,32.0,"{'Woman': 7.482465356588364, 'Man': 92.51753091812134}",Man,
id90_2574.jpg,37.0,"{'Woman': 5.586442723870277, 'Man': 94.41356062889099}",Man,
id69_1887.jpg,24.0,"{'Woman': 1.308559998869896, 'Man': 98.69144558906555}",Man,
id59_1542.jpg,35.0,"{'Woman': 84.95057821273804, 'Man': 15.049421787261963}",Woman,
id36_1377.jpg,,,,'tuple' object has no attribute 'shape'
id126_3222.jpg,43.0,"{'Woman': 3.563031554222107, 'Man': 96.43696546554565}",Man,
id121_3304.jpg,29.0,"{'Woman': 9.394879639148712, 'Man': 90.60512185096741}",Man,
id93_2499.jpg,37.0,"{'Woman': 6.782656162977219, 'Man': 93.21734309196472}",Man,
id65_1757.jpg,36.0,"{'Woman': 12.620794773101807, 'Man': 87.3792052268982}",Man,
id121_3202.jpg,31.0,"{'Woman': 11.392339318990707, 'Man': 88.60766291618347}",Man,
id42_978.jpg,,,,'tuple' object has no attribute 'shape'
id15_293.jpg,35.0,"{'Woman': 8.557261526584625, 'Man': 91.44273400306702}",Man,
id94_2515.jpg,25.0,"{'Woman': 2.2693729028105736, 'Man': 97.73063063621521}",Man,
id70_1936.jpg,28.0,"{'Woman': 5.402982980012894, 'Man': 94.59701776504517}",Man,
id85_2187.jpg,30.0,"{'Woman': 4.60411049425602, 'Man': 95.39588689804077}",Man,
id119_3081.jpg,32.0,"{'Woman': 14.159071445465088, 'Man': 85.84092855453491}",Man,
id36_983.jpg,31.0,"{'Woman': 18.263372778892517, 'Man': 81.73663020133972}",Man,
id47_1117.jpg,32.0,"{'Woman': 4.637375846505165, 'Man': 95.3626275062561}",Man,
id3_65.jpg,28.0,"{'Woman': 2.176409587264061, 'Man': 97.82359600067139}",Man,
id45_1114.jpg,38.0,"{'Woman': 3.0473215505480766, 'Man': 96.95268273353577}",Man,
id42_1110.jpg,23.0,"{'Woman': 2.7005918323993683, 'Man': 97.29940891265869}",Man,
id79_2154.jpg,25.0,"{'Woman': 2.639097347855568, 'Man': 97.36090898513794}",Man,
id36_897.jpg,,,,'tuple' object has no attribute 'shape'
id81_2119.jpg,26.0,"{'Woman': 12.39909678697586, 'Man': 87.60089874267578}",Man,
id30_428.jpg,27.0,"{'Woman': 6.847125291824341, 'Man': 93.15287470817566}",Man,
id49_1201.jpg,27.0,"{'Woman': 14.857462048530579, 'Man': 85.14253497123718}",Man,
id43_1208.jpg,32.0,"{'Woman': 11.880219727754593, 'Man': 88.11977505683899}",Man,
id43_1013.jpg,27.0,"{'Woman': 9.026306122541428, 'Man': 90.97369313240051}",Man,
id113_2965.jpg,31.0,"{'Woman': 22.91429191827774, 'Man': 77.08570957183838}",Man,
id90_2380.jpg,31.0,"{'Woman': 15.187926590442657, 'Man': 84.81207489967346}",Man,
id18_433.jpg,28.0,"{'Woman': 5.982979387044907, 'Man': 94.0170168876648}",Man,
id1_7.jpg,27.0,"{'Woman': 7.325486093759537, 'Man': 92.67451763153076}",Man,
id41_1382.jpg,36.0,"{'Woman': 18.344448506832123, 'Man': 81.65555000305176}",Man,
id1_312.jpg,24.0,"{'Woman': 4.331710562109947, 'Man': 95.66829204559326}",Man,
id18_443.jpg,24.0,"{'Woman': 7.138748466968536, 'Man': 92.8612470626831}",Man,
id106_2739.jpg,26.0,"{'Woman': 4.26207110285759, 'Man': 95.73792815208435}",Man,
id68_1855.jpg,34.0,"{'Woman': 4.574533551931381, 'Man': 95.42547464370728}",Man,
id83_2386.jpg,30.0,"{'Woman': 20.991522073745728, 'Man': 79.00847792625427}",Man,
id43_1214.jpg,27.0,"{'Woman': 9.193839132785797, 'Man': 90.80616235733032}",Man,
id5_113.jpg,31.0,"{'Woman': 11.89446821808815, 'Man': 88.10553550720215}",Man,
id91_2436.jpg,,,,'tuple' object has no attribute 'shape'
id3_22.jpg,25.0,"{'Woman': 6.028975173830986, 'Man': 93.97101998329163}",Man,
id1_202.jpg,26.0,"{'Woman': 16.700752079486847, 'Man': 83.2992434501648}",Man,
id8_100.jpg,32.0,"{'Woman': 64.31277990341187, 'Man': 35.68721413612366}",Woman,
id42_1037.jpg,31.0,"{'Woman': 10.323107242584229, 'Man': 89.67689275741577}",Man,
id39_912.jpg,31.0,"{'Woman': 7.332053035497665, 'Man': 92.66794323921204}",Man,
id49_1285.jpg,27.0,"{'Woman': 8.807945251464844, 'Man': 91.19206070899963}",Man,
id88_2414.jpg,29.0,"{'Woman': 1.9543232396245003, 'Man': 98.04568290710449}",Man,
id72_1897.jpg,27.0,"{'Woman': 8.563495427370071, 'Man': 91.43650531768799}",Man,
id31_462.jpg,27.0,"{'Woman': 34.164056181907654, 'Man': 65.83594679832458}",Man,
id108_2687.jpg,27.0,"{'Woman': 2.1827222779393196, 'Man': 97.8172779083252}",Man,
id1_72.jpg,30.0,"{'Woman': 23.026785254478455, 'Man': 76.97321772575378}",Man,
id44_1058.jpg,29.0,"{'Woman': 1.5396755188703537, 'Man': 98.4603226184845}",Man,
id65_1730.jpg,36.0,"{'Woman': 5.09793758392334, 'Man': 94.90206241607666}",Man,
id38_890.jpg,30.0,"{'Woman': 8.074060082435608, 'Man': 91.92594289779663}",Man,
id16_231.jpg,29.0,"{'Woman': 9.205658733844757, 'Man': 90.79434275627136}",Man,
id116_3100.jpg,28.0,"{'Woman': 13.915364444255829, 'Man': 86.08462810516357}",Man,
id108_2753.jpg,32.0,"{'Woman': 4.592690616846085, 'Man': 95.40730118751526}",Man,
id115_2981.jpg,29.0,"{'Woman': 33.785367012023926, 'Man': 66.21463894844055}",Man,
id47_1234.jpg,34.0,"{'Woman': 8.903325349092484, 'Man': 91.09667539596558}",Man,
id90_2476.jpg,28.0,"{'Woman': 7.783950120210648, 'Man': 92.21605062484741}",Man,
id130_3276.jpg,32.0,"{'Woman': 71.19277715682983, 'Man': 28.807225823402405}",Woman,
id90_2402.jpg,33.0,"{'Woman': 11.877992004156113, 'Man': 88.12201023101807}",Man,
id3_7.jpg,29.0,"{'Woman': 11.701089888811111, 'Man': 88.29890489578247}",Man,
id59_1649.jpg,35.0,"{'Woman': 60.35751700401306, 'Man': 39.6424800157547}",Woman,
id63_1693.jpg,32.0,"{'Woman': 32.32921659946442, 'Man': 67.67078042030334}",Man,
id78_2067.jpg,25.0,"{'Woman': 11.925076693296432, 'Man': 88.07492256164551}",Man,
id78_2156.jpg,26.0,"{'Woman': 5.183906480669975, 'Man': 94.81608867645264}",Man,
id78_2194.jpg,28.0,"{'Woman': 13.36687058210373, 'Man': 86.63312792778015}",Man,
id38_913.jpg,37.0,"{'Woman': 11.293891072273254, 'Man': 88.70611190795898}",Man,
id42_1018.jpg,35.0,"{'Woman': 34.47888195514679, 'Man': 65.52112102508545}",Man,
id25_404.jpg,31.0,"{'Woman': 14.865350723266602, 'Man': 85.1346492767334}",Man,
id121_3254.jpg,29.0,"{'Woman': 11.0441654920578, 'Man': 88.95583152770996}",Man,
id113_2951.jpg,29.0,"{'Woman': 12.28589192032814, 'Man': 87.71410584449768}",Man,
id31_669.jpg,36.0,"{'Woman': 7.596378773450851, 'Man': 92.40362644195557}",Man,
id42_1062.jpg,36.0,"{'Woman': 28.354966640472412, 'Man': 71.64503335952759}",Man,
id119_3223.jpg,29.0,"{'Woman': 22.37028032541275, 'Man': 77.62971520423889}",Man,
id65_1734.jpg,33.0,"{'Woman': 6.834495812654495, 'Man': 93.16550493240356}",Man,
id40_988.jpg,23.0,"{'Woman': 14.092084765434265, 'Man': 85.9079122543335}",Man,
id39_879.jpg,34.0,"{'Woman': 14.946798980236053, 'Man': 85.05319952964783}",Man,
id72_1899.jpg,26.0,"{'Woman': 6.100456416606903, 'Man': 93.89954805374146}",Man,
id44_1090.jpg,34.0,"{'Woman': 6.945786625146866, 'Man': 93.05421113967896}",Man,
id77_2152.jpg,24.0,"{'Woman': 3.377016633749008, 'Man': 96.6229796409607}",Man,
id77_2064.jpg,30.0,"{'Woman': 2.2486072033643723, 'Man': 97.75139093399048}",Man,
id4_26.jpg,41.0,"{'Woman': 37.2237503528595, 'Man': 62.7762496471405}",Man,
id23_356.jpg,32.0,"{'Woman': 1.1708714067935944, 'Man': 98.8291323184967}",Man,
id65_1673.jpg,35.0,"{'Woman': 18.659737706184387, 'Man': 81.34025931358337}",Man,
id43_1167.jpg,28.0,"{'Woman': 20.170395076274872, 'Man': 79.82960343360901}",Man,
id18_710.jpg,,,,'tuple' object has no attribute 'shape'
id116_3143.jpg,28.0,"{'Woman': 6.217256560921669, 'Man': 93.7827467918396}",Man,
id115_2881.jpg,35.0,"{'Woman': 28.847864270210266, 'Man': 71.15213871002197}",Man,
id123_3269.jpg,27.0,"{'Woman': 11.997833102941513, 'Man': 88.00216913223267}",Man,
id27_443.jpg,34.0,"{'Woman': 2.057379111647606, 'Man': 97.94262051582336}",Man,
id16_310.jpg,32.0,"{'Woman': 4.772584140300751, 'Man': 95.22742033004761}",Man,
id3_9.jpg,28.0,"{'Woman': 16.110317409038544, 'Man': 83.88968706130981}",Man,
id117_3065.jpg,26.0,"{'Woman': 2.8168320655822754, 'Man': 97.18316793441772}",Man,
id25_384.jpg,33.0,"{'Woman': 81.08351230621338, 'Man': 18.91649067401886}",Woman,
id117_2993.jpg,34.0,"{'Woman': 12.953586876392365, 'Man': 87.04641461372375}",Man,
id77_2107.jpg,25.0,"{'Woman': 1.7071334645152092, 'Man': 98.29286336898804}",Man,
id24_364.jpg,26.0,"{'Woman': 6.542246788740158, 'Man': 93.45775246620178}",Man,
id37_854.jpg,,,,'tuple' object has no attribute 'shape'
id5_167.jpg,32.0,"{'Woman': 5.518645420670509, 'Man': 94.48134899139404}",Man,
id85_2185.jpg,29.0,"{'Woman': 4.2070139199495316, 'Man': 95.79298496246338}",Man,
id110_2783.jpg,26.0,"{'Woman': 6.244402006268501, 'Man': 93.75560283660889}",Man,
id39_881.jpg,35.0,"{'Woman': 12.072864174842834, 'Man': 87.9271388053894}",Man,
id83_2157.jpg,27.0,"{'Woman': 3.966500610113144, 'Man': 96.03350162506104}",Man,
id42_1085.jpg,29.0,"{'Woman': 18.07978004217148, 'Man': 81.92022442817688}",Man,
id101_2677.jpg,37.0,"{'Woman': 12.428393959999084, 'Man': 87.57160902023315}",Man,
id42_1125.jpg,33.0,"{'Woman': 19.114765524864197, 'Man': 80.88523745536804}",Man,
id47_1151.jpg,32.0,"{'Woman': 5.125096440315247, 'Man': 94.87490057945251}",Man,
id97_2534.jpg,30.0,"{'Woman': 8.130872249603271, 'Man': 91.8691337108612}",Man,
id62_1800.jpg,24.0,"{'Woman': 10.756015032529831, 'Man': 89.24398422241211}",Man,
id48_1199.jpg,34.0,"{'Woman': 2.5103438645601273, 'Man': 97.48966097831726}",Man,
id93_2489.jpg,34.0,"{'Woman': 18.845711648464203, 'Man': 81.15428686141968}",Man,
id45_1111.jpg,26.0,"{'Woman': 8.05617943406105, 'Man': 91.94382429122925}",Man,
id24_438.jpg,25.0,"{'Woman': 19.49591338634491, 'Man': 80.50408959388733}",Man,
id44_1085.jpg,27.0,"{'Woman': 16.729922592639923, 'Man': 83.2700788974762}",Man,
id108_2828.jpg,28.0,"{'Woman': 20.114044845104218, 'Man': 79.88595962524414}",Man,
id37_833.jpg,,,,'tuple' object has no attribute 'shape'
id77_2092.jpg,28.0,"{'Woman': 1.2597736902534962, 'Man': 98.74022603034973}",Man,
id34_748.jpg,33.0,"{'Woman': 10.62280461192131, 'Man': 89.37720060348511}",Man,
id84_2187.jpg,39.0,"{'Woman': 6.393153220415115, 'Man': 93.60685348510742}",Man,
id133_3316.jpg,33.0,"{'Woman': 23.879307508468628, 'Man': 76.1206865310669}",Man,
id119_3186.jpg,25.0,"{'Woman': 7.414411753416061, 'Man': 92.58558750152588}",Man,
id36_1417.jpg,,,,'tuple' object has no attribute 'shape'
id77_2039.jpg,24.0,"{'Woman': 2.6272978633642197, 'Man': 97.37270474433899}",Man,
id49_1261.jpg,34.0,"{'Woman': 3.231431171298027, 'Man': 96.76856994628906}",Man,
id106_2672.jpg,25.0,"{'Woman': 3.5052411258220673, 'Man': 96.49475812911987}",Man,
id78_2258.jpg,26.0,"{'Woman': 2.3856516927480698, 'Man': 97.6143479347229}",Man,
id21_346.jpg,30.0,"{'Woman': 2.494252845644951, 'Man': 97.50575423240662}",Man,
id42_1071.jpg,31.0,"{'Woman': 12.138509005308151, 'Man': 87.86149621009827}",Man,
id77_2074.jpg,29.0,"{'Woman': 4.263919964432716, 'Man': 95.73608040809631}",Man,
id1_167.jpg,28.0,"{'Woman': 30.164623260498047, 'Man': 69.83537673950195}",Man,
id63_1675.jpg,29.0,"{'Woman': 28.601884841918945, 'Man': 71.39811515808105}",Man,
id121_3257.jpg,28.0,"{'Woman': 6.082647293806076, 'Man': 93.91735792160034}",Man,
id121_3315.jpg,24.0,"{'Woman': 6.792295724153519, 'Man': 93.20771098136902}",Man,
id108_2765.jpg,,,,'tuple' object has no attribute 'shape'
id46_1344.jpg,30.0,"{'Woman': 28.127411007881165, 'Man': 71.87259197235107}",Man,
id47_1204.jpg,28.0,"{'Woman': 4.000813513994217, 'Man': 95.99919319152832}",Man,
id49_1271.jpg,27.0,"{'Woman': 5.91849684715271, 'Man': 94.08150315284729}",Man,
id3_20.jpg,28.0,"{'Woman': 6.54512420296669, 'Man': 93.45487952232361}",Man,
id5_83.jpg,33.0,"{'Woman': 6.317151337862015, 'Man': 93.68284940719604}",Man,
id94_2775.jpg,30.0,"{'Woman': 6.494960933923721, 'Man': 93.5050368309021}",Man,
id115_2965.jpg,32.0,"{'Woman': 27.26787030696869, 'Man': 72.73212671279907}",Man,
id24_463.jpg,23.0,"{'Woman': 16.309766471385956, 'Man': 83.69022607803345}",Man,
id59_1651.jpg,35.0,"{'Woman': 87.1088981628418, 'Man': 12.891097366809845}",Woman,
id81_2145.jpg,37.0,"{'Woman': 6.289719045162201, 'Man': 93.71027946472168}",Man,
id133_3321.jpg,39.0,"{'Woman': 15.067438781261444, 'Man': 84.93255972862244}",Man,
id108_2757.jpg,,,,'tuple' object has no attribute 'shape'
id46_1250.jpg,40.0,"{'Woman': 25.378581881523132, 'Man': 74.62141513824463}",Man,
id24_416.jpg,26.0,"{'Woman': 28.446537256240845, 'Man': 71.55346274375916}",Man,
id84_2185.jpg,39.0,"{'Woman': 6.366331875324249, 'Man': 93.63367557525635}",Man,
id116_3086.jpg,28.0,"{'Woman': 11.155501008033752, 'Man': 88.84450197219849}",Man,
id49_1401.jpg,28.0,"{'Woman': 90.45016765594482, 'Man': 9.549836814403534}",Woman,
id28_395.jpg,29.0,"{'Woman': 7.130961120128632, 'Man': 92.86904335021973}",Man,
id24_373.jpg,35.0,"{'Woman': 2.737075090408325, 'Man': 97.26292490959167}",Man,
id34_759.jpg,33.0,"{'Woman': 12.028701603412628, 'Man': 87.97129988670349}",Man,
id25_592.jpg,31.0,"{'Woman': 19.956855475902557, 'Man': 80.04314303398132}",Man,
id109_2688.jpg,38.0,"{'Woman': 12.489379197359085, 'Man': 87.51062154769897}",Man,
id18_442.jpg,24.0,"{'Woman': 7.48792365193367, 'Man': 92.51207113265991}",Man,
id19_341.jpg,30.0,"{'Woman': 11.371547728776932, 'Man': 88.62845301628113}",Man,
id94_2547.jpg,27.0,"{'Woman': 4.712984338402748, 'Man': 95.28701901435852}",Man,
id39_892.jpg,33.0,"{'Woman': 8.021403104066849, 'Man': 91.97859764099121}",Man,
id1_252.jpg,27.0,"{'Woman': 54.42875623703003, 'Man': 45.57124376296997}",Woman,
id65_1907.jpg,26.0,"{'Woman': 89.76386189460754, 'Man': 10.236138850450516}",Woman,
id68_1821.jpg,29.0,"{'Woman': 11.586219072341919, 'Man': 88.41378688812256}",Man,
id96_2505.jpg,,,,'tuple' object has no attribute 'shape'
id59_1588.jpg,37.0,"{'Woman': 70.88462114334106, 'Man': 29.115375876426697}",Woman,
id118_2987.jpg,32.0,"{'Woman': 60.62617897987366, 'Man': 39.37382400035858}",Woman,
id36_1405.jpg,35.0,"{'Woman': 42.41842329502106, 'Man': 57.58157968521118}",Man,
id18_674.jpg,31.0,"{'Woman': 16.062544286251068, 'Man': 83.93746018409729}",Man,
id115_2923.jpg,24.0,"{'Woman': 6.617935001850128, 'Man': 93.38206648826599}",Man,
id33_741.jpg,31.0,"{'Woman': 10.374299436807632, 'Man': 89.62569832801819}",Man,
id79_2013.jpg,28.0,"{'Woman': 17.46216118335724, 'Man': 82.537841796875}",Man,
id108_2818.jpg,29.0,"{'Woman': 7.2948746383190155, 'Man': 92.7051305770874}",Man,
id65_1861.jpg,35.0,"{'Woman': 19.049817323684692, 'Man': 80.95018863677979}",Man,
id16_284.jpg,28.0,"{'Woman': 5.014901980757713, 'Man': 94.98509764671326}",Man,
id6_90.jpg,32.0,"{'Woman': 3.546801581978798, 'Man': 96.453195810318}",Man,
id122_3204.jpg,,,,'tuple' object has no attribute 'shape'
id41_964.jpg,27.0,"{'Woman': 11.010877043008804, 'Man': 88.9891266822815}",Man,
id3_11.jpg,32.0,"{'Woman': 10.105714201927185, 'Man': 89.89428281784058}",Man,
id64_1652.jpg,28.0,"{'Woman': 18.477663397789, 'Man': 81.52233958244324}",Man,
id14_186.jpg,34.0,"{'Woman': 16.398601233959198, 'Man': 83.60140323638916}",Man,
id18_729.jpg,34.0,"{'Woman': 6.187715753912926, 'Man': 93.8122808933258}",Man,
id41_1390.jpg,36.0,"{'Woman': 14.841096103191376, 'Man': 85.15890836715698}",Man,
id49_1306.jpg,24.0,"{'Woman': 4.151003807783127, 'Man': 95.84899544715881}",Man,
id79_2031.jpg,28.0,"{'Woman': 25.930142402648926, 'Man': 74.0698516368866}",Man,
id59_1578.jpg,30.0,"{'Woman': 58.57590436935425, 'Man': 41.42409563064575}",Woman,
id78_2121.jpg,25.0,"{'Woman': 1.4789819717407227, 'Man': 98.52102398872375}",Man,
id105_2852.jpg,27.0,"{'Woman': 17.26766526699066, 'Man': 82.73233771324158}",Man,
id77_2055.jpg,23.0,"{'Woman': 2.04640980809927, 'Man': 97.95358777046204}",Man,
id61_1621.jpg,35.0,"{'Woman': 11.369675397872925, 'Man': 88.6303186416626}",Man,
id55_1521.jpg,27.0,"{'Woman': 5.516239255666733, 'Man': 94.48375701904297}",Man,
id118_3015.jpg,34.0,"{'Woman': 28.260666131973267, 'Man': 71.73933386802673}",Man,
id78_2006.jpg,26.0,"{'Woman': 7.48109444975853, 'Man': 92.51890778541565}",Man,
id90_2577.jpg,28.0,"{'Woman': 1.7414964735507965, 'Man': 98.25849533081055}",Man,
id47_1220.jpg,40.0,"{'Woman': 16.6414275765419, 'Man': 83.35856795310974}",Man,
id40_1104.jpg,35.0,"{'Woman': 7.828822731971741, 'Man': 92.1711802482605}",Man,
id110_2740.jpg,25.0,"{'Woman': 4.116002097725868, 'Man': 95.88399529457092}",Man,
id36_952.jpg,29.0,"{'Woman': 13.379409909248352, 'Man': 86.62058711051941}",Man,
id95_2582.jpg,27.0,"{'Woman': 16.239802539348602, 'Man': 83.76019597053528}",Man,
id101_2647.jpg,33.0,"{'Woman': 4.130477458238602, 'Man': 95.86952328681946}",Man,
id40_1079.jpg,,,,'tuple' object has no attribute 'shape'
id108_2774.jpg,32.0,"{'Woman': 1.190313696861267, 'Man': 98.8096833229065}",Man,
id41_1488.jpg,27.0,"{'Woman': 16.385433077812195, 'Man': 83.61456394195557}",Man,
id25_528.jpg,25.0,"{'Woman': 2.191931940615177, 'Man': 97.8080689907074}",Man,
id79_2163.jpg,35.0,"{'Woman': 5.250687152147293, 'Man': 94.74931359291077}",Man,
id42_1052.jpg,33.0,"{'Woman': 13.129092752933502, 'Man': 86.8709146976471}",Man,
id41_1082.jpg,,,,'tuple' object has no attribute 'shape'
id25_789.jpg,26.0,"{'Woman': 76.61265730857849, 'Man': 23.38733673095703}",Woman,
id27_408.jpg,35.0,"{'Woman': 15.566004812717438, 'Man': 84.43399667739868}",Man,
id65_1813.jpg,28.0,"{'Woman': 5.864159017801285, 'Man': 94.13584470748901}",Man,
id65_1866.jpg,30.0,"{'Woman': 17.115676403045654, 'Man': 82.88432359695435}",Man,
id32_475.jpg,24.0,"{'Woman': 3.065126948058605, 'Man': 96.93487286567688}",Man,
id83_2238.jpg,27.0,"{'Woman': 3.104272671043873, 'Man': 96.8957245349884}",Man,
id3_5.jpg,28.0,"{'Woman': 18.009383976459503, 'Man': 81.99061155319214}",Man,
id106_2663.jpg,26.0,"{'Woman': 7.796698808670044, 'Man': 92.20329523086548}",Man,
id54_1520.jpg,36.0,"{'Woman': 27.55216360092163, 'Man': 72.44783639907837}",Man,
id1_321.jpg,23.0,"{'Woman': 1.6175532713532448, 'Man': 98.38244915008545}",Man,
id18_388.jpg,26.0,"{'Woman': 19.18403059244156, 'Man': 80.81597089767456}",Man,
id115_2861.jpg,31.0,"{'Woman': 3.8563892245292664, 'Man': 96.14360928535461}",Man,
id59_1605.jpg,30.0,"{'Woman': 57.69220590591431, 'Man': 42.30779707431793}",Woman,
id3_74.jpg,27.0,"{'Woman': 12.30567991733551, 'Man': 87.69431710243225}",Man,
id93_2449.jpg,32.0,"{'Woman': 80.93342781066895, 'Man': 19.066570699214935}",Woman,
id100_2650.jpg,30.0,"{'Woman': 10.95626875758171, 'Man': 89.04373049736023}",Man,
id108_2797.jpg,24.0,"{'Woman': 9.73908007144928, 'Man': 90.26092290878296}",Man,
id48_1201.jpg,32.0,"{'Woman': 7.444271445274353, 'Man': 92.55573153495789}",Man,
id36_907.jpg,27.0,"{'Woman': 58.916252851486206, 'Man': 41.083744168281555}",Woman,
id16_296.jpg,31.0,"{'Woman': 6.022686883807182, 'Man': 93.97732019424438}",Man,
id119_3208.jpg,30.0,"{'Woman': 16.65307879447937, 'Man': 83.34692716598511}",Man,
id11_208.jpg,30.0,"{'Woman': 10.44614091515541, 'Man': 89.55385088920593}",Man,
id69_1917.jpg,33.0,"{'Woman': 19.903920590877533, 'Man': 80.09607791900635}",Man,
id1_213.jpg,26.0,"{'Woman': 11.007041484117508, 'Man': 88.99295926094055}",Man,
id63_1686.jpg,27.0,"{'Woman': 8.606816083192825, 'Man': 91.39319062232971}",Man,
id116_3159.jpg,35.0,"{'Woman': 6.474778801202774, 'Man': 93.52521896362305}",Man,
id10_138.jpg,32.0,"{'Woman': 14.724132418632507, 'Man': 85.27587056159973}",Man,
id84_2244.jpg,35.0,"{'Woman': 5.559587851166725, 'Man': 94.4404125213623}",Man,
id36_1327.jpg,35.0,"{'Woman': 21.758510172367096, 'Man': 78.24149131774902}",Man,
id76_1973.jpg,26.0,"{'Woman': 5.945968255400658, 'Man': 94.05403733253479}",Man,
id36_960.jpg,30.0,"{'Woman': 25.676074624061584, 'Man': 74.32392835617065}",Man,
id77_2231.jpg,26.0,"{'Woman': 1.2707725167274475, 'Man': 98.72922897338867}",Man,
id46_1320.jpg,28.0,"{'Woman': 6.337543576955795, 'Man': 93.6624526977539}",Man,
id61_1599.jpg,32.0,"{'Woman': 29.082012176513672, 'Man': 70.91798782348633}",Man,
id94_2572.jpg,23.0,"{'Woman': 1.96355190128088, 'Man': 98.0364441871643}",Man,
id108_2729.jpg,,,,'tuple' object has no attribute 'shape'
id106_2669.jpg,25.0,"{'Woman': 4.347522184252739, 'Man': 95.65247297286987}",Man,
id79_2038.jpg,29.0,"{'Woman': 9.959423542022705, 'Man': 90.0405764579773}",Man,
id78_2252.jpg,31.0,"{'Woman': 3.163294494152069, 'Man': 96.83669805526733}",Man,
id115_3010.jpg,24.0,"{'Woman': 13.67003470659256, 'Man': 86.32996678352356}",Man,
id3_76.jpg,30.0,"{'Woman': 2.1233122795820236, 'Man': 97.8766918182373}",Man,
id81_2148.jpg,30.0,"{'Woman': 7.29043111205101, 'Man': 92.70956516265869}",Man,
id7_136.jpg,30.0,"{'Woman': 12.7244234085083, 'Man': 87.2755765914917}",Man,
id121_3258.jpg,28.0,"{'Woman': 6.252693384885788, 'Man': 93.74729990959167}",Man,
id55_1520.jpg,28.0,"{'Woman': 2.618376351892948, 'Man': 97.38162755966187}",Man,
id36_864.jpg,26.0,"{'Woman': 10.621267557144165, 'Man': 89.37873244285583}",Man,
id45_1166.jpg,32.0,"{'Woman': 38.159653544425964, 'Man': 61.840349435806274}",Man,
id25_451.jpg,,,,'tuple' object has no attribute 'shape'
id37_896.jpg,35.0,"{'Woman': 9.989888966083527, 'Man': 90.01010656356812}",Man,
id119_3210.jpg,30.0,"{'Woman': 16.65307879447937, 'Man': 83.34692716598511}",Man,
id68_1807.jpg,32.0,"{'Woman': 9.620287269353867, 'Man': 90.37970900535583}",Man,
id68_1890.jpg,31.0,"{'Woman': 25.20645260810852, 'Man': 74.79354739189148}",Man,
id3_114.jpg,30.0,"{'Woman': 4.616589844226837, 'Man': 95.3834056854248}",Man,
id5_136.jpg,29.0,"{'Woman': 4.798620194196701, 'Man': 95.20138502120972}",Man,
id48_1190.jpg,34.0,"{'Woman': 2.5327151641249657, 'Man': 97.46729135513306}",Man,
id90_2516.jpg,31.0,"{'Woman': 6.422842293977737, 'Man': 93.57715249061584}",Man,
id83_2195.jpg,28.0,"{'Woman': 3.0660919845104218, 'Man': 96.93390727043152}",Man,
id59_1608.jpg,32.0,"{'Woman': 19.488053023815155, 'Man': 80.51194548606873}",Man,
id109_2698.jpg,30.0,"{'Woman': 12.50516027212143, 'Man': 87.49483823776245}",Man,
id108_2728.jpg,36.0,"{'Woman': 2.32642013579607, 'Man': 97.6735770702362}",Man,
id115_3017.jpg,24.0,"{'Woman': 1.803375966846943, 'Man': 98.19662570953369}",Man,
id119_3175.jpg,28.0,"{'Woman': 6.400584429502487, 'Man': 93.59941482543945}",Man,
id36_1465.jpg,31.0,"{'Woman': 18.48776340484619, 'Man': 81.51223063468933}",Man,
id4_28.jpg,35.0,"{'Woman': 35.5102002620697, 'Man': 64.48980569839478}",Man,
id46_1245.jpg,33.0,"{'Woman': 45.334482192993164, 'Man': 54.66552376747131}",Man,
id115_2870.jpg,33.0,"{'Woman': 16.2810817360878, 'Man': 83.71891975402832}",Man,
id41_958.jpg,28.0,"{'Woman': 9.526550769805908, 'Man': 90.47344923019409}",Man,
id44_1096.jpg,33.0,"{'Woman': 5.238838493824005, 'Man': 94.76116299629211}",Man,
id41_1032.jpg,27.0,"{'Woman': 9.242316335439682, 'Man': 90.75769186019897}",Man,
id49_1204.jpg,27.0,"{'Woman': 8.445296436548233, 'Man': 91.55470132827759}",Man,
id18_899.jpg,30.0,"{'Woman': 21.681958436965942, 'Man': 78.31804156303406}",Man,
id42_991.jpg,31.0,"{'Woman': 4.922568425536156, 'Man': 95.07743716239929}",Man,
id32_473.jpg,24.0,"{'Woman': 8.506916463375092, 'Man': 91.49308204650879}",Man,
id24_472.jpg,24.0,"{'Woman': 9.957335144281387, 'Man': 90.04266858100891}",Man,
id109_2727.jpg,28.0,"{'Woman': 15.89883267879486, 'Man': 84.10117030143738}",Man,
id77_2058.jpg,24.0,"{'Woman': 2.6881659403443336, 'Man': 97.31183648109436}",Man,
id16_300.jpg,27.0,"{'Woman': 2.576860412955284, 'Man': 97.42314219474792}",Man,
id77_2311.jpg,26.0,"{'Woman': 1.5294860117137432, 'Man': 98.47052097320557}",Man,
id57_1524.jpg,28.0,"{'Woman': 6.7343950271606445, 'Man': 93.26560497283936}",Man,
id73_1917.jpg,27.0,"{'Woman': 18.276649713516235, 'Man': 81.72335028648376}",Man,
id5_159.jpg,33.0,"{'Woman': 5.5962249636650085, 'Man': 94.40377354621887}",Man,
id42_1157.jpg,28.0,"{'Woman': 4.958704486489296, 'Man': 95.0412929058075}",Man,
id45_1157.jpg,26.0,"{'Woman': 10.873553901910782, 'Man': 89.12644982337952}",Man,
id90_2561.jpg,,,,'tuple' object has no attribute 'shape'
id117_3068.jpg,30.0,"{'Woman': 4.438382014632225, 'Man': 95.56161761283875}",Man,
id124_3246.jpg,35.0,"{'Woman': 18.17006915807724, 'Man': 81.82992935180664}",Man,
id3_126.jpg,29.0,"{'Woman': 21.70175015926361, 'Man': 78.29824686050415}",Man,
id41_1026.jpg,26.0,"{'Woman': 9.585622698068619, 'Man': 90.4143750667572}",Man,
id77_2003.jpg,24.0,"{'Woman': 2.3298129439353943, 'Man': 97.67018556594849}",Man,
id115_2914.jpg,31.0,"{'Woman': 6.647855043411255, 'Man': 93.35214495658875}",Man,
id125_3268.jpg,26.0,"{'Woman': 5.957407504320145, 'Man': 94.04259324073792}",Man,
id59_1613.jpg,32.0,"{'Woman': 29.243382811546326, 'Man': 70.75660824775696}",Man,
id84_2228.jpg,31.0,"{'Woman': 13.429857790470123, 'Man': 86.570143699646}",Man,
id134_3319.jpg,28.0,"{'Woman': 5.116111412644386, 'Man': 94.88388895988464}",Man,
id63_1705.jpg,30.0,"{'Woman': 7.532960921525955, 'Man': 92.4670398235321}",Man,
id39_906.jpg,32.0,"{'Woman': 11.662667244672775, 'Man': 88.33732604980469}",Man,
id36_879.jpg,32.0,"{'Woman': 9.000907093286514, 'Man': 90.99909663200378}",Man,
id117_2965.jpg,28.0,"{'Woman': 2.709524892270565, 'Man': 97.29048013687134}",Man,
id105_2920.jpg,28.0,"{'Woman': 1.908504031598568, 'Man': 98.09149503707886}",Man,
id33_728.jpg,27.0,"{'Woman': 4.641557112336159, 'Man': 95.35844326019287}",Man,
id5_111.jpg,29.0,"{'Woman': 7.308051735162735, 'Man': 92.69194602966309}",Man,
id73_1891.jpg,40.0,"{'Woman': 8.893505483865738, 'Man': 91.10649824142456}",Man,
id116_3169.jpg,33.0,"{'Woman': 19.681718945503235, 'Man': 80.31827807426453}",Man,
id20_374.jpg,33.0,"{'Woman': 17.738167941570282, 'Man': 82.2618305683136}",Man,
id101_2690.jpg,23.0,"{'Woman': 2.1186936646699905, 'Man': 97.88130521774292}",Man,
id27_417.jpg,33.0,"{'Woman': 16.104930639266968, 'Man': 83.89507532119751}",Man,
id1_241.jpg,30.0,"{'Woman': 55.134397745132446, 'Man': 44.865599274635315}",Woman,
id16_266.jpg,26.0,"{'Woman': 10.733609646558762, 'Man': 89.26638960838318}",Man,
id25_375.jpg,31.0,"{'Woman': 61.75042986869812, 'Man': 38.24956715106964}",Woman,
id39_898.jpg,30.0,"{'Woman': 21.359215676784515, 'Man': 78.64078879356384}",Man,
id106_2681.jpg,23.0,"{'Woman': 8.224689215421677, 'Man': 91.77531599998474}",Man,
id63_1663.jpg,34.0,"{'Woman': 5.384549498558044, 'Man': 94.6154534816742}",Man,
id94_2543.jpg,28.0,"{'Woman': 4.348410665988922, 'Man': 95.6515908241272}",Man,
id41_1322.jpg,26.0,"{'Woman': 17.86046326160431, 'Man': 82.13953971862793}",Man,
id65_1800.jpg,30.0,"{'Woman': 37.319204211235046, 'Man': 62.680792808532715}",Man,
id90_2653.jpg,27.0,"{'Woman': 65.01212120056152, 'Man': 34.98787879943848}",Woman,
id40_1035.jpg,25.0,"{'Woman': 25.398120284080505, 'Man': 74.60187673568726}",Man,
id41_1001.jpg,28.0,"{'Woman': 11.826082319021225, 'Man': 88.17391395568848}",Man,
id83_2156.jpg,27.0,"{'Woman': 6.247125938534737, 'Man': 93.75287890434265}",Man,
id64_1684.jpg,,,,'tuple' object has no attribute 'shape'
id42_997.jpg,34.0,"{'Woman': 13.54549527168274, 'Man': 86.45450472831726}",Man,
id47_1157.jpg,35.0,"{'Woman': 18.074768781661987, 'Man': 81.92523121833801}",Man,
id90_2525.jpg,37.0,"{'Woman': 68.718022108078, 'Man': 31.281977891921997}",Woman,
id46_1322.jpg,28.0,"{'Woman': 4.470457881689072, 'Man': 95.52954435348511}",Man,
id30_450.jpg,28.0,"{'Woman': 4.98403012752533, 'Man': 95.01596689224243}",Man,
id122_3154.jpg,27.0,"{'Woman': 13.085867464542389, 'Man': 86.91413402557373}",Man,
id63_1667.jpg,31.0,"{'Woman': 8.249329030513763, 'Man': 91.75066947937012}",Man,
id44_1104.jpg,27.0,"{'Woman': 2.167663723230362, 'Man': 97.83233404159546}",Man,
id24_496.jpg,32.0,"{'Woman': 15.371115505695343, 'Man': 84.62888598442078}",Man,
id3_13.jpg,29.0,"{'Woman': 7.299574464559555, 'Man': 92.70042777061462}",Man,
id39_939.jpg,28.0,"{'Woman': 19.148851931095123, 'Man': 80.85114359855652}",Man,
id36_877.jpg,,,,'tuple' object has no attribute 'shape'
id36_865.jpg,26.0,"{'Woman': 8.32517147064209, 'Man': 91.67482852935791}",Man,
id36_1388.jpg,32.0,"{'Woman': 56.256067752838135, 'Man': 43.743935227394104}",Woman,
id101_2644.jpg,26.0,"{'Woman': 3.7064865231513977, 'Man': 96.2935209274292}",Man,
id42_1222.jpg,34.0,"{'Woman': 8.078017830848694, 'Man': 91.92198514938354}",Man,
id77_2313.jpg,27.0,"{'Woman': 1.4413916505873203, 'Man': 98.55861067771912}",Man,
id94_2446.jpg,30.0,"{'Woman': 15.245097875595093, 'Man': 84.75490212440491}",Man,
id25_474.jpg,,,,'tuple' object has no attribute 'shape'
id110_2718.jpg,37.0,"{'Woman': 59.948354959487915, 'Man': 40.051645040512085}",Woman,
id48_1178.jpg,34.0,"{'Woman': 3.6637071520090103, 'Man': 96.33629322052002}",Man,
id18_283.jpg,27.0,"{'Woman': 9.028083831071854, 'Man': 90.9719169139862}",Man,
id41_1311.jpg,30.0,"{'Woman': 54.93679642677307, 'Man': 45.063209533691406}",Woman,
id43_1184.jpg,33.0,"{'Woman': 12.68409788608551, 'Man': 87.31589913368225}",Man,
id82_2508.jpg,35.0,"{'Woman': 18.312427401542664, 'Man': 81.68757557868958}",Man,
id68_1849.jpg,29.0,"{'Woman': 7.3956698179244995, 'Man': 92.60433316230774}",Man,
id101_2581.jpg,31.0,"{'Woman': 25.103449821472168, 'Man': 74.89654421806335}",Man,
id44_1011.jpg,29.0,"{'Woman': 4.2250145226716995, 'Man': 95.77498435974121}",Man,
id43_1059.jpg,30.0,"{'Woman': 3.9803415536880493, 'Man': 96.01966142654419}",Man,
id93_2714.jpg,32.0,"{'Woman': 51.426202058792114, 'Man': 48.57379198074341}",Woman,
id24_467.jpg,22.0,"{'Woman': 8.981356769800186, 'Man': 91.01864695549011}",Man,
id84_2227.jpg,29.0,"{'Woman': 9.070246666669846, 'Man': 90.9297525882721}",Man,
id47_1261.jpg,24.0,"{'Woman': 10.374253243207932, 'Man': 89.62574601173401}",Man,
id41_1028.jpg,26.0,"{'Woman': 9.572917968034744, 'Man': 90.42707681655884}",Man,
id133_3308.jpg,34.0,"{'Woman': 25.586196780204773, 'Man': 74.41380023956299}",Man,
id70_1854.jpg,33.0,"{'Woman': 38.095927238464355, 'Man': 61.90407872200012}",Man,
id57_1536.jpg,,,,'tuple' object has no attribute 'shape'
id41_1447.jpg,29.0,"{'Woman': 65.6015157699585, 'Man': 34.39848721027374}",Woman,
id48_1218.jpg,35.0,"{'Woman': 6.104800850152969, 'Man': 93.89519691467285}",Man,
id108_2755.jpg,32.0,"{'Woman': 3.4001924097537994, 'Man': 96.5998113155365}",Man,
id125_3287.jpg,31.0,"{'Woman': 9.908339381217957, 'Man': 90.0916576385498}",Man,
id27_426.jpg,28.0,"{'Woman': 11.763109266757965, 'Man': 88.23689222335815}",Man,
id16_255.jpg,,,,'tuple' object has no attribute 'shape'
id115_2859.jpg,26.0,"{'Woman': 2.3015111684799194, 'Man': 97.69848585128784}",Man,
id115_2929.jpg,23.0,"{'Woman': 5.042363330721855, 'Man': 94.95763778686523}",Man,
id83_2283.jpg,32.0,"{'Woman': 10.059184581041336, 'Man': 89.94081616401672}",Man,
id121_3206.jpg,28.0,"{'Woman': 17.490920424461365, 'Man': 82.5090765953064}",Man,
id46_1306.jpg,33.0,"{'Woman': 37.236958742141724, 'Man': 62.763041257858276}",Man,
id6_94.jpg,29.0,"{'Woman': 15.873217582702637, 'Man': 84.12678241729736}",Man,
id115_2963.jpg,32.0,"{'Woman': 23.539958894252777, 'Man': 76.46004557609558}",Man,
id32_478.jpg,30.0,"{'Woman': 8.962485939264297, 'Man': 91.03751182556152}",Man,
id96_2503.jpg,31.0,"{'Woman': 19.592943787574768, 'Man': 80.40705919265747}",Man,
id43_1192.jpg,34.0,"{'Woman': 11.418522149324417, 'Man': 88.58148455619812}",Man,
id79_2084.jpg,29.0,"{'Woman': 8.600298315286636, 'Man': 91.39969944953918}",Man,
id36_1288.jpg,,,,'tuple' object has no attribute 'shape'
id41_1491.jpg,27.0,"{'Woman': 18.369705975055695, 'Man': 81.63028955459595}",Man,
id43_1057.jpg,32.0,"{'Woman': 6.922444701194763, 'Man': 93.077552318573}",Man,
id65_1774.jpg,37.0,"{'Woman': 8.6096853017807, 'Man': 91.39031171798706}",Man,
id115_2941.jpg,33.0,"{'Woman': 17.7683025598526, 'Man': 82.23169445991516}",Man,
id24_405.jpg,25.0,"{'Woman': 11.279546469449997, 'Man': 88.72045874595642}",Man,
id36_873.jpg,,,,'tuple' object has no attribute 'shape'
id25_449.jpg,29.0,"{'Woman': 4.523179680109024, 'Man': 95.47682404518127}",Man,
id83_2161.jpg,36.0,"{'Woman': 12.817984819412231, 'Man': 87.18201518058777}",Man,
id41_1451.jpg,29.0,"{'Woman': 86.00358366966248, 'Man': 13.996420800685883}",Woman,
id46_1240.jpg,32.0,"{'Woman': 31.63156509399414, 'Man': 68.36843490600586}",Man,
id70_1941.jpg,27.0,"{'Woman': 5.243825912475586, 'Man': 94.75617408752441}",Man,
id119_3246.jpg,33.0,"{'Woman': 16.510067880153656, 'Man': 83.48993062973022}",Man,
id115_2875.jpg,33.0,"{'Woman': 16.704736649990082, 'Man': 83.29525589942932}",Man,
id16_305.jpg,25.0,"{'Woman': 2.3533333092927933, 'Man': 97.64665961265564}",Man,
id18_383.jpg,26.0,"{'Woman': 2.648034505546093, 'Man': 97.35196828842163}",Man,
id83_2192.jpg,27.0,"{'Woman': 23.938333988189697, 'Man': 76.06166005134583}",Man,
id44_1111.jpg,31.0,"{'Woman': 6.311579048633575, 'Man': 93.68841648101807}",Man,
id109_2687.jpg,34.0,"{'Woman': 8.515909314155579, 'Man': 91.48408770561218}",Man,
id79_2056.jpg,26.0,"{'Woman': 4.220723733305931, 'Man': 95.77928185462952}",Man,
id109_2696.jpg,29.0,"{'Woman': 13.94769698381424, 'Man': 86.0522985458374}",Man,
id1_147.jpg,28.0,"{'Woman': 29.958483576774597, 'Man': 70.04151940345764}",Man,
id101_2648.jpg,31.0,"{'Woman': 2.835473045706749, 'Man': 97.16452360153198}",Man,
id39_873.jpg,32.0,"{'Woman': 13.420455157756805, 'Man': 86.57954335212708}",Man,
id27_436.jpg,33.0,"{'Woman': 1.7913686111569405, 'Man': 98.20863008499146}",Man,
id119_3140.jpg,28.0,"{'Woman': 4.469491541385651, 'Man': 95.53050398826599}",Man,
id90_2559.jpg,29.0,"{'Woman': 4.911980777978897, 'Man': 95.08801698684692}",Man,
id10_149.jpg,23.0,"{'Woman': 2.8890620917081833, 'Man': 97.1109390258789}",Man,
id45_1104.jpg,30.0,"{'Woman': 5.0788514316082, 'Man': 94.92114782333374}",Man,
id59_1635.jpg,33.0,"{'Woman': 90.15417695045471, 'Man': 9.845830500125885}",Woman,
id106_2943.jpg,30.0,"{'Woman': 23.232053220272064, 'Man': 76.76793932914734}",Man,
id83_2223.jpg,35.0,"{'Woman': 12.824058532714844, 'Man': 87.17594146728516}",Man,
id72_1888.jpg,32.0,"{'Woman': 5.041258782148361, 'Man': 94.95874643325806}",Man,
id121_3192.jpg,32.0,"{'Woman': 11.9231216609478, 'Man': 88.07688355445862}",Man,
id106_2715.jpg,28.0,"{'Woman': 12.610793113708496, 'Man': 87.3892068862915}",Man,
id63_1649.jpg,32.0,"{'Woman': 7.071655243635178, 'Man': 92.92834401130676}",Man,
id83_2225.jpg,31.0,"{'Woman': 58.5986852645874, 'Man': 41.4013147354126}",Woman,
id115_2860.jpg,30.0,"{'Woman': 11.603868752717972, 'Man': 88.39613199234009}",Man,
id30_438.jpg,36.0,"{'Woman': 27.850639820098877, 'Man': 72.14935421943665}",Man,
id47_1169.jpg,35.0,"{'Woman': 1.8772827461361885, 'Man': 98.1227159500122}",Man,
id49_1202.jpg,27.0,"{'Woman': 16.749179363250732, 'Man': 83.25082063674927}",Man,
id65_1860.jpg,33.0,"{'Woman': 78.68393063545227, 'Man': 21.31607085466385}",Woman,
id94_2458.jpg,,,,'tuple' object has no attribute 'shape'
id23_344.jpg,28.0,"{'Woman': 1.5168356709182262, 'Man': 98.4831690788269}",Man,
id42_1091.jpg,31.0,"{'Woman': 10.462115705013275, 'Man': 89.5378828048706}",Man,
id84_2179.jpg,29.0,"{'Woman': 5.449476465582848, 'Man': 94.55052614212036}",Man,
id1_226.jpg,28.0,"{'Woman': 7.540075480937958, 'Man': 92.45992302894592}",Man,
id37_828.jpg,39.0,"{'Woman': 90.29210805892944, 'Man': 9.707889705896378}",Woman,
id45_1071.jpg,,,,'tuple' object has no attribute 'shape'
id124_3305.jpg,36.0,"{'Woman': 9.369716048240662, 'Man': 90.63028693199158}",Man,
id49_1188.jpg,26.0,"{'Woman': 4.819804057478905, 'Man': 95.18020153045654}",Man,
id36_860.jpg,26.0,"{'Woman': 4.9008723348379135, 'Man': 95.09912133216858}",Man,
id24_350.jpg,28.0,"{'Woman': 12.71182894706726, 'Man': 87.28817105293274}",Man,
id36_1003.jpg,34.0,"{'Woman': 6.35005384683609, 'Man': 93.64994764328003}",Man,
id1_229.jpg,27.0,"{'Woman': 4.2287468910217285, 'Man': 95.77125310897827}",Man,
id77_2233.jpg,27.0,"{'Woman': 2.0135631784796715, 'Man': 97.98643589019775}",Man,
id94_2658.jpg,28.0,"{'Woman': 1.0387730784714222, 'Man': 98.96122813224792}",Man,
id1_39.jpg,31.0,"{'Woman': 6.254598498344421, 'Man': 93.74539852142334}",Man,
id79_2068.jpg,32.0,"{'Woman': 5.181600898504257, 'Man': 94.81839537620544}",Man,
id47_1120.jpg,31.0,"{'Woman': 16.285502910614014, 'Man': 83.71449708938599}",Man,
id18_603.jpg,,,,'tuple' object has no attribute 'shape'
id3_31.jpg,25.0,"{'Woman': 5.776025727391243, 'Man': 94.2239761352539}",Man,
id115_2924.jpg,23.0,"{'Woman': 5.015308782458305, 'Man': 94.98469233512878}",Man,
id68_2001.jpg,35.0,"{'Woman': 35.86041331291199, 'Man': 64.13959264755249}",Man,
id18_415.jpg,26.0,"{'Woman': 23.471753299236298, 'Man': 76.5282392501831}",Man,
id46_1308.jpg,29.0,"{'Woman': 9.833058714866638, 'Man': 90.16693830490112}",Man,
id18_758.jpg,32.0,"{'Woman': 56.492942571640015, 'Man': 43.507057428359985}",Woman,
id78_2139.jpg,28.0,"{'Woman': 4.404668882489204, 'Man': 95.5953299999237}",Man,
id59_1616.jpg,34.0,"{'Woman': 76.19999647140503, 'Man': 23.80000203847885}",Woman,
id44_1093.jpg,29.0,"{'Woman': 3.342147171497345, 'Man': 96.6578483581543}",Man,
id116_3168.jpg,33.0,"{'Woman': 19.640490412712097, 'Man': 80.35951256752014}",Man,
id78_2084.jpg,24.0,"{'Woman': 2.2062214091420174, 'Man': 97.79378175735474}",Man,
id103_2740.jpg,35.0,"{'Woman': 14.336909353733063, 'Man': 85.66309213638306}",Man,
id69_1899.jpg,26.0,"{'Woman': 0.9623721241950989, 'Man': 99.03762936592102}",Man,
id24_464.jpg,23.0,"{'Woman': 15.222398936748505, 'Man': 84.77759957313538}",Man,
id42_1135.jpg,34.0,"{'Woman': 5.208338424563408, 'Man': 94.79166269302368}",Man,
id36_1458.jpg,28.0,"{'Woman': 18.94744783639908, 'Man': 81.05255365371704}",Man,
id54_1497.jpg,29.0,"{'Woman': 4.7590140253305435, 'Man': 95.24098634719849}",Man,
id3_52.jpg,28.0,"{'Woman': 3.872266784310341, 'Man': 96.12773656845093}",Man,
id41_1312.jpg,30.0,"{'Woman': 65.15449285507202, 'Man': 34.84550714492798}",Woman,
id68_1806.jpg,31.0,"{'Woman': 4.900836944580078, 'Man': 95.09916305541992}",Man,
id106_2690.jpg,26.0,"{'Woman': 4.5637670904397964, 'Man': 95.43623328208923}",Man,
id101_2660.jpg,28.0,"{'Woman': 14.61530327796936, 'Man': 85.38469076156616}",Man,
id24_408.jpg,26.0,"{'Woman': 13.052722811698914, 'Man': 86.94727420806885}",Man,
id121_3162.jpg,29.0,"{'Woman': 33.85307490825653, 'Man': 66.14692807197571}",Man,
id93_2472.jpg,36.0,"{'Woman': 10.107367485761642, 'Man': 89.8926317691803}",Man,
id36_799.jpg,25.0,"{'Woman': 28.13449501991272, 'Man': 71.86550498008728}",Man,
id115_2850.jpg,28.0,"{'Woman': 17.988401651382446, 'Man': 82.01159834861755}",Man,
id59_1707.jpg,26.0,"{'Woman': 26.200467348098755, 'Man': 73.79953861236572}",Man,
id72_1908.jpg,30.0,"{'Woman': 10.086049884557724, 'Man': 89.91394639015198}",Man,
id49_1399.jpg,32.0,"{'Woman': 98.63683581352234, 'Man': 1.3631667010486126}",Woman,
id11_226.jpg,27.0,"{'Woman': 3.96394282579422, 'Man': 96.03605270385742}",Man,
id55_1566.jpg,29.0,"{'Woman': 1.0718130506575108, 'Man': 98.92818927764893}",Man,
id3_59.jpg,25.0,"{'Woman': 2.4919213727116585, 'Man': 97.50807285308838}",Man,
id59_1593.jpg,32.0,"{'Woman': 24.496018886566162, 'Man': 75.50398111343384}",Man,
id47_1167.jpg,35.0,"{'Woman': 3.54900062084198, 'Man': 96.45100235939026}",Man,
id103_2737.jpg,32.0,"{'Woman': 6.890632212162018, 'Man': 93.10936331748962}",Man,
id3_23.jpg,26.0,"{'Woman': 13.151675462722778, 'Man': 86.84831857681274}",Man,
id27_566.jpg,29.0,"{'Woman': 15.980865061283112, 'Man': 84.01913046836853}",Man,
id43_1198.jpg,31.0,"{'Woman': 9.852679073810577, 'Man': 90.14731645584106}",Man,
id108_2717.jpg,30.0,"{'Woman': 4.865039139986038, 'Man': 95.13496160507202}",Man,
id30_465.jpg,32.0,"{'Woman': 23.54578673839569, 'Man': 76.45421028137207}",Man,
id77_2072.jpg,26.0,"{'Woman': 1.2141209095716476, 'Man': 98.7858772277832}",Man,
id53_1436.jpg,28.0,"{'Woman': 3.2019559293985367, 'Man': 96.79805040359497}",Man,
id1_323.jpg,23.0,"{'Woman': 1.6126478090882301, 'Man': 98.38735461235046}",Man,
id83_2240.jpg,34.0,"{'Woman': 18.57667714357376, 'Man': 81.42331838607788}",Man,
id124_3166.jpg,36.0,"{'Woman': 13.06806355714798, 'Man': 86.93193793296814}",Man,
id25_796.jpg,29.0,"{'Woman': 10.697657614946365, 'Man': 89.30233716964722}",Man,
id33_698.jpg,,,,'tuple' object has no attribute 'shape'
id91_2434.jpg,,,,'tuple' object has no attribute 'shape'
id10_161.jpg,30.0,"{'Woman': 30.714064836502075, 'Man': 69.2859411239624}",Man,
id18_370.jpg,28.0,"{'Woman': 1.841081865131855, 'Man': 98.1589138507843}",Man,
id77_2041.jpg,28.0,"{'Woman': 3.5227641463279724, 'Man': 96.47724032402039}",Man,
id49_1316.jpg,25.0,"{'Woman': 33.4087997674942, 'Man': 66.59119725227356}",Man,
id128_3273.jpg,31.0,"{'Woman': 7.523363828659058, 'Man': 92.47663021087646}",Man,
id1_86.jpg,27.0,"{'Woman': 11.489280313253403, 'Man': 88.51072192192078}",Man,
id121_3203.jpg,29.0,"{'Woman': 10.666610300540924, 'Man': 89.3333911895752}",Man,
id5_154.jpg,25.0,"{'Woman': 14.347825944423676, 'Man': 85.65217852592468}",Man,
id1_184.jpg,25.0,"{'Woman': 28.489723801612854, 'Man': 71.51026725769043}",Man,
id27_421.jpg,29.0,"{'Woman': 23.725539445877075, 'Man': 76.27446055412292}",Man,
id18_696.jpg,29.0,"{'Woman': 9.049400687217712, 'Man': 90.95059633255005}",Man,
id49_1287.jpg,25.0,"{'Woman': 6.218140944838524, 'Man': 93.78185868263245}",Man,
id24_447.jpg,24.0,"{'Woman': 10.196538269519806, 'Man': 89.80346322059631}",Man,
id10_227.jpg,31.0,"{'Woman': 18.817009031772614, 'Man': 81.18298649787903}",Man,
id79_2112.jpg,27.0,"{'Woman': 10.516124218702316, 'Man': 89.4838809967041}",Man,
id47_1275.jpg,27.0,"{'Woman': 5.976561829447746, 'Man': 94.02344226837158}",Man,
id55_1565.jpg,,,,'tuple' object has no attribute 'shape'
id36_826.jpg,,,,'tuple' object has no attribute 'shape'
id78_2052.jpg,27.0,"{'Woman': 5.622389912605286, 'Man': 94.37761306762695}",Man,
id90_2581.jpg,26.0,"{'Woman': 4.170285537838936, 'Man': 95.82971334457397}",Man,
id41_962.jpg,27.0,"{'Woman': 9.373889118432999, 'Man': 90.62610864639282}",Man,
id36_987.jpg,36.0,"{'Woman': 27.576732635498047, 'Man': 72.42327332496643}",Man,
id3_163.jpg,28.0,"{'Woman': 32.9617977142334, 'Man': 67.03820824623108}",Man,
id49_1223.jpg,34.0,"{'Woman': 11.06024906039238, 'Man': 88.93975019454956}",Man,
id8_131.jpg,31.0,"{'Woman': 21.5944841504097, 'Man': 78.40551733970642}",Man,
id55_1553.jpg,29.0,"{'Woman': 1.570584811270237, 'Man': 98.42942357063293}",Man,
id65_1752.jpg,33.0,"{'Woman': 23.249024152755737, 'Man': 76.75098180770874}",Man,
id77_2011.jpg,25.0,"{'Woman': 1.4136754907667637, 'Man': 98.58632683753967}",Man,
id115_3007.jpg,,,,'tuple' object has no attribute 'shape'
id10_189.jpg,22.0,"{'Woman': 3.7611983716487885, 'Man': 96.23880386352539}",Man,
id122_3197.jpg,26.0,"{'Woman': 46.2155818939209, 'Man': 53.7844181060791}",Man,
id71_1907.jpg,22.0,"{'Woman': 2.205485850572586, 'Man': 97.79451489448547}",Man,
id18_619.jpg,34.0,"{'Woman': 1.3093502260744572, 'Man': 98.69065284729004}",Man,
id24_575.jpg,26.0,"{'Woman': 2.653047628700733, 'Man': 97.34695553779602}",Man,
id79_2120.jpg,34.0,"{'Woman': 4.208897426724434, 'Man': 95.79110145568848}",Man,
id39_867.jpg,31.0,"{'Woman': 22.795116901397705, 'Man': 77.2048830986023}",Man,
id10_187.jpg,28.0,"{'Woman': 11.668258905410767, 'Man': 88.33173513412476}",Man,
id41_1216.jpg,30.0,"{'Woman': 29.8842191696167, 'Man': 70.1157808303833}",Man,
id119_3092.jpg,28.0,"{'Woman': 7.382073998451233, 'Man': 92.61792302131653}",Man,
id93_2541.jpg,34.0,"{'Woman': 2.9615357518196106, 'Man': 97.03845977783203}",Man,
id94_2659.jpg,30.0,"{'Woman': 2.4540798738598824, 'Man': 97.54592180252075}",Man,
id31_454.jpg,28.0,"{'Woman': 55.99944591522217, 'Man': 44.00055110454559}",Woman,
id83_2286.jpg,34.0,"{'Woman': 18.883579969406128, 'Man': 81.11642599105835}",Man,
id30_452.jpg,25.0,"{'Woman': 30.25604486465454, 'Man': 69.74396109580994}",Man,
id1_200.jpg,25.0,"{'Woman': 23.64584654569626, 'Man': 76.35415196418762}",Man,
id5_89.jpg,28.0,"{'Woman': 25.721630454063416, 'Man': 74.27836656570435}",Man,
id10_188.jpg,23.0,"{'Woman': 2.4505024775862694, 'Man': 97.54949808120728}",Man,
id118_3132.jpg,27.0,"{'Woman': 10.157714784145355, 'Man': 89.84228372573853}",Man,
id49_1237.jpg,28.0,"{'Woman': 3.0934980139136314, 'Man': 96.90650701522827}",Man,
id3_88.jpg,28.0,"{'Woman': 15.32178819179535, 'Man': 84.67820882797241}",Man,
id23_345.jpg,27.0,"{'Woman': 0.8939534425735474, 'Man': 99.10604357719421}",Man,
id65_1763.jpg,28.0,"{'Woman': 13.882258534431458, 'Man': 86.11774444580078}",Man,
id1_470.jpg,25.0,"{'Woman': 22.248271107673645, 'Man': 77.7517318725586}",Man,
id36_1300.jpg,33.0,"{'Woman': 6.605760008096695, 'Man': 93.39423775672913}",Man,
id41_1467.jpg,28.0,"{'Woman': 96.78932428359985, 'Man': 3.2106753438711166}",Woman,
id121_3248.jpg,30.0,"{'Woman': 11.28314882516861, 'Man': 88.71685266494751}",Man,
id119_3100.jpg,29.0,"{'Woman': 21.17682248353958, 'Man': 78.82317304611206}",Man,
id106_2667.jpg,24.0,"{'Woman': 2.868279442191124, 'Man': 97.13171720504761}",Man,
id36_961.jpg,,,,'tuple' object has no attribute 'shape'
id41_1084.jpg,,,,'tuple' object has no attribute 'shape'
id60_1598.jpg,24.0,"{'Woman': 2.2499237209558487, 'Man': 97.75007963180542}",Man,
id70_1831.jpg,36.0,"{'Woman': 1.3454862870275974, 'Man': 98.65451455116272}",Man,
id65_1684.jpg,38.0,"{'Woman': 38.02308738231659, 'Man': 61.97691559791565}",Man,
id42_993.jpg,33.0,"{'Woman': 6.157558038830757, 'Man': 93.84244680404663}",Man,
id23_335.jpg,31.0,"{'Woman': 2.9239406809210777, 'Man': 97.07605838775635}",Man,
id5_106.jpg,33.0,"{'Woman': 19.103527069091797, 'Man': 80.8964729309082}",Man,
id23_329.jpg,25.0,"{'Woman': 0.5057382397353649, 'Man': 99.49426054954529}",Man,
id45_1063.jpg,32.0,"{'Woman': 5.473614111542702, 'Man': 94.52638626098633}",Man,
id55_1558.jpg,27.0,"{'Woman': 1.3204908929765224, 'Man': 98.67951273918152}",Man,
id62_1644.jpg,31.0,"{'Woman': 6.924624741077423, 'Man': 93.0753767490387}",Man,
id18_273.jpg,32.0,"{'Woman': 44.958218932151794, 'Man': 55.04177808761597}",Man,
id82_2572.jpg,37.0,"{'Woman': 25.027823448181152, 'Man': 74.97217059135437}",Man,
id42_962.jpg,,,,'tuple' object has no attribute 'shape'
id37_823.jpg,,,,'tuple' object has no attribute 'shape'
id36_800.jpg,27.0,"{'Woman': 21.895256638526917, 'Man': 78.10474634170532}",Man,
id79_2036.jpg,25.0,"{'Woman': 9.5291368663311, 'Man': 90.47086834907532}",Man,
id63_1662.jpg,30.0,"{'Woman': 7.999514043331146, 'Man': 92.00048446655273}",Man,
id79_2128.jpg,29.0,"{'Woman': 28.446316719055176, 'Man': 71.5536892414093}",Man,
id41_1307.jpg,,,,'tuple' object has no attribute 'shape'
id127_3238.jpg,30.0,"{'Woman': 90.9920871257782, 'Man': 9.007911384105682}",Woman,
id105_2878.jpg,23.0,"{'Woman': 8.755309879779816, 'Man': 91.2446916103363}",Man,
id121_3169.jpg,29.0,"{'Woman': 20.60324251651764, 'Man': 79.39675450325012}",Man,
id63_1690.jpg,30.0,"{'Woman': 6.799818575382233, 'Man': 93.20017695426941}",Man,
id3_17.jpg,28.0,"{'Woman': 6.541165709495544, 'Man': 93.4588372707367}",Man,
id119_3255.jpg,22.0,"{'Woman': 2.0127659663558006, 'Man': 97.98723459243774}",Man,
id112_2809.jpg,28.0,"{'Woman': 2.974255569279194, 'Man': 97.02574014663696}",Man,
id93_2484.jpg,33.0,"{'Woman': 21.463683247566223, 'Man': 78.53631973266602}",Man,
id16_311.jpg,30.0,"{'Woman': 5.677996575832367, 'Man': 94.32200789451599}",Man,
id83_2210.jpg,28.0,"{'Woman': 3.0788443982601166, 'Man': 96.92115187644958}",Man,
id125_3246.jpg,26.0,"{'Woman': 16.089925169944763, 'Man': 83.91007781028748}",Man,
id3_160.jpg,29.0,"{'Woman': 46.73471748828888, 'Man': 53.26528549194336}",Man,
id93_2479.jpg,32.0,"{'Woman': 38.279542326927185, 'Man': 61.720460653305054}",Man,
id43_985.jpg,31.0,"{'Woman': 7.525163143873215, 'Man': 92.47483611106873}",Man,
id78_2244.jpg,30.0,"{'Woman': 3.051248751580715, 'Man': 96.94874882698059}",Man,
id54_1476.jpg,28.0,"{'Woman': 10.995521396398544, 'Man': 89.00448083877563}",Man,
id41_1061.jpg,30.0,"{'Woman': 33.324915170669556, 'Man': 66.67508482933044}",Man,
id36_904.jpg,,,,'tuple' object has no attribute 'shape'
id106_2695.jpg,31.0,"{'Woman': 21.415679156780243, 'Man': 78.58431935310364}",Man,
id57_1639.jpg,31.0,"{'Woman': 9.634878486394882, 'Man': 90.3651237487793}",Man,
id61_1613.jpg,34.0,"{'Woman': 10.143020749092102, 'Man': 89.85697627067566}",Man,
id24_346.jpg,31.0,"{'Woman': 20.158272981643677, 'Man': 79.84172701835632}",Man,
id103_2636.jpg,35.0,"{'Woman': 10.012201964855194, 'Man': 89.98779058456421}",Man,
id24_597.jpg,37.0,"{'Woman': 15.050187706947327, 'Man': 84.94981527328491}",Man,
id32_461.jpg,25.0,"{'Woman': 15.174095332622528, 'Man': 84.82589721679688}",Man,
id27_500.jpg,30.0,"{'Woman': 3.640064224600792, 'Man': 96.35993242263794}",Man,
id78_2043.jpg,34.0,"{'Woman': 43.969520926475525, 'Man': 56.030476093292236}",Man,
id18_489.jpg,30.0,"{'Woman': 10.673313587903976, 'Man': 89.32667970657349}",Man,
id5_59.jpg,34.0,"{'Woman': 7.438979297876358, 'Man': 92.56101846694946}",Man,
id40_1070.jpg,33.0,"{'Woman': 21.752949059009552, 'Man': 78.24705243110657}",Man,
id59_1744.jpg,30.0,"{'Woman': 74.78870749473572, 'Man': 25.21129846572876}",Woman,
id24_469.jpg,22.0,"{'Woman': 6.980221718549728, 'Man': 93.01977753639221}",Man,
id24_595.jpg,33.0,"{'Woman': 9.87425372004509, 'Man': 90.12574553489685}",Man,
id105_2853.jpg,27.0,"{'Woman': 26.902034878730774, 'Man': 73.09796810150146}",Man,
id84_2225.jpg,29.0,"{'Woman': 25.38095712661743, 'Man': 74.61904287338257}",Man,
id37_850.jpg,,,,'tuple' object has no attribute 'shape'
id70_1872.jpg,28.0,"{'Woman': 7.773231714963913, 'Man': 92.22676157951355}",Man,
id79_2100.jpg,34.0,"{'Woman': 2.1579327061772346, 'Man': 97.84206748008728}",Man,
id92_2398.jpg,40.0,"{'Woman': 19.690419733524323, 'Man': 80.3095817565918}",Man,
id77_2286.jpg,24.0,"{'Woman': 5.751102045178413, 'Man': 94.2488968372345}",Man,
id54_1576.jpg,24.0,"{'Woman': 1.3850095681846142, 'Man': 98.61499071121216}",Man,
id36_867.jpg,,,,'tuple' object has no attribute 'shape'
id78_2247.jpg,30.0,"{'Woman': 4.463540390133858, 'Man': 95.53646445274353}",Man,
id72_1898.jpg,28.0,"{'Woman': 6.986553966999054, 'Man': 93.01344156265259}",Man,
id37_899.jpg,39.0,"{'Woman': 19.676904380321503, 'Man': 80.32310009002686}",Man,
id78_2192.jpg,28.0,"{'Woman': 2.3423628881573677, 'Man': 97.65763282775879}",Man,
id108_2777.jpg,22.0,"{'Woman': 6.316003203392029, 'Man': 93.68399381637573}",Man,
id41_1079.jpg,,,,'tuple' object has no attribute 'shape'
id62_1659.jpg,23.0,"{'Woman': 4.384740814566612, 'Man': 95.6152617931366}",Man,
id16_257.jpg,28.0,"{'Woman': 4.107295349240303, 'Man': 95.89269757270813}",Man,
id59_1673.jpg,29.0,"{'Woman': 12.764590978622437, 'Man': 87.23541498184204}",Man,
id1_65.jpg,31.0,"{'Woman': 17.454126477241516, 'Man': 82.54587054252625}",Man,
id122_3239.jpg,28.0,"{'Woman': 12.854933738708496, 'Man': 87.14507222175598}",Man,
id36_1293.jpg,,,,'tuple' object has no attribute 'shape'
id11_184.jpg,26.0,"{'Woman': 4.932283237576485, 'Man': 95.06771564483643}",Man,
id45_1053.jpg,30.0,"{'Woman': 8.095086365938187, 'Man': 91.90491437911987}",Man,
id59_1598.jpg,32.0,"{'Woman': 18.799303472042084, 'Man': 81.20070099830627}",Man,
id36_1414.jpg,36.0,"{'Woman': 52.85915732383728, 'Man': 47.14084267616272}",Woman,
id92_2388.jpg,35.0,"{'Woman': 10.433905571699142, 'Man': 89.5660936832428}",Man,
id79_2093.jpg,30.0,"{'Woman': 4.91572804749012, 'Man': 95.08426785469055}",Man,
id24_431.jpg,24.0,"{'Woman': 37.76683807373047, 'Man': 62.23316192626953}",Man,
id116_3069.jpg,31.0,"{'Woman': 2.3600997403264046, 'Man': 97.63990044593811}",Man,
id36_1445.jpg,31.0,"{'Woman': 25.397267937660217, 'Man': 74.60273504257202}",Man,
id18_675.jpg,30.0,"{'Woman': 18.852387368679047, 'Man': 81.14760518074036}",Man,
id20_470.jpg,34.0,"{'Woman': 25.713205337524414, 'Man': 74.28679466247559}",Man,
id65_1755.jpg,35.0,"{'Woman': 17.052988708019257, 'Man': 82.94700980186462}",Man,
id79_2095.jpg,29.0,"{'Woman': 4.145575687289238, 'Man': 95.85442543029785}",Man,
id24_594.jpg,31.0,"{'Woman': 8.866103738546371, 'Man': 91.13389253616333}",Man,
id5_170.jpg,26.0,"{'Woman': 7.398011535406113, 'Man': 92.60199069976807}",Man,
id41_1288.jpg,26.0,"{'Woman': 11.941076070070267, 'Man': 88.05893063545227}",Man,
id60_1610.jpg,28.0,"{'Woman': 8.525307476520538, 'Man': 91.47469401359558}",Man,
id78_2129.jpg,32.0,"{'Woman': 4.312390089035034, 'Man': 95.68760395050049}",Man,
id118_2991.jpg,32.0,"{'Woman': 83.2446813583374, 'Man': 16.75531566143036}",Woman,
id3_64.jpg,27.0,"{'Woman': 0.7005400490015745, 'Man': 99.29946064949036}",Man,
id122_3247.jpg,27.0,"{'Woman': 1.3379422947764397, 'Man': 98.6620545387268}",Man,
id5_58.jpg,34.0,"{'Woman': 11.495064944028854, 'Man': 88.50494027137756}",Man,
id106_2664.jpg,25.0,"{'Woman': 8.099956065416336, 'Man': 91.9000506401062}",Man,
id45_1195.jpg,,,,'tuple' object has no attribute 'shape'
id8_120.jpg,31.0,"{'Woman': 45.66969871520996, 'Man': 54.33030724525452}",Man,
id59_1642.jpg,36.0,"{'Woman': 39.54644203186035, 'Man': 60.45355796813965}",Man,
id27_468.jpg,28.0,"{'Woman': 0.9068392217159271, 'Man': 99.09316301345825}",Man,
id2_49.jpg,33.0,"{'Woman': 6.555101275444031, 'Man': 93.44489574432373}",Man,
id96_2556.jpg,29.0,"{'Woman': 21.97490930557251, 'Man': 78.02509069442749}",Man,
id124_3281.jpg,,,,'tuple' object has no attribute 'shape'
id44_1082.jpg,27.0,"{'Woman': 14.372192323207855, 'Man': 85.6278121471405}",Man,
id128_3260.jpg,31.0,"{'Woman': 16.035501658916473, 'Man': 83.96449685096741}",Man,
id83_2460.jpg,28.0,"{'Woman': 70.33635377883911, 'Man': 29.66364622116089}",Woman,
id31_717.jpg,35.0,"{'Woman': 17.509491741657257, 'Man': 82.49050378799438}",Man,
id43_1170.jpg,28.0,"{'Woman': 9.771935641765594, 'Man': 90.22806882858276}",Man,
id41_1426.jpg,,,,'tuple' object has no attribute 'shape'
id108_2721.jpg,,,,'tuple' object has no attribute 'shape'
id37_874.jpg,34.0,"{'Woman': 79.45253849029541, 'Man': 20.547455549240112}",Woman,
id5_88.jpg,35.0,"{'Woman': 4.443179443478584, 'Man': 95.55681347846985}",Man,
id57_1629.jpg,26.0,"{'Woman': 10.72884052991867, 'Man': 89.27115797996521}",Man,
id18_666.jpg,31.0,"{'Woman': 25.10150969028473, 'Man': 74.89848732948303}",Man,
id118_3055.jpg,,,,'tuple' object has no attribute 'shape'
id103_2763.jpg,41.0,"{'Woman': 12.926195561885834, 'Man': 87.07380890846252}",Man,
id116_2964.jpg,26.0,"{'Woman': 2.11190115660429, 'Man': 97.88810014724731}",Man,
id102_2622.jpg,31.0,"{'Woman': 2.8916064649820328, 'Man': 97.10839986801147}",Man,
id109_2714.jpg,26.0,"{'Woman': 5.8196138590574265, 'Man': 94.18038129806519}",Man,
id121_3125.jpg,28.0,"{'Woman': 1.6818055883049965, 'Man': 98.31820130348206}",Man,
id48_1198.jpg,,,,'tuple' object has no attribute 'shape'
id101_2628.jpg,25.0,"{'Woman': 4.370822012424469, 'Man': 95.62917947769165}",Man,
id78_2078.jpg,22.0,"{'Woman': 4.641101136803627, 'Man': 95.35890221595764}",Man,
id102_2627.jpg,31.0,"{'Woman': 11.288333684206009, 'Man': 88.71166706085205}",Man,
id90_2409.jpg,26.0,"{'Woman': 6.18828684091568, 'Man': 93.81171464920044}",Man,
id3_102.jpg,29.0,"{'Woman': 2.3374423384666443, 'Man': 97.66255617141724}",Man,
id91_2435.jpg,,,,'tuple' object has no attribute 'shape'
id60_1615.jpg,29.0,"{'Woman': 4.714854061603546, 'Man': 95.28514742851257}",Man,
id36_1460.jpg,25.0,"{'Woman': 17.735514044761658, 'Man': 82.2644829750061}",Man,
id77_2004.jpg,25.0,"{'Woman': 3.869495168328285, 'Man': 96.1305022239685}",Man,
id77_2021.jpg,25.0,"{'Woman': 0.41136881336569786, 'Man': 99.58862662315369}",Man,
id60_1594.jpg,26.0,"{'Woman': 2.3859305307269096, 'Man': 97.61407375335693}",Man,
id90_2410.jpg,30.0,"{'Woman': 4.858303442597389, 'Man': 95.14169692993164}",Man,
id27_550.jpg,25.0,"{'Woman': 4.236015677452087, 'Man': 95.76398134231567}",Man,
id37_890.jpg,35.0,"{'Woman': 34.18234884738922, 'Man': 65.81764817237854}",Man,
id1_57.jpg,32.0,"{'Woman': 5.176595598459244, 'Man': 94.82340216636658}",Man,
id48_1191.jpg,37.0,"{'Woman': 2.694897912442684, 'Man': 97.30510711669922}",Man,
id125_3194.jpg,33.0,"{'Woman': 3.875541314482689, 'Man': 96.12446427345276}",Man,
id68_1832.jpg,32.0,"{'Woman': 9.244921058416367, 'Man': 90.75507521629333}",Man,
id41_1292.jpg,31.0,"{'Woman': 7.564179599285126, 'Man': 92.43581891059875}",Man,
id44_1099.jpg,34.0,"{'Woman': 1.9522126764059067, 'Man': 98.04778695106506}",Man,
id78_2130.jpg,34.0,"{'Woman': 4.366881027817726, 'Man': 95.6331193447113}",Man,
id106_2698.jpg,33.0,"{'Woman': 10.026489943265915, 'Man': 89.97350931167603}",Man,
id24_400.jpg,27.0,"{'Woman': 9.087542444467545, 'Man': 90.91246128082275}",Man,
id69_1864.jpg,33.0,"{'Woman': 6.26353919506073, 'Man': 93.73645782470703}",Man,
id2_44.jpg,29.0,"{'Woman': 10.458498448133469, 'Man': 89.54150080680847}",Man,
id1_240.jpg,30.0,"{'Woman': 55.134397745132446, 'Man': 44.865599274635315}",Woman,
id36_911.jpg,28.0,"{'Woman': 15.900175273418427, 'Man': 84.09982919692993}",Man,
id113_2941.jpg,33.0,"{'Woman': 38.665467500686646, 'Man': 61.33452653884888}",Man,
id121_3268.jpg,24.0,"{'Woman': 4.555857181549072, 'Man': 95.4441487789154}",Man,
id45_1082.jpg,,,,'tuple' object has no attribute 'shape'
id115_2912.jpg,29.0,"{'Woman': 11.804313212633133, 'Man': 88.1956934928894}",Man,
id60_1584.jpg,24.0,"{'Woman': 2.433871477842331, 'Man': 97.56612777709961}",Man,
id130_3273.jpg,30.0,"{'Woman': 81.47549033164978, 'Man': 18.5245081782341}",Woman,
id83_2309.jpg,26.0,"{'Woman': 91.65424704551697, 'Man': 8.34575667977333}",Woman,
id6_93.jpg,25.0,"{'Woman': 8.516532182693481, 'Man': 91.483473777771}",Man,
id36_1308.jpg,30.0,"{'Woman': 7.3037683963775635, 'Man': 92.69623756408691}",Man,
id42_1045.jpg,35.0,"{'Woman': 22.339634597301483, 'Man': 77.6603639125824}",Man,
id4_47.jpg,26.0,"{'Woman': 1.5782391652464867, 'Man': 98.4217643737793}",Man,
id116_3091.jpg,30.0,"{'Woman': 10.586277395486832, 'Man': 89.41372632980347}",Man,
id106_2701.jpg,30.0,"{'Woman': 14.647142589092255, 'Man': 85.3528618812561}",Man,
id63_1658.jpg,31.0,"{'Woman': 6.923903524875641, 'Man': 93.07609796524048}",Man,
id119_3111.jpg,,,,'tuple' object has no attribute 'shape'
id24_366.jpg,25.0,"{'Woman': 8.613566309213638, 'Man': 91.38643741607666}",Man,
id41_1466.jpg,28.0,"{'Woman': 97.66823053359985, 'Man': 2.3317651823163033}",Woman,
id40_1105.jpg,34.0,"{'Woman': 9.042087942361832, 'Man': 90.95790982246399}",Man,
id41_1223.jpg,27.0,"{'Woman': 31.28388822078705, 'Man': 68.71611475944519}",Man,
id48_1173.jpg,32.0,"{'Woman': 5.234719440340996, 'Man': 94.76527571678162}",Man,
id40_1056.jpg,,,,'tuple' object has no attribute 'shape'
id33_735.jpg,33.0,"{'Woman': 5.154860764741898, 'Man': 94.84513998031616}",Man,
id51_1255.jpg,25.0,"{'Woman': 1.222382951527834, 'Man': 98.77761602401733}",Man,
id93_2495.jpg,26.0,"{'Woman': 11.95838749408722, 'Man': 88.04160952568054}",Man,
id41_1316.jpg,27.0,"{'Woman': 40.327975153923035, 'Man': 59.67202186584473}",Man,
id18_708.jpg,32.0,"{'Woman': 4.44863922894001, 'Man': 95.55136561393738}",Man,
id48_1194.jpg,,,,'tuple' object has no attribute 'shape'
id27_446.jpg,31.0,"{'Woman': 1.6598157584667206, 'Man': 98.34017753601074}",Man,
id36_1842.jpg,41.0,"{'Woman': 14.84813541173935, 'Man': 85.15186309814453}",Man,
id54_1515.jpg,29.0,"{'Woman': 6.223028153181076, 'Man': 93.77697110176086}",Man,
id41_1374.jpg,35.0,"{'Woman': 13.865400850772858, 'Man': 86.13460063934326}",Man,
id106_2696.jpg,31.0,"{'Woman': 21.452876925468445, 'Man': 78.54712009429932}",Man,
id36_861.jpg,27.0,"{'Woman': 11.955760419368744, 'Man': 88.04424405097961}",Man,
id92_2390.jpg,29.0,"{'Woman': 10.840722173452377, 'Man': 89.1592800617218}",Man,
id83_2312.jpg,33.0,"{'Woman': 38.32356035709381, 'Man': 61.67643070220947}",Man,
id45_1097.jpg,35.0,"{'Woman': 2.2019630298018456, 'Man': 97.7980375289917}",Man,
id49_1266.jpg,29.0,"{'Woman': 1.486075110733509, 'Man': 98.51391911506653}",Man,
id81_2141.jpg,35.0,"{'Woman': 9.450238198041916, 'Man': 90.54976105690002}",Man,
id5_119.jpg,27.0,"{'Woman': 13.984966278076172, 'Man': 86.01502776145935}",Man,
id108_2801.jpg,26.0,"{'Woman': 5.112546682357788, 'Man': 94.88745331764221}",Man,
id49_1265.jpg,24.0,"{'Woman': 2.2195499390363693, 'Man': 97.78044819831848}",Man,
id18_404.jpg,23.0,"{'Woman': 0.9012741968035698, 'Man': 99.0987241268158}",Man,
id108_2782.jpg,36.0,"{'Woman': 8.663161098957062, 'Man': 91.33683443069458}",Man,
id110_2786.jpg,26.0,"{'Woman': 17.558452486991882, 'Man': 82.44154453277588}",Man,
id121_3170.jpg,,,,'tuple' object has no attribute 'shape'
id49_1270.jpg,30.0,"{'Woman': 5.662626400589943, 'Man': 94.33737993240356}",Man,
id70_1877.jpg,34.0,"{'Woman': 7.930831611156464, 'Man': 92.06916689872742}",Man,
id40_1041.jpg,24.0,"{'Woman': 6.499094516038895, 'Man': 93.50091218948364}",Man,
id25_389.jpg,33.0,"{'Woman': 62.535953521728516, 'Man': 37.464043498039246}",Woman,
id43_1205.jpg,28.0,"{'Woman': 6.408921629190445, 'Man': 93.59108209609985}",Man,
id59_1745.jpg,29.0,"{'Woman': 77.82584428787231, 'Man': 22.174151241779327}",Woman,
id65_1765.jpg,33.0,"{'Woman': 3.1969156116247177, 'Man': 96.80308699607849}",Man,
id41_1011.jpg,30.0,"{'Woman': 20.314815640449524, 'Man': 79.68518733978271}",Man,
id105_2756.jpg,33.0,"{'Woman': 8.909781277179718, 'Man': 91.09022617340088}",Man,
id18_555.jpg,31.0,"{'Woman': 15.834687650203705, 'Man': 84.1653048992157}",Man,
id24_344.jpg,30.0,"{'Woman': 10.725617408752441, 'Man': 89.27438855171204}",Man,
id88_2417.jpg,27.0,"{'Woman': 0.776039669290185, 'Man': 99.22395944595337}",Man,
id116_3157.jpg,35.0,"{'Woman': 13.63997757434845, 'Man': 86.36001944541931}",Man,
id18_449.jpg,24.0,"{'Woman': 4.607969149947166, 'Man': 95.3920304775238}",Man,
id10_229.jpg,32.0,"{'Woman': 16.23910218477249, 'Man': 83.76089930534363}",Man,
id109_2708.jpg,29.0,"{'Woman': 6.826712191104889, 'Man': 93.17328333854675}",Man,
id90_2437.jpg,33.0,"{'Woman': 17.443516850471497, 'Man': 82.55648016929626}",Man,
id25_467.jpg,,,,'tuple' object has no attribute 'shape'
id119_3251.jpg,29.0,"{'Woman': 14.536336064338684, 'Man': 85.46366095542908}",Man,
id57_1558.jpg,26.0,"{'Woman': 50.635868310928345, 'Man': 49.36412870883942}",Woman,
id83_2155.jpg,29.0,"{'Woman': 10.249444842338562, 'Man': 89.75056409835815}",Man,
id46_1294.jpg,32.0,"{'Woman': 35.82751750946045, 'Man': 64.17248249053955}",Man,
id18_580.jpg,32.0,"{'Woman': 24.702154099941254, 'Man': 75.2978503704071}",Man,
id20_361.jpg,33.0,"{'Woman': 7.695646584033966, 'Man': 92.30435490608215}",Man,
id44_1066.jpg,34.0,"{'Woman': 1.9772307947278023, 'Man': 98.02276492118835}",Man,
id62_1768.jpg,29.0,"{'Woman': 2.837890014052391, 'Man': 97.1621036529541}",Man,
id119_3173.jpg,25.0,"{'Woman': 4.7905925661325455, 'Man': 95.20941376686096}",Man,
id41_1383.jpg,34.0,"{'Woman': 29.54155206680298, 'Man': 70.45844793319702}",Man,
id92_2402.jpg,40.0,"{'Woman': 19.58848536014557, 'Man': 80.41151165962219}",Man,
id3_56.jpg,26.0,"{'Woman': 0.8574274368584156, 'Man': 99.14257526397705}",Man,
id119_3218.jpg,27.0,"{'Woman': 15.924859046936035, 'Man': 84.07514095306396}",Man,
id59_1601.jpg,30.0,"{'Woman': 22.137469053268433, 'Man': 77.86253094673157}",Man,
id3_15.jpg,29.0,"{'Woman': 6.597477197647095, 'Man': 93.40252876281738}",Man,
id48_1208.jpg,36.0,"{'Woman': 4.18696328997612, 'Man': 95.8130419254303}",Man,
id5_37.jpg,32.0,"{'Woman': 1.9074015319347382, 'Man': 98.0925977230072}",Man,
id27_413.jpg,,,,'tuple' object has no attribute 'shape'
id115_2862.jpg,31.0,"{'Woman': 3.8563892245292664, 'Man': 96.14360928535461}",Man,
id75_2003.jpg,25.0,"{'Woman': 2.1818213164806366, 'Man': 97.8181779384613}",Man,
id83_2181.jpg,28.0,"{'Woman': 4.443086683750153, 'Man': 95.55691480636597}",Man,
id18_738.jpg,31.0,"{'Woman': 8.299721777439117, 'Man': 91.70028567314148}",Man,
id65_1764.jpg,32.0,"{'Woman': 3.4038741141557693, 'Man': 96.59613370895386}",Man,
id78_2083.jpg,24.0,"{'Woman': 2.521110512316227, 'Man': 97.47888445854187}",Man,
id95_2532.jpg,23.0,"{'Woman': 13.938726484775543, 'Man': 86.06128096580505}",Man,
id58_1569.jpg,23.0,"{'Woman': 1.8316403031349182, 'Man': 98.1683611869812}",Man,
id5_175.jpg,39.0,"{'Woman': 5.59375025331974, 'Man': 94.40624713897705}",Man,
id41_1489.jpg,29.0,"{'Woman': 21.273522078990936, 'Man': 78.72647047042847}",Man,
id68_1910.jpg,31.0,"{'Woman': 4.963997006416321, 'Man': 95.03600001335144}",Man,
id49_1501.jpg,31.0,"{'Woman': 4.694899544119835, 'Man': 95.3050971031189}",Man,
id2_59.jpg,25.0,"{'Woman': 3.1567465513944626, 'Man': 96.84325456619263}",Man,
id78_2019.jpg,25.0,"{'Woman': 6.272994726896286, 'Man': 93.72700452804565}",Man,
id121_3222.jpg,26.0,"{'Woman': 12.025708705186844, 'Man': 87.97429203987122}",Man,
id78_2038.jpg,28.0,"{'Woman': 3.5265635699033737, 'Man': 96.47343158721924}",Man,
id123_3185.jpg,32.0,"{'Woman': 5.689764395356178, 'Man': 94.31023597717285}",Man,
id84_2158.jpg,31.0,"{'Woman': 32.288554310798645, 'Man': 67.7114486694336}",Man,
id121_3266.jpg,26.0,"{'Woman': 6.5697647631168365, 'Man': 93.43023896217346}",Man,
id32_453.jpg,25.0,"{'Woman': 6.423318386077881, 'Man': 93.5766875743866}",Man,
id103_2709.jpg,38.0,"{'Woman': 47.89212942123413, 'Man': 52.10787653923035}",Man,
id41_1376.jpg,35.0,"{'Woman': 13.92887681722641, 'Man': 86.07112169265747}",Man,
id41_1129.jpg,35.0,"{'Woman': 18.165767192840576, 'Man': 81.83423280715942}",Man,
id70_1861.jpg,31.0,"{'Woman': 35.94360947608948, 'Man': 64.05638456344604}",Man,
id24_593.jpg,31.0,"{'Woman': 8.532906323671341, 'Man': 91.46709442138672}",Man,
id90_2657.jpg,29.0,"{'Woman': 52.872854471206665, 'Man': 47.127148509025574}",Woman,
id37_882.jpg,33.0,"{'Woman': 88.62308263778687, 'Man': 11.376918852329254}",Woman,
id41_1323.jpg,26.0,"{'Woman': 17.893217504024506, 'Man': 82.1067750453949}",Man,
id36_1453.jpg,39.0,"{'Woman': 62.317681312561035, 'Man': 37.682315707206726}",Woman,
id7_106.jpg,30.0,"{'Woman': 12.695461511611938, 'Man': 87.30454444885254}",Man,
id27_494.jpg,24.0,"{'Woman': 7.226507365703583, 'Man': 92.7734911441803}",Man,
id41_1055.jpg,29.0,"{'Woman': 19.30258721113205, 'Man': 80.69741129875183}",Man,
id83_2151.jpg,30.0,"{'Woman': 7.5056977570056915, 'Man': 92.49430298805237}",Man,
id124_3201.jpg,33.0,"{'Woman': 54.827308654785156, 'Man': 45.172688364982605}",Woman,
id54_1481.jpg,37.0,"{'Woman': 2.200045622885227, 'Man': 97.79995083808899}",Man,
id108_2769.jpg,30.0,"{'Woman': 4.3007295578718185, 'Man': 95.69927453994751}",Man,
id128_3235.jpg,34.0,"{'Woman': 4.891418293118477, 'Man': 95.10858058929443}",Man,
id116_3119.jpg,33.0,"{'Woman': 4.590426757931709, 'Man': 95.4095721244812}",Man,
id20_383.jpg,36.0,"{'Woman': 34.54172611236572, 'Man': 65.45827984809875}",Man,
id47_1173.jpg,23.0,"{'Woman': 2.5778135284781456, 'Man': 97.422194480896}",Man,
id44_1026.jpg,28.0,"{'Woman': 1.6765380278229713, 'Man': 98.32346439361572}",Man,
id45_1076.jpg,,,,'tuple' object has no attribute 'shape'
id77_2085.jpg,33.0,"{'Woman': 2.2991128265857697, 'Man': 97.70088791847229}",Man,
id41_1386.jpg,34.0,"{'Woman': 15.457102656364441, 'Man': 84.54289436340332}",Man,
id78_2184.jpg,30.0,"{'Woman': 6.704319268465042, 'Man': 93.29567551612854}",Man,
id3_128.jpg,28.0,"{'Woman': 25.076302886009216, 'Man': 74.92369413375854}",Man,
id18_274.jpg,34.0,"{'Woman': 23.562656342983246, 'Man': 76.43733620643616}",Man,
id27_433.jpg,34.0,"{'Woman': 12.317642569541931, 'Man': 87.68236041069031}",Man,
id1_314.jpg,26.0,"{'Woman': 7.276805490255356, 'Man': 92.72319674491882}",Man,
id75_1976.jpg,29.0,"{'Woman': 7.3327988386154175, 'Man': 92.66720414161682}",Man,
id44_1070.jpg,29.0,"{'Woman': 1.322039496153593, 'Man': 98.67795705795288}",Man,
id18_759.jpg,35.0,"{'Woman': 21.269206702709198, 'Man': 78.7307858467102}",Man,
id18_625.jpg,31.0,"{'Woman': 16.57545417547226, 'Man': 83.42454433441162}",Man,
id3_90.jpg,27.0,"{'Woman': 7.0236749947071075, 'Man': 92.97633171081543}",Man,
id121_3217.jpg,26.0,"{'Woman': 11.82614490389824, 'Man': 88.17384839057922}",Man,
id1_206.jpg,26.0,"{'Woman': 89.12302255630493, 'Man': 10.876985639333725}",Woman,
id3_138.jpg,31.0,"{'Woman': 32.57058262825012, 'Man': 67.42941737174988}",Man,
id116_3153.jpg,33.0,"{'Woman': 9.39757227897644, 'Man': 90.60242772102356}",Man,
id116_3165.jpg,33.0,"{'Woman': 14.414656162261963, 'Man': 85.58534383773804}",Man,
id20_285.jpg,26.0,"{'Woman': 5.4070718586444855, 'Man': 94.59292888641357}",Man,
id24_458.jpg,24.0,"{'Woman': 19.127629697322845, 'Man': 80.87236881256104}",Man,
id90_2406.jpg,32.0,"{'Woman': 6.5055593848228455, 'Man': 93.49443912506104}",Man,
id57_1623.jpg,26.0,"{'Woman': 4.057992249727249, 'Man': 95.94200849533081}",Man,
id79_2064.jpg,26.0,"{'Woman': 7.2573550045490265, 'Man': 92.74263978004456}",Man,
id122_3200.jpg,29.0,"{'Woman': 53.632211685180664, 'Man': 46.367788314819336}",Woman,
id115_2964.jpg,32.0,"{'Woman': 27.549418807029724, 'Man': 72.45058417320251}",Man,
id91_2444.jpg,31.0,"{'Woman': 12.150216847658157, 'Man': 87.8497838973999}",Man,
id106_2741.jpg,28.0,"{'Woman': 15.249238908290863, 'Man': 84.75075960159302}",Man,
id109_2700.jpg,32.0,"{'Woman': 8.29201191663742, 'Man': 91.70798063278198}",Man,
id124_3237.jpg,34.0,"{'Woman': 9.613010287284851, 'Man': 90.38699269294739}",Man,
id119_3098.jpg,34.0,"{'Woman': 9.19102281332016, 'Man': 90.80897569656372}",Man,
id40_1078.jpg,,,,'tuple' object has no attribute 'shape'
id83_2227.jpg,31.0,"{'Woman': 64.52096700668335, 'Man': 35.47904193401337}",Woman,
id59_1641.jpg,35.0,"{'Woman': 47.92722761631012, 'Man': 52.0727813243866}",Man,
id41_1444.jpg,27.0,"{'Woman': 92.86451935768127, 'Man': 7.135482877492905}",Woman,
id78_2093.jpg,24.0,"{'Woman': 3.668137639760971, 'Man': 96.33185863494873}",Man,
id46_1379.jpg,26.0,"{'Woman': 21.5688094496727, 'Man': 78.43118906021118}",Man,
id115_3023.jpg,25.0,"{'Woman': 6.166375428438187, 'Man': 93.83362531661987}",Man,
id47_1111.jpg,33.0,"{'Woman': 3.661564737558365, 'Man': 96.33843898773193}",Man,
id25_480.jpg,30.0,"{'Woman': 4.986061900854111, 'Man': 95.01394033432007}",Man,
id41_1473.jpg,27.0,"{'Woman': 98.06913137435913, 'Man': 1.9308719784021378}",Woman,
id51_1253.jpg,24.0,"{'Woman': 2.5105737149715424, 'Man': 97.48942255973816}",Man,
id83_2202.jpg,28.0,"{'Woman': 23.428186774253845, 'Man': 76.5718162059784}",Man,
id18_746.jpg,36.0,"{'Woman': 16.8232262134552, 'Man': 83.1767737865448}",Man,
id41_1130.jpg,34.0,"{'Woman': 17.945648729801178, 'Man': 82.05434679985046}",Man,
id79_2123.jpg,30.0,"{'Woman': 17.549844086170197, 'Man': 82.4501633644104}",Man,
id118_3075.jpg,26.0,"{'Woman': 2.638273686170578, 'Man': 97.36171960830688}",Man,
id108_2716.jpg,33.0,"{'Woman': 4.126357287168503, 'Man': 95.87364196777344}",Man,
id115_3167.jpg,30.0,"{'Woman': 29.2147159576416, 'Man': 70.7852840423584}",Man,
id37_838.jpg,,,,'tuple' object has no attribute 'shape'
id119_3161.jpg,26.0,"{'Woman': 1.530914381146431, 'Man': 98.46908450126648}",Man,
id115_2940.jpg,33.0,"{'Woman': 20.917068421840668, 'Man': 79.08293008804321}",Man,
id90_2654.jpg,28.0,"{'Woman': 60.570740699768066, 'Man': 39.42926228046417}",Woman,
id30_480.jpg,29.0,"{'Woman': 11.836369335651398, 'Man': 88.16363215446472}",Man,
id102_2626.jpg,31.0,"{'Woman': 21.05662226676941, 'Man': 78.94337177276611}",Man,
id52_1307.jpg,30.0,"{'Woman': 39.13964033126831, 'Man': 60.86035370826721}",Man,
id59_1603.jpg,30.0,"{'Woman': 39.71542418003082, 'Man': 60.284584760665894}",Man,
id16_272.jpg,29.0,"{'Woman': 7.180750370025635, 'Man': 92.81924366950989}",Man,
id51_1316.jpg,30.0,"{'Woman': 5.449490994215012, 'Man': 94.55050826072693}",Man,
id3_10.jpg,28.0,"{'Woman': 7.521168887615204, 'Man': 92.47883558273315}",Man,
id121_3178.jpg,29.0,"{'Woman': 39.66134488582611, 'Man': 60.33865213394165}",Man,
id24_397.jpg,29.0,"{'Woman': 17.942388355731964, 'Man': 82.05760717391968}",Man,
id78_2070.jpg,26.0,"{'Woman': 12.593922019004822, 'Man': 87.40608096122742}",Man,
id106_2949.jpg,28.0,"{'Woman': 18.35801750421524, 'Man': 81.6419780254364}",Man,
id121_3301.jpg,27.0,"{'Woman': 8.68055671453476, 'Man': 91.3194477558136}",Man,
id4_48.jpg,26.0,"{'Woman': 1.3169757090508938, 'Man': 98.68302941322327}",Man,
id42_957.jpg,29.0,"{'Woman': 28.203466534614563, 'Man': 71.79653644561768}",Man,
id36_1383.jpg,31.0,"{'Woman': 76.25539302825928, 'Man': 23.744603991508484}",Woman,
id65_1830.jpg,35.0,"{'Woman': 39.55414593219757, 'Man': 60.44585704803467}",Man,
id51_1289.jpg,27.0,"{'Woman': 22.807015478610992, 'Man': 77.19298601150513}",Man,
id36_1345.jpg,35.0,"{'Woman': 83.87807607650757, 'Man': 16.121922433376312}",Woman,
id93_2464.jpg,37.0,"{'Woman': 67.85606145858765, 'Man': 32.14393854141235}",Woman,
id41_1047.jpg,32.0,"{'Woman': 13.320836424827576, 'Man': 86.67916059494019}",Man,
id36_1358.jpg,34.0,"{'Woman': 68.90544295310974, 'Man': 31.094560027122498}",Woman,
id59_1540.jpg,34.0,"{'Woman': 93.96275877952576, 'Man': 6.0372453182935715}",Woman,
id127_3223.jpg,36.0,"{'Woman': 87.62977123260498, 'Man': 12.37022951245308}",Woman,
id49_1308.jpg,23.0,"{'Woman': 28.531238436698914, 'Man': 71.46875262260437}",Man,
id115_3049.jpg,33.0,"{'Woman': 66.70356392860413, 'Man': 33.29643905162811}",Woman,
id70_1876.jpg,34.0,"{'Woman': 7.519649714231491, 'Man': 92.48035550117493}",Man,
id78_2158.jpg,26.0,"{'Woman': 5.997775495052338, 'Man': 94.00222301483154}",Man,
id83_2263.jpg,35.0,"{'Woman': 38.90020251274109, 'Man': 61.099791526794434}",Man,
id121_3255.jpg,29.0,"{'Woman': 10.76858714222908, 'Man': 89.23141956329346}",Man,
id1_10.jpg,28.0,"{'Woman': 1.1709602549672127, 'Man': 98.82904291152954}",Man,
id3_166.jpg,27.0,"{'Woman': 18.393997848033905, 'Man': 81.60600066184998}",Man,
id77_2009.jpg,29.0,"{'Woman': 1.757265068590641, 'Man': 98.24272990226746}",Man,
id45_1060.jpg,30.0,"{'Woman': 6.669594347476959, 'Man': 93.33040714263916}",Man,
id115_2920.jpg,24.0,"{'Woman': 12.725943326950073, 'Man': 87.27405667304993}",Man,
id61_1600.jpg,32.0,"{'Woman': 29.082012176513672, 'Man': 70.91798782348633}",Man,
id49_1253.jpg,25.0,"{'Woman': 8.528894186019897, 'Man': 91.47109985351562}",Man,
id79_2161.jpg,33.0,"{'Woman': 4.183012247085571, 'Man': 95.8169937133789}",Man,
id43_1164.jpg,32.0,"{'Woman': 20.500101149082184, 'Man': 79.49989438056946}",Man,
id122_3161.jpg,29.0,"{'Woman': 30.800822377204895, 'Man': 69.19917464256287}",Man,
id77_2167.jpg,26.0,"{'Woman': 19.016817212104797, 'Man': 80.98317980766296}",Man,
id46_1321.jpg,28.0,"{'Woman': 6.016643717885017, 'Man': 93.98335814476013}",Man,
id18_545.jpg,35.0,"{'Woman': 18.43796819448471, 'Man': 81.56203627586365}",Man,
id116_3133.jpg,30.0,"{'Woman': 14.64303731918335, 'Man': 85.35695672035217}",Man,
id36_927.jpg,35.0,"{'Woman': 5.8028630912303925, 'Man': 94.19713616371155}",Man,
id36_1356.jpg,34.0,"{'Woman': 51.20721459388733, 'Man': 48.79279136657715}",Woman,
id106_2950.jpg,27.0,"{'Woman': 23.864613473415375, 'Man': 76.13539099693298}",Man,
id36_854.jpg,31.0,"{'Woman': 6.875839829444885, 'Man': 93.12416315078735}",Man,
id79_2092.jpg,29.0,"{'Woman': 4.452225938439369, 'Man': 95.54777145385742}",Man,
id81_2121.jpg,28.0,"{'Woman': 8.48645567893982, 'Man': 91.51354432106018}",Man,
id65_1843.jpg,35.0,"{'Woman': 8.63034799695015, 'Man': 91.36964678764343}",Man,
id133_3312.jpg,32.0,"{'Woman': 16.34610891342163, 'Man': 83.65389108657837}",Man,
id41_1049.jpg,32.0,"{'Woman': 14.00333046913147, 'Man': 85.99666953086853}",Man,
id103_2666.jpg,32.0,"{'Woman': 26.802843809127808, 'Man': 73.19715619087219}",Man,
id1_43.jpg,33.0,"{'Woman': 9.20943170785904, 'Man': 90.7905638217926}",Man,
id133_3309.jpg,32.0,"{'Woman': 19.664931297302246, 'Man': 80.33506870269775}",Man,
id1_146.jpg,27.0,"{'Woman': 42.00367331504822, 'Man': 57.99633264541626}",Man,
id77_2030.jpg,,,,'tuple' object has no attribute 'shape'
id121_3312.jpg,27.0,"{'Woman': 4.071847349405289, 'Man': 95.92815041542053}",Man,
id127_3244.jpg,29.0,"{'Woman': 82.23970532417297, 'Man': 17.76028722524643}",Woman,
id46_1266.jpg,32.0,"{'Woman': 38.636744022369385, 'Man': 61.36325001716614}",Man,
id1_55.jpg,32.0,"{'Woman': 3.613373264670372, 'Man': 96.38662338256836}",Man,
id42_1134.jpg,30.0,"{'Woman': 6.797938793897629, 'Man': 93.20206642150879}",Man,
id124_3258.jpg,,,,'tuple' object has no attribute 'shape'
id1_322.jpg,23.0,"{'Woman': 1.7263611778616905, 'Man': 98.2736349105835}",Man,
id113_3015.jpg,39.0,"{'Woman': 8.093443512916565, 'Man': 91.9065535068512}",Man,
id41_1456.jpg,31.0,"{'Woman': 89.44311738014221, 'Man': 10.556884855031967}",Woman,
id41_1419.jpg,27.0,"{'Woman': 82.80592560768127, 'Man': 17.194068431854248}",Woman,
id55_1766.jpg,28.0,"{'Woman': 4.237673059105873, 'Man': 95.76232433319092}",Man,
id10_158.jpg,22.0,"{'Woman': 13.630661368370056, 'Man': 86.3693356513977}",Man,
id70_1834.jpg,33.0,"{'Woman': 5.292696878314018, 'Man': 94.70731019973755}",Man,
id1_4.jpg,27.0,"{'Woman': 3.459024801850319, 'Man': 96.54098153114319}",Man,
id106_2689.jpg,26.0,"{'Woman': 3.4350384026765823, 'Man': 96.56496047973633}",Man,
id122_3194.jpg,32.0,"{'Woman': 31.786996126174927, 'Man': 68.21300387382507}",Man,
id41_1387.jpg,36.0,"{'Woman': 16.855168342590332, 'Man': 83.14483761787415}",Man,
id41_1458.jpg,29.0,"{'Woman': 97.23429679870605, 'Man': 2.7657080441713333}",Woman,
id110_2713.jpg,38.0,"{'Woman': 41.20491445064545, 'Man': 58.795082569122314}",Man,
id38_907.jpg,33.0,"{'Woman': 11.432535201311111, 'Man': 88.56746554374695}",Man,
id32_524.jpg,25.0,"{'Woman': 8.35876390337944, 'Man': 91.6412353515625}",Man,
id82_2475.jpg,26.0,"{'Woman': 13.984154164791107, 'Man': 86.01585030555725}",Man,
id122_3145.jpg,26.0,"{'Woman': 24.2910698056221, 'Man': 75.70892572402954}",Man,
id62_1727.jpg,25.0,"{'Woman': 12.631788849830627, 'Man': 87.36820816993713}",Man,
id48_1195.jpg,,,,'tuple' object has no attribute 'shape'
id122_3175.jpg,,,,'tuple' object has no attribute 'shape'
id48_1239.jpg,32.0,"{'Woman': 3.0742665752768517, 'Man': 96.92572951316833}",Man,
id94_2573.jpg,24.0,"{'Woman': 7.501611113548279, 'Man': 92.49839186668396}",Man,
id55_1549.jpg,27.0,"{'Woman': 1.2655526399612427, 'Man': 98.734450340271}",Man,
id5_115.jpg,30.0,"{'Woman': 5.001321062445641, 'Man': 94.99868154525757}",Man,
id20_312.jpg,32.0,"{'Woman': 6.191762909293175, 'Man': 93.80823373794556}",Man,
id85_2176.jpg,31.0,"{'Woman': 31.77381455898285, 'Man': 68.22618246078491}",Man,
id103_2769.jpg,36.0,"{'Woman': 19.6413516998291, 'Man': 80.3586483001709}",Man,
id68_1844.jpg,33.0,"{'Woman': 8.324442058801651, 'Man': 91.67556166648865}",Man,
id95_2519.jpg,26.0,"{'Woman': 7.21847340464592, 'Man': 92.78152585029602}",Man,
id115_3168.jpg,28.0,"{'Woman': 26.774749159812927, 'Man': 73.22524785995483}",Man,
id25_534.jpg,29.0,"{'Woman': 53.654319047927856, 'Man': 46.345674991607666}",Woman,
id115_2982.jpg,30.0,"{'Woman': 32.03766942024231, 'Man': 67.96233057975769}",Man,
id25_473.jpg,31.0,"{'Woman': 7.827550917863846, 'Man': 92.17244982719421}",Man,
id25_445.jpg,28.0,"{'Woman': 5.46824038028717, 'Man': 94.53175663948059}",Man,
id20_310.jpg,27.0,"{'Woman': 5.703930556774139, 'Man': 94.29607391357422}",Man,
id79_2048.jpg,27.0,"{'Woman': 10.563933849334717, 'Man': 89.43607211112976}",Man,
id16_304.jpg,25.0,"{'Woman': 2.796533890068531, 'Man': 97.20346927642822}",Man,
id77_2110.jpg,26.0,"{'Woman': 5.1894135773181915, 'Man': 94.81058120727539}",Man,
id108_2850.jpg,29.0,"{'Woman': 6.315074861049652, 'Man': 93.68492364883423}",Man,
id68_1909.jpg,28.0,"{'Woman': 3.267395496368408, 'Man': 96.73260450363159}",Man,
id20_418.jpg,34.0,"{'Woman': 3.3413302153348923, 'Man': 96.6586709022522}",Man,
id115_2987.jpg,26.0,"{'Woman': 53.16419005393982, 'Man': 46.83580994606018}",Woman,
id113_3005.jpg,,,,'tuple' object has no attribute 'shape'
id36_1323.jpg,34.0,"{'Woman': 67.84088611602783, 'Man': 32.15911686420441}",Woman,
id1_90.jpg,26.0,"{'Woman': 6.816865503787994, 'Man': 93.18313598632812}",Man,
id78_2159.jpg,31.0,"{'Woman': 27.6597261428833, 'Man': 72.34026789665222}",Man,
id41_1217.jpg,30.0,"{'Woman': 29.8842191696167, 'Man': 70.1157808303833}",Man,
id116_3155.jpg,35.0,"{'Woman': 13.602164387702942, 'Man': 86.3978385925293}",Man,
id91_2383.jpg,30.0,"{'Woman': 43.655410408973694, 'Man': 56.344592571258545}",Man,
id47_1152.jpg,28.0,"{'Woman': 30.202028155326843, 'Man': 69.7979748249054}",Man,
id25_443.jpg,34.0,"{'Woman': 9.960915893316269, 'Man': 90.03908038139343}",Man,
id78_2154.jpg,26.0,"{'Woman': 4.972723871469498, 'Man': 95.0272798538208}",Man,
id36_1431.jpg,28.0,"{'Woman': 10.094639658927917, 'Man': 89.90536332130432}",Man,
id122_3248.jpg,28.0,"{'Woman': 1.715322770178318, 'Man': 98.28467965126038}",Man,
id25_792.jpg,29.0,"{'Woman': 28.084927797317505, 'Man': 71.91506624221802}",Man,
id49_1239.jpg,26.0,"{'Woman': 0.7485882379114628, 'Man': 99.25140738487244}",Man,
id63_1661.jpg,29.0,"{'Woman': 8.646326512098312, 'Man': 91.3536787033081}",Man,
id65_1682.jpg,39.0,"{'Woman': 69.55910325050354, 'Man': 30.4408997297287}",Woman,
id83_2308.jpg,33.0,"{'Woman': 21.53290957212448, 'Man': 78.4670889377594}",Man,
id65_1753.jpg,31.0,"{'Woman': 21.591755747795105, 'Man': 78.40824723243713}",Man,
id36_1350.jpg,36.0,"{'Woman': 33.611854910850525, 'Man': 66.38814210891724}",Man,
id106_2673.jpg,23.0,"{'Woman': 1.2595855630934238, 'Man': 98.74041080474854}",Man,
id65_1754.jpg,35.0,"{'Woman': 19.38130110502243, 'Man': 80.61870336532593}",Man,
id44_1012.jpg,29.0,"{'Woman': 4.6696387231349945, 'Man': 95.3303575515747}",Man,
id59_1585.jpg,39.0,"{'Woman': 48.55429530143738, 'Man': 51.4457106590271}",Man,
id1_224.jpg,27.0,"{'Woman': 29.345160722732544, 'Man': 70.65483927726746}",Man,
id36_917.jpg,26.0,"{'Woman': 14.590373635292053, 'Man': 85.40962338447571}",Man,
id119_3143.jpg,23.0,"{'Woman': 13.859730958938599, 'Man': 86.1402690410614}",Man,
id94_2440.jpg,25.0,"{'Woman': 8.174196630716324, 'Man': 91.82580709457397}",Man,
id44_1023.jpg,35.0,"{'Woman': 16.698135435581207, 'Man': 83.30186605453491}",Man,
id41_1457.jpg,29.0,"{'Woman': 97.2740650177002, 'Man': 2.7259403839707375}",Woman,
id90_2580.jpg,27.0,"{'Woman': 6.310678273439407, 'Man': 93.68931651115417}",Man,
id5_44.jpg,34.0,"{'Woman': 10.76098456978798, 'Man': 89.23901319503784}",Man,
id62_1741.jpg,26.0,"{'Woman': 5.641213804483414, 'Man': 94.35878396034241}",Man,
id18_627.jpg,30.0,"{'Woman': 12.603622674942017, 'Man': 87.39638328552246}",Man,
id90_2560.jpg,23.0,"{'Woman': 6.693489849567413, 'Man': 93.3065116405487}",Man,
id90_2396.jpg,33.0,"{'Woman': 13.052591681480408, 'Man': 86.94741129875183}",Man,
id41_1437.jpg,27.0,"{'Woman': 86.84317469596863, 'Man': 13.156822323799133}",Woman,
id102_2652.jpg,31.0,"{'Woman': 7.32753723859787, 'Man': 92.67246723175049}",Man,
id82_2460.jpg,33.0,"{'Woman': 34.07321274280548, 'Man': 65.9267783164978}",Man,
id72_1877.jpg,33.0,"{'Woman': 9.826909005641937, 'Man': 90.17308950424194}",Man,
id43_991.jpg,33.0,"{'Woman': 12.514440715312958, 'Man': 87.48555779457092}",Man,
id119_3115.jpg,27.0,"{'Woman': 20.187395811080933, 'Man': 79.81260418891907}",Man,
id49_1304.jpg,23.0,"{'Woman': 3.776383027434349, 'Man': 96.22361063957214}",Man,
id115_3005.jpg,,,,'tuple' object has no attribute 'shape'
id37_864.jpg,,,,'tuple' object has no attribute 'shape'
id42_1086.jpg,28.0,"{'Woman': 5.919008702039719, 'Man': 94.08098459243774}",Man,
id90_2426.jpg,33.0,"{'Woman': 3.882281109690666, 'Man': 96.11772298812866}",Man,
id27_428.jpg,38.0,"{'Woman': 6.324853748083115, 'Man': 93.67515444755554}",Man,
id116_2868.jpg,25.0,"{'Woman': 19.774168729782104, 'Man': 80.2258312702179}",Man,
id41_1315.jpg,27.0,"{'Woman': 16.249123215675354, 'Man': 83.75087380409241}",Man,
id49_1312.jpg,26.0,"{'Woman': 26.56208872795105, 'Man': 73.43791127204895}",Man,
id108_2725.jpg,36.0,"{'Woman': 4.7683194279670715, 'Man': 95.23167610168457}",Man,
id25_400.jpg,27.0,"{'Woman': 26.44140124320984, 'Man': 73.55859875679016}",Man,
id33_744.jpg,30.0,"{'Woman': 13.076046109199524, 'Man': 86.92395091056824}",Man,
id108_2830.jpg,26.0,"{'Woman': 7.005617022514343, 'Man': 92.9943859577179}",Man,
id24_391.jpg,23.0,"{'Woman': 8.607681095600128, 'Man': 91.39231443405151}",Man,
id46_1275.jpg,29.0,"{'Woman': 36.425960063934326, 'Man': 63.574033975601196}",Man,
id3_108.jpg,25.0,"{'Woman': 5.484701320528984, 'Man': 94.5152997970581}",Man,
id47_1146.jpg,31.0,"{'Woman': 12.05528900027275, 'Man': 87.94471025466919}",Man,
id81_2120.jpg,26.0,"{'Woman': 20.266756415367126, 'Man': 79.73324656486511}",Man,
id79_2024.jpg,29.0,"{'Woman': 64.41908478736877, 'Man': 35.58091223239899}",Woman,
id68_1856.jpg,29.0,"{'Woman': 17.10747927427292, 'Man': 82.89251923561096}",Man,
id93_2450.jpg,33.0,"{'Woman': 82.4302613735199, 'Man': 17.569738626480103}",Woman,
id44_1072.jpg,36.0,"{'Woman': 2.452445775270462, 'Man': 97.5475549697876}",Man,
id73_1890.jpg,27.0,"{'Woman': 2.805023454129696, 'Man': 97.1949815750122}",Man,
id41_1385.jpg,35.0,"{'Woman': 11.581942439079285, 'Man': 88.41805458068848}",Man,
id77_2047.jpg,28.0,"{'Woman': 3.2993685454130173, 'Man': 96.70063257217407}",Man,
id60_1567.jpg,30.0,"{'Woman': 4.872925207018852, 'Man': 95.12707591056824}",Man,
id25_376.jpg,32.0,"{'Woman': 53.17295789718628, 'Man': 46.8270480632782}",Woman,
id36_1459.jpg,27.0,"{'Woman': 20.616331696510315, 'Man': 79.38367128372192}",Man,
id41_1461.jpg,29.0,"{'Woman': 97.59170413017273, 'Man': 2.4083005264401436}",Woman,
id48_1283.jpg,33.0,"{'Woman': 3.2129984349012375, 'Man': 96.78700566291809}",Man,
id18_928.jpg,32.0,"{'Woman': 70.8708643913269, 'Man': 29.129135608673096}",Woman,
id23_349.jpg,,,,'tuple' object has no attribute 'shape'
id63_1691.jpg,31.0,"{'Woman': 10.380073636770248, 'Man': 89.61992859840393}",Man,
id44_1036.jpg,35.0,"{'Woman': 10.369826853275299, 'Man': 89.63017463684082}",Man,
id41_1335.jpg,29.0,"{'Woman': 10.2264903485775, 'Man': 89.7735059261322}",Man,
id108_2704.jpg,35.0,"{'Woman': 7.9204268753528595, 'Man': 92.07956790924072}",Man,
id18_581.jpg,34.0,"{'Woman': 33.017221093177795, 'Man': 66.98277592658997}",Man,
id119_3164.jpg,28.0,"{'Woman': 4.207805916666985, 'Man': 95.79219818115234}",Man,
id36_1450.jpg,27.0,"{'Woman': 24.673382937908173, 'Man': 75.32660961151123}",Man,
id94_2518.jpg,24.0,"{'Woman': 3.2789014279842377, 'Man': 96.72109484672546}",Man,
id65_1688.jpg,32.0,"{'Woman': 78.54620218276978, 'Man': 21.453796327114105}",Woman,
id83_2387.jpg,30.0,"{'Woman': 28.3095121383667, 'Man': 71.69048190116882}",Man,
id24_487.jpg,28.0,"{'Woman': 33.04823935031891, 'Man': 66.95175766944885}",Man,
id79_2132.jpg,32.0,"{'Woman': 23.211675882339478, 'Man': 76.788330078125}",Man,
id44_1031.jpg,40.0,"{'Woman': 5.298838764429092, 'Man': 94.70115900039673}",Man,
id79_2066.jpg,24.0,"{'Woman': 10.138006508350372, 'Man': 89.86199498176575}",Man,
id42_1027.jpg,34.0,"{'Woman': 5.010179430246353, 'Man': 94.98981833457947}",Man,
id77_2082.jpg,34.0,"{'Woman': 3.2844673842191696, 'Man': 96.71552777290344}",Man,
id121_3194.jpg,34.0,"{'Woman': 16.39612168073654, 'Man': 83.60388278961182}",Man,
id36_866.jpg,,,,'tuple' object has no attribute 'shape'
id94_2531.jpg,23.0,"{'Woman': 2.1968234330415726, 'Man': 97.80318140983582}",Man,
id54_1512.jpg,29.0,"{'Woman': 4.695058614015579, 'Man': 95.304936170578}",Man,
id94_2580.jpg,29.0,"{'Woman': 37.72643804550171, 'Man': 62.27356195449829}",Man,
id36_929.jpg,38.0,"{'Woman': 7.703949511051178, 'Man': 92.29605197906494}",Man,
id3_77.jpg,34.0,"{'Woman': 2.557671442627907, 'Man': 97.44232296943665}",Man,
id59_1564.jpg,,,,'tuple' object has no attribute 'shape'
id37_883.jpg,33.0,"{'Woman': 89.91450667381287, 'Man': 10.085490345954895}",Woman,
id49_1241.jpg,26.0,"{'Woman': 0.7365177385509014, 'Man': 99.26348328590393}",Man,
id18_726.jpg,32.0,"{'Woman': 4.866814613342285, 'Man': 95.13317942619324}",Man,
id45_1115.jpg,39.0,"{'Woman': 3.579568490386009, 'Man': 96.42042517662048}",Man,
id44_1013.jpg,29.0,"{'Woman': 5.207144469022751, 'Man': 94.79284882545471}",Man,
id78_2055.jpg,23.0,"{'Woman': 2.6001283898949623, 'Man': 97.39987254142761}",Man,
id121_3322.jpg,,,,'tuple' object has no attribute 'shape'
id43_1200.jpg,28.0,"{'Woman': 7.848893851041794, 'Man': 92.15110540390015}",Man,
id78_2046.jpg,33.0,"{'Woman': 10.511729121208191, 'Man': 89.48826789855957}",Man,
id11_187.jpg,29.0,"{'Woman': 35.38382649421692, 'Man': 64.6161675453186}",Man,
id55_1542.jpg,29.0,"{'Woman': 0.6188680417835712, 'Man': 99.3811309337616}",Man,
id62_1718.jpg,,,,'tuple' object has no attribute 'shape'
id36_1287.jpg,,,,'tuple' object has no attribute 'shape'
id10_206.jpg,27.0,"{'Woman': 4.876911640167236, 'Man': 95.12308239936829}",Man,
id121_3286.jpg,25.0,"{'Woman': 17.945411801338196, 'Man': 82.05459117889404}",Man,
id48_1224.jpg,31.0,"{'Woman': 8.650616556406021, 'Man': 91.3493812084198}",Man,
id39_896.jpg,31.0,"{'Woman': 21.20025008916855, 'Man': 78.79974842071533}",Man,
id25_466.jpg,,,,'tuple' object has no attribute 'shape'
id47_1161.jpg,34.0,"{'Woman': 6.095356121659279, 'Man': 93.90464425086975}",Man,
id5_183.jpg,25.0,"{'Woman': 10.27943566441536, 'Man': 89.7205650806427}",Man,
id63_1653.jpg,26.0,"{'Woman': 4.245677590370178, 'Man': 95.75431942939758}",Man,
id115_2980.jpg,28.0,"{'Woman': 20.3048974275589, 'Man': 79.69510555267334}",Man,
id121_3306.jpg,32.0,"{'Woman': 10.091119259595871, 'Man': 89.90887999534607}",Man,
id25_465.jpg,30.0,"{'Woman': 2.9547568410634995, 'Man': 97.04524278640747}",Man,
id118_3047.jpg,,,,'tuple' object has no attribute 'shape'
id37_845.jpg,,,,'tuple' object has no attribute 'shape'
id51_1264.jpg,27.0,"{'Woman': 1.0244544595479965, 'Man': 98.97554516792297}",Man,
id54_1532.jpg,38.0,"{'Woman': 7.284454256296158, 'Man': 92.71554946899414}",Man,
id27_427.jpg,28.0,"{'Woman': 11.559270322322845, 'Man': 88.44073414802551}",Man,
id108_2789.jpg,26.0,"{'Woman': 3.0652670189738274, 'Man': 96.9347357749939}",Man,
id51_1263.jpg,27.0,"{'Woman': 1.0437410324811935, 'Man': 98.95625710487366}",Man,
id48_1174.jpg,32.0,"{'Woman': 6.309032440185547, 'Man': 93.69097352027893}",Man,
id3_78.jpg,33.0,"{'Woman': 3.1203746795654297, 'Man': 96.87962532043457}",Man,
id123_3169.jpg,37.0,"{'Woman': 22.514161467552185, 'Man': 77.48584151268005}",Man,
id54_1541.jpg,33.0,"{'Woman': 2.7989262714982033, 'Man': 97.20107316970825}",Man,
id43_1021.jpg,30.0,"{'Woman': 19.376027584075928, 'Man': 80.62397241592407}",Man,
id42_940.jpg,36.0,"{'Woman': 32.647135853767395, 'Man': 67.35286712646484}",Man,
id79_2026.jpg,29.0,"{'Woman': 19.90862786769867, 'Man': 80.09137511253357}",Man,
id119_3156.jpg,25.0,"{'Woman': 0.9530567564070225, 'Man': 99.04695153236389}",Man,
id83_2282.jpg,30.0,"{'Woman': 9.9552683532238, 'Man': 90.04473686218262}",Man,
id36_1311.jpg,28.0,"{'Woman': 7.915038615465164, 'Man': 92.08495616912842}",Man,
id133_3315.jpg,39.0,"{'Woman': 20.393602550029755, 'Man': 79.60638999938965}",Man,
id18_379.jpg,34.0,"{'Woman': 3.125995025038719, 'Man': 96.87400460243225}",Man,
id77_2088.jpg,30.0,"{'Woman': 2.2312602028250694, 'Man': 97.7687418460846}",Man,
id1_204.jpg,26.0,"{'Woman': 54.912203550338745, 'Man': 45.08779048919678}",Woman,
id119_3113.jpg,26.0,"{'Woman': 10.988959670066833, 'Man': 89.0110433101654}",Man,
id83_2231.jpg,34.0,"{'Woman': 9.320367872714996, 'Man': 90.67963361740112}",Man,
id36_999.jpg,31.0,"{'Woman': 14.222678542137146, 'Man': 85.77731251716614}",Man,
id45_1077.jpg,,,,'tuple' object has no attribute 'shape'
id45_1055.jpg,30.0,"{'Woman': 14.26534652709961, 'Man': 85.73465347290039}",Man,
id5_57.jpg,31.0,"{'Woman': 11.337892711162567, 'Man': 88.66210579872131}",Man,
id109_2753.jpg,28.0,"{'Woman': 1.6853999346494675, 'Man': 98.31460118293762}",Man,
id16_309.jpg,30.0,"{'Woman': 4.255103319883347, 'Man': 95.74490189552307}",Man,
id119_3191.jpg,30.0,"{'Woman': 45.70438265800476, 'Man': 54.29561734199524}",Man,
id8_99.jpg,31.0,"{'Woman': 47.40029573440552, 'Man': 52.59970426559448}",Man,
id8_125.jpg,,,,'tuple' object has no attribute 'shape'
id1_27.jpg,30.0,"{'Woman': 4.411846399307251, 'Man': 95.58815360069275}",Man,
id117_2964.jpg,28.0,"{'Woman': 2.611745707690716, 'Man': 97.38824963569641}",Man,
id44_1061.jpg,25.0,"{'Woman': 3.8815852254629135, 'Man': 96.11841440200806}",Man,
id25_447.jpg,27.0,"{'Woman': 5.480680614709854, 'Man': 94.51932311058044}",Man,
id41_1310.jpg,30.0,"{'Woman': 75.26216506958008, 'Man': 24.737834930419922}",Woman,
id78_2018.jpg,26.0,"{'Woman': 5.153956264257431, 'Man': 94.84604001045227}",Man,
id78_2174.jpg,23.0,"{'Woman': 3.09540256857872, 'Man': 96.90460562705994}",Man,
id126_3205.jpg,38.0,"{'Woman': 6.719724088907242, 'Man': 93.28027963638306}",Man,
id3_24.jpg,26.0,"{'Woman': 9.137339890003204, 'Man': 90.86266160011292}",Man,
id123_3166.jpg,38.0,"{'Woman': 20.280510187149048, 'Man': 79.71949577331543}",Man,
id53_1434.jpg,26.0,"{'Woman': 4.766109585762024, 'Man': 95.23389339447021}",Man,
id36_851.jpg,,,,'tuple' object has no attribute 'shape'
id71_1877.jpg,29.0,"{'Woman': 3.8582008332014084, 'Man': 96.14179134368896}",Man,
id121_3249.jpg,30.0,"{'Woman': 11.398813128471375, 'Man': 88.60118985176086}",Man,
id78_2066.jpg,26.0,"{'Woman': 12.85678744316101, 'Man': 87.14321255683899}",Man,
id67_1784.jpg,26.0,"{'Woman': 6.480579078197479, 'Man': 93.5194194316864}",Man,
id90_2441.jpg,30.0,"{'Woman': 3.806743398308754, 'Man': 96.19325399398804}",Man,
id59_1580.jpg,,,,'tuple' object has no attribute 'shape'
id77_2287.jpg,27.0,"{'Woman': 4.838088899850845, 'Man': 95.16190886497498}",Man,
id42_949.jpg,36.0,"{'Woman': 6.777587532997131, 'Man': 93.22241544723511}",Man,
id44_1043.jpg,39.0,"{'Woman': 2.5018878281116486, 'Man': 97.49811291694641}",Man,
id79_2094.jpg,27.0,"{'Woman': 4.482114315032959, 'Man': 95.51788568496704}",Man,
id41_1211.jpg,31.0,"{'Woman': 26.473069190979004, 'Man': 73.526930809021}",Man,
id122_3191.jpg,35.0,"{'Woman': 71.60165309906006, 'Man': 28.398343920707703}",Woman,
id41_948.jpg,28.0,"{'Woman': 51.858651638031006, 'Man': 48.14134240150452}",Woman,
id47_1132.jpg,27.0,"{'Woman': 10.27887538075447, 'Man': 89.72113132476807}",Man,
id46_1232.jpg,33.0,"{'Woman': 12.357844412326813, 'Man': 87.6421570777893}",Man,
id115_2895.jpg,27.0,"{'Woman': 7.410075515508652, 'Man': 92.58992075920105}",Man,
id77_2018.jpg,26.0,"{'Woman': 1.5989815816283226, 'Man': 98.40101599693298}",Man,
id121_3319.jpg,,,,'tuple' object has no attribute 'shape'
id20_479.jpg,33.0,"{'Woman': 35.1109653711319, 'Man': 64.88903760910034}",Man,
id64_1685.jpg,26.0,"{'Woman': 4.947146400809288, 'Man': 95.05285024642944}",Man,
id108_2780.jpg,25.0,"{'Woman': 17.52500683069229, 'Man': 82.47498869895935}",Man,
id47_1205.jpg,29.0,"{'Woman': 3.562326356768608, 'Man': 96.43767476081848}",Man,
id60_1589.jpg,32.0,"{'Woman': 7.321292161941528, 'Man': 92.67871379852295}",Man,
id83_2279.jpg,25.0,"{'Woman': 2.7849147096276283, 'Man': 97.21508622169495}",Man,
id3_63.jpg,38.0,"{'Woman': 1.1620079167187214, 'Man': 98.8379955291748}",Man,
id127_3229.jpg,31.0,"{'Woman': 96.53187990188599, 'Man': 3.4681204706430435}",Woman,
id54_1504.jpg,27.0,"{'Woman': 5.76033741235733, 'Man': 94.23966407775879}",Man,
id30_462.jpg,30.0,"{'Woman': 44.800254702568054, 'Man': 55.19974231719971}",Man,
id93_2467.jpg,37.0,"{'Woman': 25.041663646697998, 'Man': 74.95833039283752}",Man,
id59_1579.jpg,,,,'tuple' object has no attribute 'shape'
id59_1606.jpg,30.0,"{'Woman': 52.61654853820801, 'Man': 47.38345146179199}",Woman,
id78_2011.jpg,24.0,"{'Woman': 2.1174412220716476, 'Man': 97.88256287574768}",Man,
id5_166.jpg,36.0,"{'Woman': 6.1061326414346695, 'Man': 93.89387369155884}",Man,
id83_2290.jpg,31.0,"{'Woman': 17.569394409656525, 'Man': 82.43060111999512}",Man,
id60_1542.jpg,31.0,"{'Woman': 16.1088228225708, 'Man': 83.89118313789368}",Man,
id77_2084.jpg,33.0,"{'Woman': 2.2991128265857697, 'Man': 97.70088791847229}",Man,
id117_3013.jpg,26.0,"{'Woman': 3.057277575135231, 'Man': 96.9427227973938}",Man,
id77_2235.jpg,27.0,"{'Woman': 2.3433025926351547, 'Man': 97.6567029953003}",Man,
id36_1291.jpg,33.0,"{'Woman': 4.613145813345909, 'Man': 95.3868567943573}",Man,
id115_2971.jpg,28.0,"{'Woman': 32.9041451215744, 'Man': 67.09585785865784}",Man,
id90_2655.jpg,29.0,"{'Woman': 44.0422922372818, 'Man': 55.95770478248596}",Man,
id63_1672.jpg,28.0,"{'Woman': 2.926795184612274, 'Man': 97.0732033252716}",Man,
id54_1511.jpg,28.0,"{'Woman': 4.665623232722282, 'Man': 95.33437490463257}",Man,
id57_1539.jpg,27.0,"{'Woman': 2.015353925526142, 'Man': 97.98464775085449}",Man,
id93_2451.jpg,32.0,"{'Woman': 85.64286231994629, 'Man': 14.357133209705353}",Woman,
id65_1723.jpg,34.0,"{'Woman': 2.847600169479847, 'Man': 97.15239405632019}",Man,
id18_632.jpg,34.0,"{'Woman': 39.91270065307617, 'Man': 60.08729934692383}",Man,
id1_38.jpg,30.0,"{'Woman': 6.736543029546738, 'Man': 93.26345920562744}",Man,
id121_3173.jpg,30.0,"{'Woman': 19.34131234884262, 'Man': 80.65869212150574}",Man,
id115_2904.jpg,26.0,"{'Woman': 2.7568908408284187, 'Man': 97.24311232566833}",Man,
id118_3026.jpg,35.0,"{'Woman': 24.47917014360428, 'Man': 75.52083134651184}",Man,
id18_464.jpg,24.0,"{'Woman': 5.3510986268520355, 'Man': 94.64889764785767}",Man,
id43_1047.jpg,27.0,"{'Woman': 20.415419340133667, 'Man': 79.58458065986633}",Man,
id41_1305.jpg,29.0,"{'Woman': 70.77736258506775, 'Man': 29.22263741493225}",Woman,
id42_1115.jpg,28.0,"{'Woman': 18.180835247039795, 'Man': 81.8191647529602}",Man,
id18_458.jpg,26.0,"{'Woman': 2.9724303632974625, 'Man': 97.02757000923157}",Man,
id39_899.jpg,31.0,"{'Woman': 15.70962518453598, 'Man': 84.29036736488342}",Man,
id93_2540.jpg,34.0,"{'Woman': 3.8969211280345917, 'Man': 96.10307812690735}",Man,
id43_1022.jpg,29.0,"{'Woman': 14.353902637958527, 'Man': 85.64609885215759}",Man,
id43_1026.jpg,34.0,"{'Woman': 31.78238868713379, 'Man': 68.21761131286621}",Man,
id93_2493.jpg,37.0,"{'Woman': 44.065922498703, 'Man': 55.934077501297}",Man,
id1_171.jpg,25.0,"{'Woman': 32.00882971286774, 'Man': 67.9911732673645}",Man,
id51_1292.jpg,26.0,"{'Woman': 7.283915579319, 'Man': 92.71607995033264}",Man,
id65_1823.jpg,28.0,"{'Woman': 4.414968192577362, 'Man': 95.58503031730652}",Man,
id77_2146.jpg,24.0,"{'Woman': 6.498253345489502, 'Man': 93.50174069404602}",Man,
id44_1039.jpg,37.0,"{'Woman': 4.395566508173943, 'Man': 95.60443162918091}",Man,
id65_1751.jpg,33.0,"{'Woman': 14.107826352119446, 'Man': 85.8921766281128}",Man,
id94_2517.jpg,26.0,"{'Woman': 1.5623368322849274, 'Man': 98.43766689300537}",Man,
id3_80.jpg,29.0,"{'Woman': 1.4696084894239902, 'Man': 98.53039383888245}",Man,
id42_1070.jpg,26.0,"{'Woman': 2.5243669748306274, 'Man': 97.47563600540161}",Man,
id27_455.jpg,30.0,"{'Woman': 1.5229037031531334, 'Man': 98.47709536552429}",Man,
id37_821.jpg,,,,'tuple' object has no attribute 'shape'
id27_400.jpg,31.0,"{'Woman': 11.392799019813538, 'Man': 88.6072039604187}",Man,
id121_3281.jpg,25.0,"{'Woman': 11.851245164871216, 'Man': 88.1487488746643}",Man,
id48_1202.jpg,34.0,"{'Woman': 2.1413641050457954, 'Man': 97.85863757133484}",Man,
id30_416.jpg,24.0,"{'Woman': 11.282791197299957, 'Man': 88.71721029281616}",Man,
id49_1279.jpg,24.0,"{'Woman': 6.374708563089371, 'Man': 93.62528920173645}",Man,
id25_851.jpg,34.0,"{'Woman': 28.856298327445984, 'Man': 71.14370465278625}",Man,
id57_1646.jpg,29.0,"{'Woman': 3.9359334856271744, 'Man': 96.06406092643738}",Man,
id72_1885.jpg,31.0,"{'Woman': 3.51693332195282, 'Man': 96.48306369781494}",Man,
id69_1837.jpg,27.0,"{'Woman': 9.555628895759583, 'Man': 90.44437408447266}",Man,
id62_1695.jpg,31.0,"{'Woman': 17.429308593273163, 'Man': 82.5706958770752}",Man,
id90_2438.jpg,34.0,"{'Woman': 15.160292387008667, 'Man': 84.83971357345581}",Man,
id44_1056.jpg,26.0,"{'Woman': 1.7927566543221474, 'Man': 98.20724129676819}",Man,
id57_1530.jpg,,,,'tuple' object has no attribute 'shape'
id45_1152.jpg,31.0,"{'Woman': 4.152542352676392, 'Man': 95.84745764732361}",Man,
id83_2287.jpg,32.0,"{'Woman': 25.030982494354248, 'Man': 74.96901750564575}",Man,
id58_1568.jpg,23.0,"{'Woman': 1.845148392021656, 'Man': 98.15484881401062}",Man,
id84_2241.jpg,36.0,"{'Woman': 6.670619547367096, 'Man': 93.32938194274902}",Man,
id36_1446.jpg,31.0,"{'Woman': 24.155637621879578, 'Man': 75.84436535835266}",Man,
id28_398.jpg,25.0,"{'Woman': 5.530514568090439, 'Man': 94.46948766708374}",Man,
id102_2670.jpg,26.0,"{'Woman': 15.7549187541008, 'Man': 84.24507975578308}",Man,
id49_1248.jpg,28.0,"{'Woman': 0.5399895831942558, 'Man': 99.46000576019287}",Man,
id94_2448.jpg,34.0,"{'Woman': 11.612308025360107, 'Man': 88.38769197463989}",Man,
id25_476.jpg,30.0,"{'Woman': 11.973180621862411, 'Man': 88.02681565284729}",Man,
id36_898.jpg,,,,'tuple' object has no attribute 'shape'
id41_1113.jpg,35.0,"{'Woman': 13.34884762763977, 'Man': 86.65115237236023}",Man,
id59_1544.jpg,32.0,"{'Woman': 78.2770574092865, 'Man': 21.72294557094574}",Woman,
id20_388.jpg,37.0,"{'Woman': 6.900330632925034, 'Man': 93.09967160224915}",Man,
id93_2576.jpg,26.0,"{'Woman': 3.2155267894268036, 'Man': 96.78446650505066}",Man,
id18_423.jpg,25.0,"{'Woman': 46.49568200111389, 'Man': 53.50431799888611}",Man,
id118_3042.jpg,,,,'tuple' object has no attribute 'shape'
id5_117.jpg,24.0,"{'Woman': 8.358737826347351, 'Man': 91.64125919342041}",Man,
id36_979.jpg,32.0,"{'Woman': 11.932330578565598, 'Man': 88.06766271591187}",Man,
id90_2569.jpg,32.0,"{'Woman': 6.932041794061661, 'Man': 93.06796193122864}",Man,
id63_1687.jpg,28.0,"{'Woman': 9.727364033460617, 'Man': 90.27263522148132}",Man,
id105_2898.jpg,27.0,"{'Woman': 7.53374844789505, 'Man': 92.46625304222107}",Man,
id49_1209.jpg,,,,'tuple' object has no attribute 'shape'
id37_844.jpg,,,,'tuple' object has no attribute 'shape'
id17_238.jpg,33.0,"{'Woman': 8.625301718711853, 'Man': 91.37469530105591}",Man,
id45_1039.jpg,31.0,"{'Woman': 7.04013854265213, 'Man': 92.95986294746399}",Man,
id41_1194.jpg,34.0,"{'Woman': 25.597554445266724, 'Man': 74.40244555473328}",Man,
id18_623.jpg,30.0,"{'Woman': 7.031779736280441, 'Man': 92.9682195186615}",Man,
id10_153.jpg,24.0,"{'Woman': 4.387263208627701, 'Man': 95.61273455619812}",Man,
id116_3175.jpg,33.0,"{'Woman': 27.634361386299133, 'Man': 72.36563563346863}",Man,
id83_2268.jpg,33.0,"{'Woman': 12.668474018573761, 'Man': 87.33152747154236}",Man,
id5_109.jpg,30.0,"{'Woman': 15.336114168167114, 'Man': 84.66388583183289}",Man,
id20_424.jpg,33.0,"{'Woman': 7.8152187168598175, 'Man': 92.18478202819824}",Man,
id121_3223.jpg,27.0,"{'Woman': 9.922251850366592, 'Man': 90.07774591445923}",Man,
id40_1030.jpg,25.0,"{'Woman': 16.953666508197784, 'Man': 83.04633498191833}",Man,
id124_3248.jpg,34.0,"{'Woman': 27.09803879261017, 'Man': 72.90195822715759}",Man,
id39_911.jpg,37.0,"{'Woman': 6.515566259622574, 'Man': 93.48443746566772}",Man,
id36_1411.jpg,33.0,"{'Woman': 47.010236978530884, 'Man': 52.989768981933594}",Man,
id60_1596.jpg,29.0,"{'Woman': 0.45124138705432415, 'Man': 99.5487630367279}",Man,
id115_3165.jpg,30.0,"{'Woman': 87.43054270744324, 'Man': 12.569455802440643}",Woman,
id18_743.jpg,28.0,"{'Woman': 3.9443954825401306, 'Man': 96.05560302734375}",Man,
id44_1062.jpg,44.0,"{'Woman': 5.190467089414597, 'Man': 94.80953216552734}",Man,
id46_1274.jpg,28.0,"{'Woman': 22.11901843547821, 'Man': 77.88097858428955}",Man,
id63_1685.jpg,31.0,"{'Woman': 10.853993892669678, 'Man': 89.14600610733032}",Man,
id115_3026.jpg,27.0,"{'Woman': 4.7234345227479935, 'Man': 95.27656435966492}",Man,
id79_2030.jpg,28.0,"{'Woman': 19.38377171754837, 'Man': 80.61622977256775}",Man,
id42_1127.jpg,33.0,"{'Woman': 23.865793645381927, 'Man': 76.13421082496643}",Man,
id36_915.jpg,29.0,"{'Woman': 11.729306727647781, 'Man': 88.27069997787476}",Man,
id40_1036.jpg,24.0,"{'Woman': 29.82061803340912, 'Man': 70.17938494682312}",Man,
id90_2390.jpg,32.0,"{'Woman': 13.240134716033936, 'Man': 86.75985932350159}",Man,
id106_2704.jpg,27.0,"{'Woman': 8.566579967737198, 'Man': 91.4334237575531}",Man,
id59_1533.jpg,32.0,"{'Woman': 83.7969183921814, 'Man': 16.203077137470245}",Woman,
id101_2589.jpg,26.0,"{'Woman': 12.662941217422485, 'Man': 87.33705282211304}",Man,
id36_976.jpg,35.0,"{'Woman': 17.413580417633057, 'Man': 82.58641958236694}",Man,
id119_3262.jpg,26.0,"{'Woman': 2.1265843883156776, 'Man': 97.87341356277466}",Man,
id94_2568.jpg,24.0,"{'Woman': 3.2298680394887924, 'Man': 96.77013158798218}",Man,
id90_2564.jpg,26.0,"{'Woman': 12.293536961078644, 'Man': 87.70647048950195}",Man,
id27_526.jpg,39.0,"{'Woman': 10.723818093538284, 'Man': 89.27618265151978}",Man,
id79_2058.jpg,25.0,"{'Woman': 3.077900782227516, 'Man': 96.92210555076599}",Man,
id115_2972.jpg,33.0,"{'Woman': 24.436640739440918, 'Man': 75.56335926055908}",Man,
id42_946.jpg,36.0,"{'Woman': 7.066020369529724, 'Man': 92.93398261070251}",Man,
id96_2633.jpg,24.0,"{'Woman': 0.7225050590932369, 'Man': 99.27749633789062}",Man,
id36_1428.jpg,28.0,"{'Woman': 11.693043261766434, 'Man': 88.30695748329163}",Man,
id77_2137.jpg,26.0,"{'Woman': 13.357283174991608, 'Man': 86.64271235466003}",Man,
id49_1298.jpg,24.0,"{'Woman': 4.955718666315079, 'Man': 95.04427909851074}",Man,
id121_3228.jpg,27.0,"{'Woman': 12.608975172042847, 'Man': 87.39101886749268}",Man,
id59_1532.jpg,34.0,"{'Woman': 97.31728434562683, 'Man': 2.682716026902199}",Woman,
id20_476.jpg,33.0,"{'Woman': 42.189717292785645, 'Man': 57.810282707214355}",Man,
id37_869.jpg,35.0,"{'Woman': 80.81940412521362, 'Man': 19.180600345134735}",Woman,
id41_1381.jpg,36.0,"{'Woman': 18.112339079380035, 'Man': 81.88766241073608}",Man,
id123_3268.jpg,27.0,"{'Woman': 13.716037571430206, 'Man': 86.28396391868591}",Man,
id59_1558.jpg,,,,'tuple' object has no attribute 'shape'
id47_1217.jpg,23.0,"{'Woman': 3.3263109624385834, 'Man': 96.6736912727356}",Man,
id115_3029.jpg,32.0,"{'Woman': 23.22527915239334, 'Man': 76.77472233772278}",Man,
id47_1130.jpg,31.0,"{'Woman': 8.739529550075531, 'Man': 91.26047492027283}",Man,
id57_1720.jpg,29.0,"{'Woman': 27.699151635169983, 'Man': 72.30085134506226}",Man,
id121_3184.jpg,32.0,"{'Woman': 56.53359293937683, 'Man': 43.46640408039093}",Woman,
id91_2425.jpg,,,,'tuple' object has no attribute 'shape'
id70_1836.jpg,36.0,"{'Woman': 1.3461156748235226, 'Man': 98.65388870239258}",Man,
id42_1101.jpg,33.0,"{'Woman': 2.724342420697212, 'Man': 97.2756564617157}",Man,
id115_2977.jpg,27.0,"{'Woman': 11.90558597445488, 'Man': 88.09441328048706}",Man,
id83_2221.jpg,32.0,"{'Woman': 17.500299215316772, 'Man': 82.49969482421875}",Man,
id83_2237.jpg,26.0,"{'Woman': 3.689752146601677, 'Man': 96.31024599075317}",Man,
id45_1091.jpg,,,,'tuple' object has no attribute 'shape'
id79_2078.jpg,31.0,"{'Woman': 6.041781976819038, 'Man': 93.9582109451294}",Man,
id43_1062.jpg,26.0,"{'Woman': 3.69698628783226, 'Man': 96.30301594734192}",Man,
id25_475.jpg,31.0,"{'Woman': 11.613626033067703, 'Man': 88.38638067245483}",Man,
id3_75.jpg,25.0,"{'Woman': 9.755468368530273, 'Man': 90.24453163146973}",Man,
id42_1133.jpg,30.0,"{'Woman': 10.667193681001663, 'Man': 89.3328070640564}",Man,
id36_862.jpg,26.0,"{'Woman': 4.9008723348379135, 'Man': 95.09912133216858}",Man,
id116_3142.jpg,28.0,"{'Woman': 16.586090624332428, 'Man': 83.41390490531921}",Man,
id36_956.jpg,33.0,"{'Woman': 18.850575387477875, 'Man': 81.149423122406}",Man,
id47_1172.jpg,24.0,"{'Woman': 2.875266596674919, 'Man': 97.12473750114441}",Man,
id32_462.jpg,26.0,"{'Woman': 7.390496879816055, 'Man': 92.60950684547424}",Man,
id18_315.jpg,33.0,"{'Woman': 17.531618475914, 'Man': 82.46838450431824}",Man,
id49_1254.jpg,25.0,"{'Woman': 8.57279822230339, 'Man': 91.42720699310303}",Man,
id70_1868.jpg,32.0,"{'Woman': 37.77240216732025, 'Man': 62.22759485244751}",Man,
id77_2143.jpg,24.0,"{'Woman': 5.346543341875076, 'Man': 94.65345740318298}",Man,
id77_2113.jpg,33.0,"{'Woman': 1.993795856833458, 'Man': 98.00620675086975}",Man,
id62_1653.jpg,25.0,"{'Woman': 14.67360109090805, 'Man': 85.32639741897583}",Man,
id83_2211.jpg,27.0,"{'Woman': 3.926253691315651, 'Man': 96.07374668121338}",Man,
id27_440.jpg,30.0,"{'Woman': 1.6589052975177765, 'Man': 98.3410894870758}",Man,
id75_1975.jpg,26.0,"{'Woman': 2.4593057110905647, 'Man': 97.54069447517395}",Man,
id1_168.jpg,26.0,"{'Woman': 26.317813992500305, 'Man': 73.68218898773193}",Man,
id24_502.jpg,28.0,"{'Woman': 4.50834147632122, 'Man': 95.49165964126587}",Man,
id1_221.jpg,26.0,"{'Woman': 45.90804576873779, 'Man': 54.091960191726685}",Man,
id118_2995.jpg,34.0,"{'Woman': 39.15282487869263, 'Man': 60.84718108177185}",Man,
id73_1912.jpg,28.0,"{'Woman': 13.16213309764862, 'Man': 86.8378758430481}",Man,
id59_1650.jpg,35.0,"{'Woman': 60.624682903289795, 'Man': 39.375320076942444}",Woman,
id27_514.jpg,35.0,"{'Woman': 10.222126543521881, 'Man': 89.77786898612976}",Man,
id16_283.jpg,27.0,"{'Woman': 4.480293020606041, 'Man': 95.51970958709717}",Man,
id42_964.jpg,28.0,"{'Woman': 21.885359287261963, 'Man': 78.11464071273804}",Man,
id40_1169.jpg,26.0,"{'Woman': 6.720816344022751, 'Man': 93.27918291091919}",Man,
id83_2315.jpg,,,,'tuple' object has no attribute 'shape'
id47_1156.jpg,35.0,"{'Woman': 19.845663011074066, 'Man': 80.15433549880981}",Man,
id30_433.jpg,32.0,"{'Woman': 18.455106019973755, 'Man': 81.54489398002625}",Man,
id1_160.jpg,29.0,"{'Woman': 13.72160017490387, 'Man': 86.27839684486389}",Man,
id27_420.jpg,27.0,"{'Woman': 9.932471811771393, 'Man': 90.06752967834473}",Man,
id57_1587.jpg,30.0,"{'Woman': 4.130566120147705, 'Man': 95.8694338798523}",Man,
id70_1855.jpg,32.0,"{'Woman': 37.33386993408203, 'Man': 62.66612410545349}",Man,
id49_1263.jpg,,,,'tuple' object has no attribute 'shape'
id102_2678.jpg,32.0,"{'Woman': 4.170903190970421, 'Man': 95.82909941673279}",Man,
id11_227.jpg,26.0,"{'Woman': 2.767598442733288, 'Man': 97.2324013710022}",Man,
id49_1318.jpg,25.0,"{'Woman': 38.562941551208496, 'Man': 61.43706440925598}",Man,
id48_1256.jpg,22.0,"{'Woman': 2.7399366721510887, 'Man': 97.26006984710693}",Man,
id133_3319.jpg,37.0,"{'Woman': 28.35884690284729, 'Man': 71.64115309715271}",Man,
id41_1329.jpg,29.0,"{'Woman': 5.702671036124229, 'Man': 94.2973256111145}",Man,
id44_1041.jpg,39.0,"{'Woman': 2.7041560038924217, 'Man': 97.29583859443665}",Man,
id46_1312.jpg,34.0,"{'Woman': 49.493882060050964, 'Man': 50.506120920181274}",Man,
id115_2922.jpg,24.0,"{'Woman': 5.255952477455139, 'Man': 94.7440505027771}",Man,
id90_2573.jpg,39.0,"{'Woman': 2.7278386056423187, 'Man': 97.27215766906738}",Man,
id65_1713.jpg,39.0,"{'Woman': 2.3999569937586784, 'Man': 97.60004878044128}",Man,
id5_179.jpg,37.0,"{'Woman': 1.3051115907728672, 'Man': 98.69489073753357}",Man,
id59_1537.jpg,33.0,"{'Woman': 94.22845244407654, 'Man': 5.771546810865402}",Woman,
id84_2161.jpg,31.0,"{'Woman': 5.067735910415649, 'Man': 94.93226408958435}",Man,
id6_87.jpg,28.0,"{'Woman': 9.395800530910492, 'Man': 90.60419797897339}",Man,
id115_3187.jpg,26.0,"{'Woman': 9.761600941419601, 'Man': 90.23839235305786}",Man,
id44_1084.jpg,27.0,"{'Woman': 15.54965227842331, 'Man': 84.45034623146057}",Man,
id79_2061.jpg,26.0,"{'Woman': 11.341135948896408, 'Man': 88.65886330604553}",Man,
id119_3197.jpg,29.0,"{'Woman': 82.9255759716034, 'Man': 17.074424028396606}",Woman,
id49_1275.jpg,24.0,"{'Woman': 3.7995897233486176, 'Man': 96.20040655136108}",Man,
id39_889.jpg,31.0,"{'Woman': 8.933279663324356, 'Man': 91.06671810150146}",Man,
id96_2644.jpg,26.0,"{'Woman': 8.752129226922989, 'Man': 91.24786853790283}",Man,
id1_251.jpg,27.0,"{'Woman': 46.25614881515503, 'Man': 53.74385118484497}",Man,
id119_3163.jpg,27.0,"{'Woman': 4.016363248229027, 'Man': 95.98363637924194}",Man,
id47_1139.jpg,30.0,"{'Woman': 8.061712235212326, 'Man': 91.93829298019409}",Man,
id38_893.jpg,33.0,"{'Woman': 6.618345528841019, 'Man': 93.38164925575256}",Man,
id123_3270.jpg,26.0,"{'Woman': 15.026232600212097, 'Man': 84.97375845909119}",Man,
id25_385.jpg,35.0,"{'Woman': 74.01759624481201, 'Man': 25.98240375518799}",Woman,
id123_3167.jpg,39.0,"{'Woman': 21.42326682806015, 'Man': 78.57673168182373}",Man,
id108_2775.jpg,25.0,"{'Woman': 15.23205190896988, 'Man': 84.76794362068176}",Man,
id106_2942.jpg,30.0,"{'Woman': 24.29409921169281, 'Man': 75.70589780807495}",Man,
id118_3072.jpg,31.0,"{'Woman': 39.285463094711304, 'Man': 60.714536905288696}",Man,
id16_237.jpg,26.0,"{'Woman': 6.872183084487915, 'Man': 93.12781691551208}",Man,
id63_1659.jpg,33.0,"{'Woman': 13.809937238693237, 'Man': 86.19006276130676}",Man,
id41_1474.jpg,27.0,"{'Woman': 98.06913137435913, 'Man': 1.9308719784021378}",Woman,
id36_973.jpg,35.0,"{'Woman': 25.973311066627502, 'Man': 74.02668595314026}",Man,
id91_2442.jpg,,,,'tuple' object has no attribute 'shape'
id45_1131.jpg,,,,'tuple' object has no attribute 'shape'
id90_2375.jpg,29.0,"{'Woman': 17.192701995372772, 'Man': 82.80730247497559}",Man,
id121_3307.jpg,28.0,"{'Woman': 7.083148509263992, 'Man': 92.91685223579407}",Man,
id18_456.jpg,27.0,"{'Woman': 2.479679323732853, 'Man': 97.52031564712524}",Man,
id68_1834.jpg,34.0,"{'Woman': 6.869077682495117, 'Man': 93.13092827796936}",Man,
id41_1083.jpg,,,,'tuple' object has no attribute 'shape'
id118_3096.jpg,31.0,"{'Woman': 3.2262705266475677, 'Man': 96.77372574806213}",Man,
id18_745.jpg,33.0,"{'Woman': 19.25521343946457, 'Man': 80.74478507041931}",Man,
id103_2635.jpg,35.0,"{'Woman': 10.003304481506348, 'Man': 89.99669551849365}",Man,
id91_2414.jpg,38.0,"{'Woman': 32.51056671142578, 'Man': 67.48942732810974}",Man,
id18_618.jpg,26.0,"{'Woman': 2.2186577320098877, 'Man': 97.78134822845459}",Man,
id31_450.jpg,,,,'tuple' object has no attribute 'shape'
id90_2445.jpg,30.0,"{'Woman': 13.036079704761505, 'Man': 86.96392178535461}",Man,
id2_42.jpg,28.0,"{'Woman': 8.603418618440628, 'Man': 91.39658808708191}",Man,
id78_2143.jpg,27.0,"{'Woman': 8.701029419898987, 'Man': 91.29897356033325}",Man,
id69_1918.jpg,33.0,"{'Woman': 24.964137375354767, 'Man': 75.03586411476135}",Man,
id36_1355.jpg,36.0,"{'Woman': 60.71268916130066, 'Man': 39.28731083869934}",Woman,
id62_1646.jpg,34.0,"{'Woman': 6.834632903337479, 'Man': 93.16536784172058}",Man,
id42_975.jpg,32.0,"{'Woman': 8.451547473669052, 'Man': 91.54844880104065}",Man,
id127_3220.jpg,33.0,"{'Woman': 86.41155958175659, 'Man': 13.58843594789505}",Woman,
id115_2938.jpg,27.0,"{'Woman': 16.69028550386429, 'Man': 83.30971002578735}",Man,
id41_1408.jpg,31.0,"{'Woman': 5.980308353900909, 'Man': 94.01969313621521}",Man,
id5_164.jpg,39.0,"{'Woman': 9.347601979970932, 'Man': 90.65240025520325}",Man,
id96_2504.jpg,,,,'tuple' object has no attribute 'shape'
id59_1572.jpg,,,,'tuple' object has no attribute 'shape'
id115_2959.jpg,35.0,"{'Woman': 18.61468106508255, 'Man': 81.38532042503357}",Man,
id45_1124.jpg,27.0,"{'Woman': 4.492466524243355, 'Man': 95.50753235816956}",Man,
id27_456.jpg,30.0,"{'Woman': 2.13791411370039, 'Man': 97.86208868026733}",Man,
id105_2758.jpg,34.0,"{'Woman': 10.443434864282608, 'Man': 89.55656886100769}",Man,
id40_1106.jpg,36.0,"{'Woman': 20.049716532230377, 'Man': 79.95028495788574}",Man,
id77_2230.jpg,30.0,"{'Woman': 2.7697809040546417, 'Man': 97.23021984100342}",Man,
id105_2865.jpg,30.0,"{'Woman': 7.627373188734055, 'Man': 92.37263202667236}",Man,
id94_2776.jpg,28.0,"{'Woman': 7.563798129558563, 'Man': 92.43619441986084}",Man,
id125_3245.jpg,28.0,"{'Woman': 17.242981493473053, 'Man': 82.75701999664307}",Man,
id115_2858.jpg,29.0,"{'Woman': 2.3548733443021774, 'Man': 97.64512777328491}",Man,
id25_396.jpg,28.0,"{'Woman': 24.940773844718933, 'Man': 75.0592291355133}",Man,
id18_725.jpg,35.0,"{'Woman': 4.815274477005005, 'Man': 95.184725522995}",Man,
id93_2573.jpg,24.0,"{'Woman': 6.745254993438721, 'Man': 93.2547390460968}",Man,
id47_1214.jpg,30.0,"{'Woman': 1.185575220733881, 'Man': 98.81442785263062}",Man,
id26_417.jpg,27.0,"{'Woman': 16.916023194789886, 'Man': 83.08398127555847}",Man,
id3_95.jpg,26.0,"{'Woman': 4.025620594620705, 'Man': 95.97437977790833}",Man,
id37_857.jpg,,,,'tuple' object has no attribute 'shape'
id3_47.jpg,27.0,"{'Woman': 1.3297096826136112, 'Man': 98.67029190063477}",Man,
id48_1276.jpg,33.0,"{'Woman': 5.2272699773311615, 'Man': 94.77272629737854}",Man,
id18_267.jpg,32.0,"{'Woman': 2.125999890267849, 'Man': 97.87399768829346}",Man,
id6_86.jpg,26.0,"{'Woman': 13.756079971790314, 'Man': 86.2439215183258}",Man,
id90_2579.jpg,26.0,"{'Woman': 3.621038794517517, 'Man': 96.37896418571472}",Man,
id10_155.jpg,23.0,"{'Woman': 4.328510165214539, 'Man': 95.67148685455322}",Man,
id42_1049.jpg,30.0,"{'Woman': 17.828676104545593, 'Man': 82.17132091522217}",Man,
id41_1037.jpg,31.0,"{'Woman': 13.85141909122467, 'Man': 86.14858388900757}",Man,
id110_2720.jpg,36.0,"{'Woman': 53.65976691246033, 'Man': 46.340227127075195}",Woman,
id25_373.jpg,32.0,"{'Woman': 70.60274481773376, 'Man': 29.397255182266235}",Woman,
id2_81.jpg,33.0,"{'Woman': 42.853379249572754, 'Man': 57.146620750427246}",Man,
id127_3225.jpg,34.0,"{'Woman': 72.31276631355286, 'Man': 27.687227725982666}",Woman,
id41_1462.jpg,29.0,"{'Woman': 97.57322072982788, 'Man': 2.4267740547657013}",Woman,
id36_1360.jpg,34.0,"{'Woman': 59.451621770858765, 'Man': 40.548381209373474}",Woman,
id42_1029.jpg,33.0,"{'Woman': 16.917921602725983, 'Man': 83.08207988739014}",Man,
id118_3000.jpg,28.0,"{'Woman': 20.19495517015457, 'Man': 79.80504035949707}",Man,
id18_378.jpg,33.0,"{'Woman': 4.315537586808205, 'Man': 95.68446278572083}",Man,
id25_462.jpg,,,,'tuple' object has no attribute 'shape'
id49_1296.jpg,,,,'tuple' object has no attribute 'shape'
id49_1200.jpg,28.0,"{'Woman': 23.102444410324097, 'Man': 76.8975555896759}",Man,
id115_2877.jpg,32.0,"{'Woman': 16.17889702320099, 'Man': 83.82109999656677}",Man,
id53_1326.jpg,29.0,"{'Woman': 7.663223147392273, 'Man': 92.33677983283997}",Man,
id43_1061.jpg,29.0,"{'Woman': 4.278876632452011, 'Man': 95.72112560272217}",Man,
id108_2758.jpg,,,,'tuple' object has no attribute 'shape'
id88_2452.jpg,32.0,"{'Woman': 1.0222370736300945, 'Man': 98.97776246070862}",Man,
id83_2232.jpg,34.0,"{'Woman': 14.166106283664703, 'Man': 85.83388924598694}",Man,
id18_534.jpg,32.0,"{'Woman': 19.627241790294647, 'Man': 80.37276268005371}",Man,
id96_2560.jpg,29.0,"{'Woman': 7.8864336013793945, 'Man': 92.11356043815613}",Man,
id60_1630.jpg,34.0,"{'Woman': 33.061614632606506, 'Man': 66.93838238716125}",Man,
id68_1803.jpg,31.0,"{'Woman': 14.26612138748169, 'Man': 85.73387861251831}",Man,
id51_1262.jpg,30.0,"{'Woman': 1.0876119136810303, 'Man': 98.91238212585449}",Man,
id33_743.jpg,31.0,"{'Woman': 9.925689548254013, 'Man': 90.07431268692017}",Man,
id124_3245.jpg,35.0,"{'Woman': 15.132488310337067, 'Man': 84.86751317977905}",Man,
id42_1207.jpg,28.0,"{'Woman': 4.617462307214737, 'Man': 95.38253545761108}",Man,
id78_2137.jpg,28.0,"{'Woman': 5.964381247758865, 'Man': 94.0356194972992}",Man,
id78_2042.jpg,34.0,"{'Woman': 43.969520926475525, 'Man': 56.030476093292236}",Man,
id78_2007.jpg,26.0,"{'Woman': 7.48109444975853, 'Man': 92.51890778541565}",Man,
id36_1381.jpg,29.0,"{'Woman': 74.42533373832703, 'Man': 25.574666261672974}",Woman,
id121_3288.jpg,25.0,"{'Woman': 17.9964616894722, 'Man': 82.00353980064392}",Man,
id24_499.jpg,31.0,"{'Woman': 13.951335847377777, 'Man': 86.0486626625061}",Man,
id118_2993.jpg,34.0,"{'Woman': 37.88025975227356, 'Man': 62.11974024772644}",Man,
id20_477.jpg,34.0,"{'Woman': 40.05886912345886, 'Man': 59.94113087654114}",Man,
id1_24.jpg,36.0,"{'Woman': 1.3848884031176567, 'Man': 98.61511588096619}",Man,
id115_3004.jpg,27.0,"{'Woman': 26.161035895347595, 'Man': 73.83896112442017}",Man,
id65_1715.jpg,35.0,"{'Woman': 7.162096351385117, 'Man': 92.83789992332458}",Man,
id34_757.jpg,29.0,"{'Woman': 5.392073094844818, 'Man': 94.60793137550354}",Man,
id103_2658.jpg,43.0,"{'Woman': 8.512812107801437, 'Man': 91.48719310760498}",Man,
id63_1765.jpg,30.0,"{'Woman': 14.75202888250351, 'Man': 85.24796962738037}",Man,
id79_2010.jpg,29.0,"{'Woman': 27.44598388671875, 'Man': 72.55401611328125}",Man,
id43_1203.jpg,28.0,"{'Woman': 6.5185897052288055, 'Man': 93.48141551017761}",Man,
id92_2419.jpg,31.0,"{'Woman': 18.818803131580353, 'Man': 81.18119835853577}",Man,
id47_1158.jpg,31.0,"{'Woman': 8.266769349575043, 'Man': 91.73323512077332}",Man,
id20_364.jpg,29.0,"{'Woman': 46.946537494659424, 'Man': 53.053462505340576}",Man,
id41_1096.jpg,,,,'tuple' object has no attribute 'shape'
id59_1636.jpg,34.0,"{'Woman': 87.68147826194763, 'Man': 12.318526208400726}",Woman,
id24_367.jpg,28.0,"{'Woman': 7.719660550355911, 'Man': 92.28034019470215}",Man,
id18_457.jpg,28.0,"{'Woman': 2.0819041877985, 'Man': 97.91809320449829}",Man,
id25_388.jpg,32.0,"{'Woman': 49.61956441402435, 'Man': 50.380438566207886}",Man,
id8_114.jpg,33.0,"{'Woman': 20.78988552093506, 'Man': 79.21011447906494}",Man,
id61_1616.jpg,31.0,"{'Woman': 22.439725697040558, 'Man': 77.56026983261108}",Man,
id94_2774.jpg,26.0,"{'Woman': 1.9642151892185211, 'Man': 98.0357825756073}",Man,
id117_2997.jpg,29.0,"{'Woman': 6.412272900342941, 'Man': 93.58773231506348}",Man,
id78_2112.jpg,26.0,"{'Woman': 7.43376687169075, 'Man': 92.56623983383179}",Man,
id91_2396.jpg,31.0,"{'Woman': 20.500202476978302, 'Man': 79.49979901313782}",Man,
id18_706.jpg,33.0,"{'Woman': 4.418640211224556, 'Man': 95.58135867118835}",Man,
id42_1149.jpg,25.0,"{'Woman': 2.9121574014425278, 'Man': 97.08784222602844}",Man,
id77_2163.jpg,29.0,"{'Woman': 1.844053715467453, 'Man': 98.15593957901001}",Man,
id8_126.jpg,32.0,"{'Woman': 33.62518548965454, 'Man': 66.37481451034546}",Man,
id90_2469.jpg,35.0,"{'Woman': 39.0656977891922, 'Man': 60.93429923057556}",Man,
id94_2454.jpg,27.0,"{'Woman': 9.000985324382782, 'Man': 90.99901914596558}",Man,
id3_6.jpg,28.0,"{'Woman': 18.351365625858307, 'Man': 81.64862990379333}",Man,
id36_922.jpg,28.0,"{'Woman': 13.33010345697403, 'Man': 86.66989803314209}",Man,
id77_2079.jpg,29.0,"{'Woman': 1.9883858039975166, 'Man': 98.01161289215088}",Man,
id31_515.jpg,28.0,"{'Woman': 4.143055155873299, 'Man': 95.85694670677185}",Man,
id48_1274.jpg,34.0,"{'Woman': 3.9696678519248962, 'Man': 96.03033661842346}",Man,
id108_2827.jpg,29.0,"{'Woman': 10.844877362251282, 'Man': 89.15511965751648}",Man,
id78_2178.jpg,22.0,"{'Woman': 4.021652787923813, 'Man': 95.97834348678589}",Man,
id36_1433.jpg,,,,'tuple' object has no attribute 'shape'
id83_2393.jpg,28.0,"{'Woman': 25.497141480445862, 'Man': 74.50286149978638}",Man,
id36_876.jpg,31.0,"{'Woman': 4.6685561537742615, 'Man': 95.33143639564514}",Man,
id118_3106.jpg,28.0,"{'Woman': 1.1208402924239635, 'Man': 98.87915849685669}",Man,
id94_2575.jpg,24.0,"{'Woman': 7.231248170137405, 'Man': 92.76875257492065}",Man,
id18_532.jpg,36.0,"{'Woman': 24.628639221191406, 'Man': 75.3713607788086}",Man,
id42_1061.jpg,36.0,"{'Woman': 26.744428277015686, 'Man': 73.25556874275208}",Man,
id45_1135.jpg,28.0,"{'Woman': 5.498786270618439, 'Man': 94.5012092590332}",Man,
id124_3254.jpg,34.0,"{'Woman': 7.870238274335861, 'Man': 92.12976098060608}",Man,
id82_2454.jpg,36.0,"{'Woman': 17.158207297325134, 'Man': 82.8417956829071}",Man,
id1_140.jpg,28.0,"{'Woman': 35.59814989566803, 'Man': 64.40184712409973}",Man,
id90_2393.jpg,33.0,"{'Woman': 15.979649126529694, 'Man': 84.02035236358643}",Man,
id20_311.jpg,26.0,"{'Woman': 3.2029565423727036, 'Man': 96.79704308509827}",Man,
id119_3252.jpg,29.0,"{'Woman': 14.536336064338684, 'Man': 85.46366095542908}",Man,
id126_3227.jpg,39.0,"{'Woman': 8.770082145929337, 'Man': 91.22991561889648}",Man,
id83_2186.jpg,26.0,"{'Woman': 6.510470062494278, 'Man': 93.48952770233154}",Man,
id5_125.jpg,32.0,"{'Woman': 19.30598020553589, 'Man': 80.69401979446411}",Man,
id108_2859.jpg,25.0,"{'Woman': 0.8994068950414658, 'Man': 99.10059571266174}",Man,
id128_3257.jpg,34.0,"{'Woman': 4.320455715060234, 'Man': 95.67953944206238}",Man,
id122_3143.jpg,27.0,"{'Woman': 3.439689800143242, 'Man': 96.56030535697937}",Man,
id36_1297.jpg,36.0,"{'Woman': 4.426474869251251, 'Man': 95.57352662086487}",Man,
id83_2259.jpg,29.0,"{'Woman': 20.204511284828186, 'Man': 79.79549169540405}",Man,
id47_1168.jpg,35.0,"{'Woman': 1.8964780494570732, 'Man': 98.10351729393005}",Man,
id18_643.jpg,36.0,"{'Woman': 49.42624270915985, 'Man': 50.57375431060791}",Man,
id47_1113.jpg,,,,'tuple' object has no attribute 'shape'
id119_3177.jpg,32.0,"{'Woman': 13.473446667194366, 'Man': 86.52656078338623}",Man,
id70_1828.jpg,35.0,"{'Woman': 2.938728407025337, 'Man': 97.06127643585205}",Man,
id70_1944.jpg,32.0,"{'Woman': 2.056342549622059, 'Man': 97.94365763664246}",Man,
id135_3321.jpg,29.0,"{'Woman': 17.777080833911896, 'Man': 82.2229266166687}",Man,
id65_1685.jpg,36.0,"{'Woman': 44.469478726387024, 'Man': 55.53051829338074}",Man,
id24_454.jpg,24.0,"{'Woman': 5.930603668093681, 'Man': 94.06939148902893}",Man,
id18_268.jpg,30.0,"{'Woman': 22.02162891626358, 'Man': 77.97837853431702}",Man,
id119_3086.jpg,27.0,"{'Woman': 7.146149128675461, 'Man': 92.85385012626648}",Man,
id92_2400.jpg,39.0,"{'Woman': 23.16870391368866, 'Man': 76.8312931060791}",Man,
id126_3218.jpg,43.0,"{'Woman': 7.0415787398815155, 'Man': 92.95842051506042}",Man,
id3_158.jpg,25.0,"{'Woman': 20.82936316728592, 'Man': 79.1706383228302}",Man,
id45_1080.jpg,,,,'tuple' object has no attribute 'shape'
id41_1093.jpg,,,,'tuple' object has no attribute 'shape'
id122_3201.jpg,31.0,"{'Woman': 38.38229477405548, 'Man': 61.61770224571228}",Man,
id93_2560.jpg,29.0,"{'Woman': 8.928850293159485, 'Man': 91.07114672660828}",Man,
id63_1664.jpg,32.0,"{'Woman': 4.316325485706329, 'Man': 95.68367600440979}",Man,
id48_1244.jpg,29.0,"{'Woman': 3.1721647828817368, 'Man': 96.82783484458923}",Man,
id16_264.jpg,,,,'tuple' object has no attribute 'shape'
id46_1269.jpg,33.0,"{'Woman': 41.4122611284256, 'Man': 58.58773589134216}",Man,
id91_2390.jpg,33.0,"{'Woman': 21.47541642189026, 'Man': 78.52457761764526}",Man,
id21_356.jpg,26.0,"{'Woman': 9.983237087726593, 'Man': 90.01676440238953}",Man,
id108_2714.jpg,33.0,"{'Woman': 2.232835441827774, 'Man': 97.76715636253357}",Man,
id119_3146.jpg,21.0,"{'Woman': 0.8092306554317474, 'Man': 99.19077157974243}",Man,
id122_3254.jpg,,,,'tuple' object has no attribute 'shape'
id118_3028.jpg,34.0,"{'Woman': 12.7881720662117, 'Man': 87.2118353843689}",Man,
id60_1590.jpg,25.0,"{'Woman': 3.4884467720985413, 'Man': 96.51156067848206}",Man,
id47_1163.jpg,33.0,"{'Woman': 6.338208168745041, 'Man': 93.66179704666138}",Man,
id123_3168.jpg,37.0,"{'Woman': 22.514161467552185, 'Man': 77.48584151268005}",Man,
id1_266.jpg,28.0,"{'Woman': 71.06389999389648, 'Man': 28.936102986335754}",Woman,
id27_412.jpg,40.0,"{'Woman': 11.771315336227417, 'Man': 88.22868466377258}",Man,
id127_3261.jpg,29.0,"{'Woman': 95.34258842468262, 'Man': 4.657411575317383}",Woman,
id83_2258.jpg,29.0,"{'Woman': 20.204511284828186, 'Man': 79.79549169540405}",Man,
id1_301.jpg,26.0,"{'Woman': 8.959374576807022, 'Man': 91.0406231880188}",Man,
id116_3102.jpg,30.0,"{'Woman': 36.581629514694214, 'Man': 63.418370485305786}",Man,
id59_1747.jpg,30.0,"{'Woman': 82.54539370536804, 'Man': 17.4546018242836}",Woman,
id93_2471.jpg,38.0,"{'Woman': 17.508885264396667, 'Man': 82.4911117553711}",Man,
id1_169.jpg,,,,'tuple' object has no attribute 'shape'
id41_943.jpg,28.0,"{'Woman': 48.72940480709076, 'Man': 51.27059817314148}",Man,
id4_21.jpg,30.0,"{'Woman': 40.127623081207275, 'Man': 59.8723828792572}",Man,
id24_413.jpg,25.0,"{'Woman': 24.69671219587326, 'Man': 75.30328035354614}",Man,
id24_488.jpg,26.0,"{'Woman': 16.970716416835785, 'Man': 83.0292820930481}",Man,
id18_610.jpg,25.0,"{'Woman': 17.540740966796875, 'Man': 82.4592649936676}",Man,
id108_2722.jpg,,,,'tuple' object has no attribute 'shape'
id25_397.jpg,27.0,"{'Woman': 22.767934203147888, 'Man': 77.23206877708435}",Man,
id18_559.jpg,33.0,"{'Woman': 38.193920254707336, 'Man': 61.8060827255249}",Man,
id3_150.jpg,26.0,"{'Woman': 29.12973165512085, 'Man': 70.87026834487915}",Man,
id121_3193.jpg,32.0,"{'Woman': 25.75823962688446, 'Man': 74.24176335334778}",Man,
id1_235.jpg,28.0,"{'Woman': 8.516251295804977, 'Man': 91.48374795913696}",Man,
id41_1392.jpg,35.0,"{'Woman': 25.8957177400589, 'Man': 74.10428524017334}",Man,
id65_1695.jpg,38.0,"{'Woman': 40.35613834857941, 'Man': 59.643858671188354}",Man,
id42_990.jpg,32.0,"{'Woman': 15.32229632139206, 'Man': 84.6777081489563}",Man,
id59_1600.jpg,32.0,"{'Woman': 26.34369134902954, 'Man': 73.65630865097046}",Man,
id91_2446.jpg,37.0,"{'Woman': 8.697817474603653, 'Man': 91.30218029022217}",Man,
id84_2240.jpg,32.0,"{'Woman': 7.307755947113037, 'Man': 92.69224405288696}",Man,
id101_2658.jpg,29.0,"{'Woman': 15.107592940330505, 'Man': 84.89240407943726}",Man,
id88_2420.jpg,28.0,"{'Woman': 0.44776033610105515, 'Man': 99.55223798751831}",Man,
id20_287.jpg,27.0,"{'Woman': 6.157293543219566, 'Man': 93.84270906448364}",Man,
id34_791.jpg,24.0,"{'Woman': 4.749759286642075, 'Man': 95.2502429485321}",Man,
id42_1032.jpg,34.0,"{'Woman': 19.17961686849594, 'Man': 80.82038760185242}",Man,
id133_3317.jpg,31.0,"{'Woman': 18.627959489822388, 'Man': 81.37204051017761}",Man,
id43_1066.jpg,27.0,"{'Woman': 5.18026202917099, 'Man': 94.81973648071289}",Man,
id115_2874.jpg,33.0,"{'Woman': 15.090957283973694, 'Man': 84.90904569625854}",Man,
id40_1043.jpg,24.0,"{'Woman': 9.457283467054367, 'Man': 90.54271578788757}",Man,
id27_425.jpg,27.0,"{'Woman': 18.719612061977386, 'Man': 81.2803864479065}",Man,
id1_222.jpg,26.0,"{'Woman': 47.74862825870514, 'Man': 52.25136876106262}",Man,
id44_1055.jpg,39.0,"{'Woman': 3.3381253480911255, 'Man': 96.66187167167664}",Man,
id83_2489.jpg,34.0,"{'Woman': 29.434922337532043, 'Man': 70.56507468223572}",Man,
id54_1538.jpg,23.0,"{'Woman': 4.568960145115852, 'Man': 95.4310417175293}",Man,
id41_1024.jpg,28.0,"{'Woman': 11.339541524648666, 'Man': 88.66045475006104}",Man,
id113_3014.jpg,39.0,"{'Woman': 8.806206285953522, 'Man': 91.1937952041626}",Man,
id103_2738.jpg,34.0,"{'Woman': 19.917576014995575, 'Man': 80.0824224948883}",Man,
id48_1243.jpg,28.0,"{'Woman': 7.550802081823349, 'Man': 92.44919419288635}",Man,
id25_431.jpg,,,,'tuple' object has no attribute 'shape'
id36_1318.jpg,33.0,"{'Woman': 29.48497235774994, 'Man': 70.51502466201782}",Man,
id1_205.jpg,26.0,"{'Woman': 53.27732563018799, 'Man': 46.72267735004425}",Woman,
id43_1010.jpg,29.0,"{'Woman': 24.028998613357544, 'Man': 75.97099542617798}",Man,
id71_1878.jpg,27.0,"{'Woman': 2.1173959597945213, 'Man': 97.8826105594635}",Man,
id78_2144.jpg,27.0,"{'Woman': 9.094468504190445, 'Man': 90.90553522109985}",Man,
id77_2148.jpg,26.0,"{'Woman': 2.068585529923439, 'Man': 97.93141484260559}",Man,
id115_2854.jpg,29.0,"{'Woman': 7.770970463752747, 'Man': 92.22902655601501}",Man,
id54_1574.jpg,23.0,"{'Woman': 1.0841394774615765, 'Man': 98.91586303710938}",Man,
id79_2063.jpg,26.0,"{'Woman': 4.930351674556732, 'Man': 95.06964683532715}",Man,
id31_530.jpg,34.0,"{'Woman': 36.53530776500702, 'Man': 63.46468925476074}",Man,
id27_429.jpg,39.0,"{'Woman': 7.739274203777313, 'Man': 92.26072430610657}",Man,
id50_1421.jpg,,,,'tuple' object has no attribute 'shape'
id70_1838.jpg,35.0,"{'Woman': 2.886785753071308, 'Man': 97.11320996284485}",Man,
id32_643.jpg,28.0,"{'Woman': 19.339624047279358, 'Man': 80.6603729724884}",Man,
id54_1492.jpg,31.0,"{'Woman': 4.0801770985126495, 'Man': 95.91982364654541}",Man,
id11_229.jpg,26.0,"{'Woman': 3.122793883085251, 'Man': 96.87720537185669}",Man,
id106_2705.jpg,29.0,"{'Woman': 10.534859448671341, 'Man': 89.4651472568512}",Man,
id36_1408.jpg,,,,'tuple' object has no attribute 'shape'
id49_1218.jpg,35.0,"{'Woman': 4.494602978229523, 'Man': 95.5053985118866}",Man,
id43_1072.jpg,30.0,"{'Woman': 4.185501113533974, 'Man': 95.81449627876282}",Man,
id118_3048.jpg,29.0,"{'Woman': 82.39388465881348, 'Man': 17.606112360954285}",Woman,
id47_1387.jpg,30.0,"{'Woman': 17.864184081554413, 'Man': 82.13581442832947}",Man,
id54_1564.jpg,26.0,"{'Woman': 9.205019474029541, 'Man': 90.79498052597046}",Man,
id69_1838.jpg,27.0,"{'Woman': 6.975292414426804, 'Man': 93.02470684051514}",Man,
id78_2254.jpg,29.0,"{'Woman': 6.972131133079529, 'Man': 93.02787184715271}",Man,
id69_1999.jpg,32.0,"{'Woman': 6.980672478675842, 'Man': 93.0193305015564}",Man,
id113_2771.jpg,25.0,"{'Woman': 8.687049150466919, 'Man': 91.31295680999756}",Man,
id118_3110.jpg,26.0,"{'Woman': 2.7203936129808426, 'Man': 97.27960228919983}",Man,
id67_1917.jpg,30.0,"{'Woman': 6.110631301999092, 'Man': 93.8893735408783}",Man,
id108_2724.jpg,38.0,"{'Woman': 5.503196269273758, 'Man': 94.4968044757843}",Man,
id24_503.jpg,29.0,"{'Woman': 2.334236539900303, 'Man': 97.66576290130615}",Man,
id1_188.jpg,24.0,"{'Woman': 31.41525387763977, 'Man': 68.58474016189575}",Man,
id25_410.jpg,28.0,"{'Woman': 37.159663438797, 'Man': 62.840336561203}",Man,
id67_1782.jpg,26.0,"{'Woman': 9.427820891141891, 'Man': 90.57218432426453}",Man,
id72_1906.jpg,25.0,"{'Woman': 3.1486276537179947, 'Man': 96.85136675834656}",Man,
id40_1075.jpg,,,,'tuple' object has no attribute 'shape'
id105_2754.jpg,34.0,"{'Woman': 10.618720948696136, 'Man': 89.38127756118774}",Man,
id18_474.jpg,29.0,"{'Woman': 6.672921776771545, 'Man': 93.32707524299622}",Man,
id77_2100.jpg,30.0,"{'Woman': 0.47961161471903324, 'Man': 99.52038526535034}",Man,
id79_2124.jpg,33.0,"{'Woman': 12.188688665628433, 'Man': 87.81131505966187}",Man,
id115_2943.jpg,32.0,"{'Woman': 17.899596691131592, 'Man': 82.10040330886841}",Man,
id41_1090.jpg,,,,'tuple' object has no attribute 'shape'
id36_885.jpg,27.0,"{'Woman': 6.8204231560230255, 'Man': 93.17957758903503}",Man,
id79_2053.jpg,26.0,"{'Woman': 9.197641909122467, 'Man': 90.80235958099365}",Man,
id130_3290.jpg,28.0,"{'Woman': 97.88581728935242, 'Man': 2.1141832694411278}",Woman,
id65_1771.jpg,34.0,"{'Woman': 3.8558494299650192, 'Man': 96.14415168762207}",Man,
id42_1130.jpg,32.0,"{'Woman': 21.4440256357193, 'Man': 78.55597734451294}",Man,
id45_1044.jpg,,,,'tuple' object has no attribute 'shape'
id85_2173.jpg,29.0,"{'Woman': 11.400291323661804, 'Man': 88.59970569610596}",Man,
id77_2032.jpg,26.0,"{'Woman': 0.48882393166422844, 'Man': 99.51117634773254}",Man,
id3_137.jpg,30.0,"{'Woman': 48.486894369125366, 'Man': 51.51311159133911}",Man,
id106_2697.jpg,39.0,"{'Woman': 5.56446947157383, 'Man': 94.4355309009552}",Man,
id51_1341.jpg,25.0,"{'Woman': 29.85462248325348, 'Man': 70.14537453651428}",Man,
id79_2054.jpg,25.0,"{'Woman': 13.979922235012054, 'Man': 86.0200822353363}",Man,
id118_3108.jpg,28.0,"{'Woman': 1.8144382163882256, 'Man': 98.1855571269989}",Man,
id123_3210.jpg,32.0,"{'Woman': 3.9881631731987, 'Man': 96.01183533668518}",Man,
id24_403.jpg,27.0,"{'Woman': 8.926121145486832, 'Man': 91.07387661933899}",Man,
id3_16.jpg,32.0,"{'Woman': 7.416293025016785, 'Man': 92.58370995521545}",Man,
id1_47.jpg,28.0,"{'Woman': 10.707638412714005, 'Man': 89.29235935211182}",Man,
id16_245.jpg,33.0,"{'Woman': 17.390654981136322, 'Man': 82.60934352874756}",Man,
id79_2039.jpg,31.0,"{'Woman': 11.218571662902832, 'Man': 88.78142833709717}",Man,
id77_2048.jpg,29.0,"{'Woman': 3.1212911009788513, 'Man': 96.87870740890503}",Man,
id49_1288.jpg,25.0,"{'Woman': 5.728040263056755, 'Man': 94.2719578742981}",Man,
id96_2492.jpg,33.0,"{'Woman': 83.13785791397095, 'Man': 16.86214506626129}",Woman,
id3_73.jpg,26.0,"{'Woman': 11.793450266122818, 'Man': 88.20655345916748}",Man,
id45_1068.jpg,,,,'tuple' object has no attribute 'shape'
id63_1698.jpg,29.0,"{'Woman': 6.711453944444656, 'Man': 93.2885468006134}",Man,
id18_374.jpg,29.0,"{'Woman': 3.033062629401684, 'Man': 96.96694016456604}",Man,
id18_701.jpg,30.0,"{'Woman': 8.857319504022598, 'Man': 91.14267826080322}",Man,
id49_1222.jpg,34.0,"{'Woman': 11.385205388069153, 'Man': 88.61479759216309}",Man,
id54_1536.jpg,28.0,"{'Woman': 10.252220928668976, 'Man': 89.74777460098267}",Man,
id49_1485.jpg,28.0,"{'Woman': 7.852107286453247, 'Man': 92.14789271354675}",Man,
id115_2999.jpg,30.0,"{'Woman': 17.25858896970749, 'Man': 82.74140954017639}",Man,
id41_1209.jpg,31.0,"{'Woman': 25.677761435508728, 'Man': 74.32223558425903}",Man,
id67_1910.jpg,27.0,"{'Woman': 4.170985147356987, 'Man': 95.82901000976562}",Man,
id77_2111.jpg,25.0,"{'Woman': 5.541425198316574, 'Man': 94.45857405662537}",Man,
id40_993.jpg,22.0,"{'Woman': 25.50918757915497, 'Man': 74.49081540107727}",Man,
id4_20.jpg,31.0,"{'Woman': 31.569603085517883, 'Man': 68.43039989471436}",Man,
id41_1464.jpg,28.0,"{'Woman': 96.94750905036926, 'Man': 3.0524933710694313}",Woman,
id3_157.jpg,25.0,"{'Woman': 20.82936316728592, 'Man': 79.1706383228302}",Man,
id124_3314.jpg,36.0,"{'Woman': 31.723377108573914, 'Man': 68.27662587165833}",Man,
id55_1518.jpg,28.0,"{'Woman': 1.7546994611620903, 'Man': 98.24529886245728}",Man,
id103_2728.jpg,27.0,"{'Woman': 38.78961801528931, 'Man': 61.21038794517517}",Man,
id5_211.jpg,32.0,"{'Woman': 22.045938670635223, 'Man': 77.95406579971313}",Man,
id49_1313.jpg,33.0,"{'Woman': 3.1295709311962128, 'Man': 96.87042832374573}",Man,
id62_1725.jpg,29.0,"{'Woman': 30.68070411682129, 'Man': 69.31929588317871}",Man,
id90_2444.jpg,31.0,"{'Woman': 15.860188007354736, 'Man': 84.13981199264526}",Man,
id102_2619.jpg,30.0,"{'Woman': 4.8736821860075, 'Man': 95.12631893157959}",Man,
id106_2670.jpg,25.0,"{'Woman': 2.725108154118061, 'Man': 97.2748875617981}",Man,
id41_1128.jpg,36.0,"{'Woman': 15.621088445186615, 'Man': 84.37891006469727}",Man,
id49_1219.jpg,34.0,"{'Woman': 5.653104186058044, 'Man': 94.3468987941742}",Man,
id25_418.jpg,32.0,"{'Woman': 6.967918574810028, 'Man': 93.03207993507385}",Man,
id2_189.jpg,24.0,"{'Woman': 24.278946220874786, 'Man': 75.72104930877686}",Man,
id60_1600.jpg,23.0,"{'Woman': 2.6423973962664604, 'Man': 97.35760688781738}",Man,
id113_3010.jpg,35.0,"{'Woman': 31.503453850746155, 'Man': 68.49654912948608}",Man,
id1_192.jpg,27.0,"{'Woman': 46.07974588871002, 'Man': 53.92024517059326}",Man,
id25_477.jpg,35.0,"{'Woman': 7.219032198190689, 'Man': 92.78097152709961}",Man,
id77_2162.jpg,27.0,"{'Woman': 1.2611213140189648, 'Man': 98.73887300491333}",Man,
id18_382.jpg,25.0,"{'Woman': 2.994862385094166, 'Man': 97.00514078140259}",Man,
id65_1668.jpg,41.0,"{'Woman': 9.533780068159103, 'Man': 90.46621918678284}",Man,
id41_1038.jpg,28.0,"{'Woman': 17.919062077999115, 'Man': 82.08094239234924}",Man,
id47_1124.jpg,32.0,"{'Woman': 10.432464629411697, 'Man': 89.56753611564636}",Man,
id51_1250.jpg,26.0,"{'Woman': 2.8737396001815796, 'Man': 97.12626338005066}",Man,
id61_1662.jpg,32.0,"{'Woman': 21.50214910507202, 'Man': 78.4978449344635}",Man,
id83_2251.jpg,33.0,"{'Woman': 7.773707807064056, 'Man': 92.22628474235535}",Man,
id79_2104.jpg,32.0,"{'Woman': 7.538177073001862, 'Man': 92.46182441711426}",Man,
id119_3217.jpg,26.0,"{'Woman': 10.36023497581482, 'Man': 89.6397590637207}",Man,
id119_3123.jpg,26.0,"{'Woman': 6.319507211446762, 'Man': 93.68048906326294}",Man,
id41_946.jpg,28.0,"{'Woman': 51.858651638031006, 'Man': 48.14134240150452}",Woman,
id25_533.jpg,28.0,"{'Woman': 49.632614850997925, 'Man': 50.367385149002075}",Man,
id8_132.jpg,34.0,"{'Woman': 7.965497672557831, 'Man': 92.03450083732605}",Man,
id44_1094.jpg,39.0,"{'Woman': 3.185662254691124, 'Man': 96.81434035301208}",Man,
id18_463.jpg,27.0,"{'Woman': 7.793642580509186, 'Man': 92.20635890960693}",Man,
id37_856.jpg,,,,'tuple' object has no attribute 'shape'
id36_892.jpg,,,,'tuple' object has no attribute 'shape'
id60_1591.jpg,27.0,"{'Woman': 3.1773120164871216, 'Man': 96.82268500328064}",Man,
id42_1145.jpg,34.0,"{'Woman': 1.4695809222757816, 'Man': 98.53041768074036}",Man,
id13_224.jpg,32.0,"{'Woman': 18.49229335784912, 'Man': 81.50770664215088}",Man,
id10_151.jpg,24.0,"{'Woman': 2.8043488040566444, 'Man': 97.19565510749817}",Man,
id44_1074.jpg,26.0,"{'Woman': 8.271754533052444, 'Man': 91.72824621200562}",Man,
id65_1797.jpg,26.0,"{'Woman': 14.071330428123474, 'Man': 85.92867255210876}",Man,
id121_3191.jpg,32.0,"{'Woman': 12.487419694662094, 'Man': 87.51258254051208}",Man,
id79_2103.jpg,37.0,"{'Woman': 4.0678925812244415, 'Man': 95.9321141242981}",Man,
id108_2708.jpg,30.0,"{'Woman': 20.129971206188202, 'Man': 79.8700213432312}",Man,
id18_779.jpg,28.0,"{'Woman': 19.540980458259583, 'Man': 80.45901656150818}",Man,
id36_1214.jpg,32.0,"{'Woman': 41.79198741912842, 'Man': 58.20801854133606}",Man,
id42_1015.jpg,37.0,"{'Woman': 18.600530922412872, 'Man': 81.39947056770325}",Man,
id45_1064.jpg,31.0,"{'Woman': 8.983829617500305, 'Man': 91.01616740226746}",Man,
id123_3197.jpg,33.0,"{'Woman': 31.001603603363037, 'Man': 68.99839043617249}",Man,
id43_1031.jpg,25.0,"{'Woman': 5.483012273907661, 'Man': 94.51699256896973}",Man,
id108_2790.jpg,31.0,"{'Woman': 0.7598801050335169, 'Man': 99.24012422561646}",Man,
id65_1725.jpg,33.0,"{'Woman': 3.701518476009369, 'Man': 96.29848003387451}",Man,
id77_2081.jpg,34.0,"{'Woman': 3.1862210482358932, 'Man': 96.8137800693512}",Man,
id123_3165.jpg,31.0,"{'Woman': 31.436818838119507, 'Man': 68.5631811618805}",Man,
id27_531.jpg,32.0,"{'Woman': 13.344867527484894, 'Man': 86.65512800216675}",Man,
id42_1090.jpg,31.0,"{'Woman': 10.47169640660286, 'Man': 89.5283043384552}",Man,
id63_1695.jpg,27.0,"{'Woman': 8.984801173210144, 'Man': 91.0152018070221}",Man,
id113_2791.jpg,29.0,"{'Woman': 23.38826358318329, 'Man': 76.61173343658447}",Man,
id70_1829.jpg,32.0,"{'Woman': 3.383886441588402, 'Man': 96.61611318588257}",Man,
id11_183.jpg,26.0,"{'Woman': 4.923994466662407, 'Man': 95.0760006904602}",Man,
id42_954.jpg,32.0,"{'Woman': 26.020267605781555, 'Man': 73.97973537445068}",Man,
id42_1044.jpg,31.0,"{'Woman': 10.719253122806549, 'Man': 89.28074240684509}",Man,
id43_1020.jpg,24.0,"{'Woman': 4.67173345386982, 'Man': 95.32826542854309}",Man,
id121_3294.jpg,,,,'tuple' object has no attribute 'shape'
id72_1883.jpg,30.0,"{'Woman': 7.064182311296463, 'Man': 92.9358184337616}",Man,
id96_2502.jpg,32.0,"{'Woman': 32.28312134742737, 'Man': 67.71687269210815}",Man,
id43_1183.jpg,30.0,"{'Woman': 9.603983908891678, 'Man': 90.39602279663086}",Man,
id42_1006.jpg,40.0,"{'Woman': 35.23765504360199, 'Man': 64.76234197616577}",Man,
id41_1399.jpg,38.0,"{'Woman': 32.10065960884094, 'Man': 67.89934039115906}",Man,
id65_1773.jpg,35.0,"{'Woman': 5.437883734703064, 'Man': 94.5621132850647}",Man,
id33_699.jpg,,,,'tuple' object has no attribute 'shape'
id18_602.jpg,,,,'tuple' object has no attribute 'shape'
id20_425.jpg,33.0,"{'Woman': 10.667386651039124, 'Man': 89.33261036872864}",Man,
id83_2177.jpg,33.0,"{'Woman': 11.61043867468834, 'Man': 88.38956356048584}",Man,
id18_376.jpg,28.0,"{'Woman': 3.1879689544439316, 'Man': 96.81203365325928}",Man,
id45_1045.jpg,,,,'tuple' object has no attribute 'shape'
id18_380.jpg,32.0,"{'Woman': 7.4312724173069, 'Man': 92.5687313079834}",Man,
id63_1701.jpg,33.0,"{'Woman': 11.636917293071747, 'Man': 88.36308121681213}",Man,
id78_2169.jpg,29.0,"{'Woman': 11.92820742726326, 'Man': 88.07178735733032}",Man,
id45_1058.jpg,30.0,"{'Woman': 7.51691460609436, 'Man': 92.48308539390564}",Man,
id24_470.jpg,24.0,"{'Woman': 9.160038828849792, 'Man': 90.83995819091797}",Man,
id69_2005.jpg,26.0,"{'Woman': 27.000480890274048, 'Man': 72.99951910972595}",Man,
id91_2410.jpg,33.0,"{'Woman': 12.933734059333801, 'Man': 87.06626296043396}",Man,
id121_3311.jpg,27.0,"{'Woman': 4.071847349405289, 'Man': 95.92815041542053}",Man,
id2_43.jpg,29.0,"{'Woman': 10.161446034908295, 'Man': 89.83855843544006}",Man,
id54_1539.jpg,24.0,"{'Woman': 3.1062955036759377, 'Man': 96.89369797706604}",Man,
id47_1154.jpg,27.0,"{'Woman': 8.731754869222641, 'Man': 91.26824736595154}",Man,
id109_2706.jpg,31.0,"{'Woman': 8.889348804950714, 'Man': 91.1106526851654}",Man,
id56_1516.jpg,28.0,"{'Woman': 12.729187309741974, 'Man': 87.27082014083862}",Man,
id77_2086.jpg,32.0,"{'Woman': 2.737911604344845, 'Man': 97.26209044456482}",Man,
id115_2867.jpg,29.0,"{'Woman': 16.587229073047638, 'Man': 83.41277241706848}",Man,
id77_2258.jpg,34.0,"{'Woman': 1.9582128152251244, 'Man': 98.04178476333618}",Man,
id77_2355.jpg,32.0,"{'Woman': 20.42980194091797, 'Man': 79.57019805908203}",Man,
id115_3019.jpg,25.0,"{'Woman': 1.7703821882605553, 'Man': 98.22961688041687}",Man,
id65_1775.jpg,37.0,"{'Woman': 5.318072810769081, 'Man': 94.68193054199219}",Man,
id42_987.jpg,31.0,"{'Woman': 10.396184772253036, 'Man': 89.60381746292114}",Man,
id78_2245.jpg,30.0,"{'Woman': 3.74235175549984, 'Man': 96.25765085220337}",Man,
id7_132.jpg,32.0,"{'Woman': 19.25978511571884, 'Man': 80.74021339416504}",Man,
id46_1402.jpg,23.0,"{'Woman': 4.8804450780153275, 'Man': 95.11955976486206}",Man,
id35_755.jpg,,,,'tuple' object has no attribute 'shape'
id117_2972.jpg,25.0,"{'Woman': 2.6745639741420746, 'Man': 97.3254382610321}",Man,
id130_3279.jpg,29.0,"{'Woman': 95.79335451126099, 'Man': 4.206639155745506}",Woman,
id78_2135.jpg,28.0,"{'Woman': 6.817609816789627, 'Man': 93.18239092826843}",Man,
id63_1671.jpg,28.0,"{'Woman': 2.926795184612274, 'Man': 97.0732033252716}",Man,
id1_85.jpg,26.0,"{'Woman': 14.735129475593567, 'Man': 85.26487350463867}",Man,
id91_2440.jpg,,,,'tuple' object has no attribute 'shape'
id1_230.jpg,28.0,"{'Woman': 3.809557855129242, 'Man': 96.19044661521912}",Man,
id16_303.jpg,24.0,"{'Woman': 3.2999619841575623, 'Man': 96.70003056526184}",Man,
id40_1127.jpg,35.0,"{'Woman': 18.750201165676117, 'Man': 81.24979734420776}",Man,
id24_545.jpg,30.0,"{'Woman': 8.87991115450859, 'Man': 91.12008810043335}",Man,
id65_1905.jpg,27.0,"{'Woman': 83.37535858154297, 'Man': 16.624639928340912}",Woman,
id128_3269.jpg,34.0,"{'Woman': 7.9803407192230225, 'Man': 92.01965928077698}",Man,
id130_3261.jpg,31.0,"{'Woman': 16.94638878107071, 'Man': 83.05360674858093}",Man,
id55_1544.jpg,29.0,"{'Woman': 1.4160259626805782, 'Man': 98.58397245407104}",Man,
id5_199.jpg,26.0,"{'Woman': 8.594170212745667, 'Man': 91.4058268070221}",Man,
id34_739.jpg,26.0,"{'Woman': 5.860374495387077, 'Man': 94.13962960243225}",Man,
id45_1142.jpg,33.0,"{'Woman': 18.716470897197723, 'Man': 81.28352761268616}",Man,
id68_1974.jpg,30.0,"{'Woman': 21.272429823875427, 'Man': 78.72756719589233}",Man,
id37_859.jpg,,,,'tuple' object has no attribute 'shape'
id83_2388.jpg,31.0,"{'Woman': 30.521094799041748, 'Man': 69.47890520095825}",Man,
id70_1830.jpg,34.0,"{'Woman': 4.321377724409103, 'Man': 95.67862153053284}",Man,
id117_3043.jpg,36.0,"{'Woman': 5.516992881894112, 'Man': 94.48301196098328}",Man,
id59_1748.jpg,30.0,"{'Woman': 72.94378280639648, 'Man': 27.056220173835754}",Woman,
id44_1064.jpg,41.0,"{'Woman': 4.375214874744415, 'Man': 95.6247866153717}",Man,
id37_843.jpg,,,,'tuple' object has no attribute 'shape'
id106_2709.jpg,29.0,"{'Woman': 7.246100902557373, 'Man': 92.75389909744263}",Man,
id93_2490.jpg,33.0,"{'Woman': 21.238480508327484, 'Man': 78.7615180015564}",Man,
id102_2645.jpg,30.0,"{'Woman': 2.759023942053318, 'Man': 97.24097847938538}",Man,
id8_123.jpg,26.0,"{'Woman': 28.728458285331726, 'Man': 71.27154469490051}",Man,
id96_2535.jpg,33.0,"{'Woman': 3.6358118057250977, 'Man': 96.36419415473938}",Man,
id126_3223.jpg,,,,'tuple' object has no attribute 'shape'
id32_455.jpg,25.0,"{'Woman': 4.957471042871475, 'Man': 95.04253268241882}",Man,
id42_1184.jpg,30.0,"{'Woman': 7.060520350933075, 'Man': 92.93948411941528}",Man,
id127_3218.jpg,33.0,"{'Woman': 88.18414211273193, 'Man': 11.815864592790604}",Woman,
id24_600.jpg,35.0,"{'Woman': 8.877336233854294, 'Man': 91.12266898155212}",Man,
id63_1669.jpg,28.0,"{'Woman': 2.957237884402275, 'Man': 97.04275727272034}",Man,
id18_316.jpg,33.0,"{'Woman': 17.80514270067215, 'Man': 82.19485282897949}",Man,
id36_1401.jpg,,,,'tuple' object has no attribute 'shape'
id65_1784.jpg,30.0,"{'Woman': 11.553950607776642, 'Man': 88.44605088233948}",Man,
id78_2069.jpg,24.0,"{'Woman': 9.504076838493347, 'Man': 90.49592018127441}",Man,
id101_2588.jpg,27.0,"{'Woman': 4.0589939802885056, 'Man': 95.94101309776306}",Man,
id63_1787.jpg,24.0,"{'Woman': 8.766614645719528, 'Man': 91.23338460922241}",Man,
id83_2217.jpg,33.0,"{'Woman': 57.19360113143921, 'Man': 42.80640184879303}",Woman,
id39_872.jpg,31.0,"{'Woman': 10.687288641929626, 'Man': 89.31271433830261}",Man,
id18_680.jpg,,,,'tuple' object has no attribute 'shape'
id5_128.jpg,31.0,"{'Woman': 10.246830433607101, 'Man': 89.75317478179932}",Man,
id83_2184.jpg,27.0,"{'Woman': 8.867668360471725, 'Man': 91.13233089447021}",Man,
id84_2242.jpg,31.0,"{'Woman': 9.26412045955658, 'Man': 90.73587656021118}",Man,
id57_1721.jpg,28.0,"{'Woman': 32.77597427368164, 'Man': 67.22401976585388}",Man,
id122_3178.jpg,32.0,"{'Woman': 94.14134621620178, 'Man': 5.858654156327248}",Woman,
id33_708.jpg,30.0,"{'Woman': 14.634531736373901, 'Man': 85.36546230316162}",Man,
id96_2530.jpg,33.0,"{'Woman': 8.42830017209053, 'Man': 91.57170057296753}",Man,
id82_2655.jpg,35.0,"{'Woman': 3.658048063516617, 'Man': 96.3419497013092}",Man,
id27_448.jpg,31.0,"{'Woman': 1.3554783537983894, 'Man': 98.64452481269836}",Man,
id25_380.jpg,28.0,"{'Woman': 68.39867830276489, 'Man': 31.601324677467346}",Woman,
id41_1389.jpg,35.0,"{'Woman': 12.738102674484253, 'Man': 87.26189136505127}",Man,
id18_562.jpg,27.0,"{'Woman': 37.023475766181946, 'Man': 62.97652721405029}",Man,
id93_2453.jpg,31.0,"{'Woman': 61.38506531715393, 'Man': 38.61493766307831}",Woman,
id5_52.jpg,30.0,"{'Woman': 6.34554997086525, 'Man': 93.65445375442505}",Man,
id43_1190.jpg,34.0,"{'Woman': 15.259431302547455, 'Man': 84.74056720733643}",Man,
id5_82.jpg,33.0,"{'Woman': 6.044833734631538, 'Man': 93.9551591873169}",Man,
id42_965.jpg,29.0,"{'Woman': 38.5014146566391, 'Man': 61.49858236312866}",Man,
id105_2763.jpg,34.0,"{'Woman': 5.344260856509209, 'Man': 94.6557343006134}",Man,
id116_3112.jpg,30.0,"{'Woman': 6.725633889436722, 'Man': 93.27436685562134}",Man,
id6_80.jpg,29.0,"{'Woman': 3.602273389697075, 'Man': 96.39772176742554}",Man,
id25_488.jpg,32.0,"{'Woman': 5.2910637110471725, 'Man': 94.70893144607544}",Man,
id39_862.jpg,30.0,"{'Woman': 24.865640699863434, 'Man': 75.13435482978821}",Man,
id55_1618.jpg,25.0,"{'Woman': 2.1232442930340767, 'Man': 97.87675738334656}",Man,
id115_2871.jpg,34.0,"{'Woman': 16.330701112747192, 'Man': 83.66929888725281}",Man,
id78_2180.jpg,31.0,"{'Woman': 7.720229774713516, 'Man': 92.27977395057678}",Man,
id24_379.jpg,24.0,"{'Woman': 4.339589923620224, 'Man': 95.66041231155396}",Man,
id36_916.jpg,29.0,"{'Woman': 11.672303825616837, 'Man': 88.32769989967346}",Man,
id36_886.jpg,28.0,"{'Woman': 14.124560356140137, 'Man': 85.87543368339539}",Man,
id41_1436.jpg,27.0,"{'Woman': 87.22832798957825, 'Man': 12.771672010421753}",Woman,
id47_1246.jpg,30.0,"{'Woman': 15.734423696994781, 'Man': 84.26557779312134}",Man,
id47_1232.jpg,37.0,"{'Woman': 8.884679526090622, 'Man': 91.1153256893158}",Man,
id78_2175.jpg,23.0,"{'Woman': 3.320664167404175, 'Man': 96.67933583259583}",Man,
id42_1104.jpg,32.0,"{'Woman': 1.7559263855218887, 'Man': 98.24407696723938}",Man,
id77_2012.jpg,25.0,"{'Woman': 0.6034480407834053, 'Man': 99.39655661582947}",Man,
id84_2194.jpg,29.0,"{'Woman': 11.764086782932281, 'Man': 88.23591470718384}",Man,
id94_2443.jpg,29.0,"{'Woman': 18.173743784427643, 'Man': 81.826251745224}",Man,
id124_3253.jpg,33.0,"{'Woman': 9.243997186422348, 'Man': 90.75599908828735}",Man,
id81_2144.jpg,36.0,"{'Woman': 6.351382285356522, 'Man': 93.64861845970154}",Man,
id2_82.jpg,32.0,"{'Woman': 40.429431200027466, 'Man': 59.570568799972534}",Man,
id16_308.jpg,29.0,"{'Woman': 4.8951152712106705, 'Man': 95.10487914085388}",Man,
id106_2870.jpg,24.0,"{'Woman': 9.872960299253464, 'Man': 90.12704491615295}",Man,
id81_2149.jpg,33.0,"{'Woman': 5.803857371211052, 'Man': 94.1961407661438}",Man,
id1_25.jpg,29.0,"{'Woman': 3.229222074151039, 'Man': 96.77078127861023}",Man,
id24_497.jpg,29.0,"{'Woman': 13.53113204240799, 'Man': 86.46886944770813}",Man,
id1_139.jpg,28.0,"{'Woman': 36.639389395713806, 'Man': 63.36061358451843}",Man,
id41_1308.jpg,,,,'tuple' object has no attribute 'shape'
id55_1613.jpg,,,,'tuple' object has no attribute 'shape'
id115_2957.jpg,35.0,"{'Woman': 18.989096581935883, 'Man': 81.01090788841248}",Man,
id55_1543.jpg,30.0,"{'Woman': 0.7674312684684992, 'Man': 99.23256635665894}",Man,
id113_2974.jpg,34.0,"{'Woman': 15.35567045211792, 'Man': 84.64432954788208}",Man,
id36_1378.jpg,34.0,"{'Woman': 59.78577733039856, 'Man': 40.21422266960144}",Woman,
id36_909.jpg,28.0,"{'Woman': 12.855739891529083, 'Man': 87.14425563812256}",Man,
id49_1297.jpg,,,,'tuple' object has no attribute 'shape'
id54_1496.jpg,29.0,"{'Woman': 7.059357315301895, 'Man': 92.9406464099884}",Man,
id119_3102.jpg,31.0,"{'Woman': 6.951675564050674, 'Man': 93.04832816123962}",Man,
id94_2549.jpg,26.0,"{'Woman': 2.4219095706939697, 'Man': 97.57809042930603}",Man,
id36_1299.jpg,32.0,"{'Woman': 8.225560188293457, 'Man': 91.77443981170654}",Man,
id91_2403.jpg,31.0,"{'Woman': 19.931183755397797, 'Man': 80.06881475448608}",Man,
id62_1702.jpg,32.0,"{'Woman': 7.963328063488007, 'Man': 92.03667044639587}",Man,
id46_1225.jpg,31.0,"{'Woman': 34.16562080383301, 'Man': 65.83437919616699}",Man,
id118_3107.jpg,27.0,"{'Woman': 1.9180994480848312, 'Man': 98.0819046497345}",Man,
id101_2678.jpg,38.0,"{'Woman': 13.572818040847778, 'Man': 86.42717599868774}",Man,
id69_1919.jpg,33.0,"{'Woman': 26.67618989944458, 'Man': 73.3238160610199}",Man,
id36_1368.jpg,,,,'tuple' object has no attribute 'shape'
id59_1750.jpg,30.0,"{'Woman': 32.343754172325134, 'Man': 67.6562488079071}",Man,
id5_41.jpg,23.0,"{'Woman': 2.1302729845046997, 'Man': 97.86972403526306}",Man,
id18_659.jpg,32.0,"{'Woman': 24.04022514820099, 'Man': 75.95977783203125}",Man,
id55_1552.jpg,30.0,"{'Woman': 1.2188797816634178, 'Man': 98.78111481666565}",Man,
id106_2688.jpg,27.0,"{'Woman': 4.720355570316315, 'Man': 95.27965188026428}",Man,
id115_3015.jpg,,,,'tuple' object has no attribute 'shape'
id65_1868.jpg,31.0,"{'Woman': 16.630233824253082, 'Man': 83.36977362632751}",Man,
id78_2181.jpg,30.0,"{'Woman': 6.174253672361374, 'Man': 93.82574558258057}",Man,
id115_2975.jpg,27.0,"{'Woman': 8.670824021100998, 'Man': 91.32918119430542}",Man,
id79_2049.jpg,27.0,"{'Woman': 10.563933849334717, 'Man': 89.43607211112976}",Man,
id93_2459.jpg,39.0,"{'Woman': 59.07893180847168, 'Man': 40.92107117176056}",Woman,
id18_605.jpg,32.0,"{'Woman': 6.830403953790665, 'Man': 93.16959381103516}",Man,
id90_2449.jpg,30.0,"{'Woman': 8.038032799959183, 'Man': 91.96196794509888}",Man,
id62_1658.jpg,23.0,"{'Woman': 3.6787714809179306, 'Man': 96.3212251663208}",Man,
id72_1904.jpg,24.0,"{'Woman': 3.956359252333641, 'Man': 96.04364037513733}",Man,
id42_1112.jpg,28.0,"{'Woman': 3.3325009047985077, 'Man': 96.66749238967896}",Man,
id121_3177.jpg,32.0,"{'Woman': 22.813042998313904, 'Man': 77.18695402145386}",Man,
id36_964.jpg,,,,'tuple' object has no attribute 'shape'
id116_3144.jpg,28.0,"{'Woman': 6.903761625289917, 'Man': 93.09623837471008}",Man,
id25_390.jpg,24.0,"{'Woman': 58.99140238761902, 'Man': 41.00859463214874}",Woman,
id119_3125.jpg,33.0,"{'Woman': 30.514374375343323, 'Man': 69.48562860488892}",Man,
id78_2029.jpg,27.0,"{'Woman': 34.299880266189575, 'Man': 65.70011973381042}",Man,
id79_2157.jpg,29.0,"{'Woman': 5.606144666671753, 'Man': 94.39385533332825}",Man,
id30_441.jpg,27.0,"{'Woman': 16.439498960971832, 'Man': 83.56050252914429}",Man,
id113_3007.jpg,,,,'tuple' object has no attribute 'shape'
id25_439.jpg,32.0,"{'Woman': 5.9897154569625854, 'Man': 94.01028156280518}",Man,
id115_3183.jpg,25.0,"{'Woman': 16.55672788619995, 'Man': 83.44327211380005}",Man,
id3_127.jpg,28.0,"{'Woman': 25.469401478767395, 'Man': 74.53059554100037}",Man,
id42_1137.jpg,30.0,"{'Woman': 5.9803009033203125, 'Man': 94.01970505714417}",Man,
id94_2550.jpg,27.0,"{'Woman': 2.747534215450287, 'Man': 97.25247025489807}",Man,
id77_2124.jpg,26.0,"{'Woman': 7.390418648719788, 'Man': 92.60957837104797}",Man,
id24_359.jpg,30.0,"{'Woman': 5.724545568227768, 'Man': 94.27545070648193}",Man,
id125_3266.jpg,28.0,"{'Woman': 5.304158851504326, 'Man': 94.69583630561829}",Man,
id25_531.jpg,28.0,"{'Woman': 31.23287260532379, 'Man': 68.76712441444397}",Man,
id121_3285.jpg,25.0,"{'Woman': 9.08481851220131, 'Man': 90.91517925262451}",Man,
id36_1385.jpg,31.0,"{'Woman': 67.37651824951172, 'Man': 32.62348473072052}",Woman,
id121_3242.jpg,27.0,"{'Woman': 9.227056801319122, 'Man': 90.77293872833252}",Man,
id88_2377.jpg,33.0,"{'Woman': 1.7252864316105843, 'Man': 98.27471971511841}",Man,
id121_3305.jpg,32.0,"{'Woman': 10.091119259595871, 'Man': 89.90887999534607}",Man,
id1_78.jpg,29.0,"{'Woman': 7.187492400407791, 'Man': 92.81250834465027}",Man,
id59_1614.jpg,32.0,"{'Woman': 17.739368975162506, 'Man': 82.26063251495361}",Man,
id82_2474.jpg,26.0,"{'Woman': 12.694740295410156, 'Man': 87.30525970458984}",Man,
id7_103.jpg,32.0,"{'Woman': 23.00298362970352, 'Man': 76.9970178604126}",Man,
id41_1058.jpg,29.0,"{'Woman': 40.73597192764282, 'Man': 59.26402807235718}",Man,
id109_2728.jpg,32.0,"{'Woman': 18.129345774650574, 'Man': 81.87065124511719}",Man,
id113_2970.jpg,33.0,"{'Woman': 23.227964341640472, 'Man': 76.77202820777893}",Man,
id42_1059.jpg,33.0,"{'Woman': 33.96918475627899, 'Man': 66.03081822395325}",Man,
id54_1537.jpg,,,,'tuple' object has no attribute 'shape'
id2_106.jpg,29.0,"{'Woman': 3.239019587635994, 'Man': 96.76098227500916}",Man,
id48_1184.jpg,33.0,"{'Woman': 4.0950048714876175, 'Man': 95.90499997138977}",Man,
id16_282.jpg,27.0,"{'Woman': 4.480293020606041, 'Man': 95.51970958709717}",Man,
id36_1843.jpg,39.0,"{'Woman': 18.127314746379852, 'Man': 81.87268376350403}",Man,
id42_1126.jpg,33.0,"{'Woman': 23.686188459396362, 'Man': 76.31381154060364}",Man,
id8_101.jpg,29.0,"{'Woman': 40.90354144573212, 'Man': 59.09646153450012}",Man,
id45_1049.jpg,30.0,"{'Woman': 17.034880816936493, 'Man': 82.96511769294739}",Man,
id25_593.jpg,29.0,"{'Woman': 23.27035367488861, 'Man': 76.72964334487915}",Man,
id65_1728.jpg,35.0,"{'Woman': 5.078403651714325, 'Man': 94.92160081863403}",Man,
id116_3131.jpg,30.0,"{'Woman': 14.814028143882751, 'Man': 85.18596887588501}",Man,
id25_440.jpg,35.0,"{'Woman': 8.411970734596252, 'Man': 91.58802628517151}",Man,
id68_1837.jpg,34.0,"{'Woman': 5.604516342282295, 'Man': 94.39548850059509}",Man,
id124_3290.jpg,36.0,"{'Woman': 5.706401169300079, 'Man': 94.29360628128052}",Man,
id92_2392.jpg,30.0,"{'Woman': 10.56317612528801, 'Man': 89.43682312965393}",Man,
id90_2394.jpg,32.0,"{'Woman': 14.692176878452301, 'Man': 85.30781865119934}",Man,
id108_2794.jpg,29.0,"{'Woman': 10.175175219774246, 'Man': 89.82481956481934}",Man,
id110_2793.jpg,28.0,"{'Woman': 6.080963835120201, 'Man': 93.91903877258301}",Man,
id77_2354.jpg,,,,'tuple' object has no attribute 'shape'
id59_1548.jpg,33.0,"{'Woman': 73.42423796653748, 'Man': 26.575765013694763}",Woman,
id41_1427.jpg,26.0,"{'Woman': 97.19940423965454, 'Man': 2.8005963191390038}",Woman,
id70_1867.jpg,33.0,"{'Woman': 28.767454624176025, 'Man': 71.23254537582397}",Man,
id39_875.jpg,37.0,"{'Woman': 18.094179034233093, 'Man': 81.90581798553467}",Man,
id108_2785.jpg,33.0,"{'Woman': 4.917966574430466, 'Man': 95.08203864097595}",Man,
id113_2784.jpg,32.0,"{'Woman': 27.248576283454895, 'Man': 72.75142073631287}",Man,
id79_2083.jpg,30.0,"{'Woman': 7.53999724984169, 'Man': 92.46000647544861}",Man,
id42_1119.jpg,31.0,"{'Woman': 28.423956036567688, 'Man': 71.57604694366455}",Man,
id18_702.jpg,31.0,"{'Woman': 7.612201571464539, 'Man': 92.3878014087677}",Man,
id18_608.jpg,35.0,"{'Woman': 9.937115758657455, 'Man': 90.06288051605225}",Man,
id45_1066.jpg,29.0,"{'Woman': 7.531209290027618, 'Man': 92.4687922000885}",Man,
id34_764.jpg,26.0,"{'Woman': 12.43307814002037, 'Man': 87.56691813468933}",Man,
id115_2951.jpg,34.0,"{'Woman': 12.185051292181015, 'Man': 87.81494498252869}",Man,
id49_1258.jpg,32.0,"{'Woman': 2.0427288487553596, 'Man': 97.95727133750916}",Man,
id119_3148.jpg,27.0,"{'Woman': 2.540089935064316, 'Man': 97.45990633964539}",Man,
id62_1832.jpg,32.0,"{'Woman': 30.68670928478241, 'Man': 69.31329369544983}",Man,
id38_885.jpg,32.0,"{'Woman': 4.60289940237999, 'Man': 95.39710283279419}",Man,
id36_1409.jpg,,,,'tuple' object has no attribute 'shape'
id118_3045.jpg,33.0,"{'Woman': 52.518391609191895, 'Man': 47.48160541057587}",Woman,
id93_2487.jpg,34.0,"{'Woman': 12.422885000705719, 'Man': 87.5771164894104}",Man,
id2_52.jpg,29.0,"{'Woman': 7.512543350458145, 'Man': 92.48746037483215}",Man,
id119_3104.jpg,35.0,"{'Woman': 7.434555143117905, 'Man': 92.5654411315918}",Man,
id3_162.jpg,25.0,"{'Woman': 32.6587975025177, 'Man': 67.3412024974823}",Man,
id41_1070.jpg,,,,'tuple' object has no attribute 'shape'
id36_1427.jpg,28.0,"{'Woman': 14.387035369873047, 'Man': 85.61296463012695}",Man,
id121_3309.jpg,29.0,"{'Woman': 8.001916110515594, 'Man': 91.99808239936829}",Man,
id49_1282.jpg,24.0,"{'Woman': 8.884213864803314, 'Man': 91.11579060554504}",Man,
id134_3321.jpg,28.0,"{'Woman': 6.0771506279706955, 'Man': 93.92284154891968}",Man,
id126_3220.jpg,43.0,"{'Woman': 3.880910575389862, 'Man': 96.11908793449402}",Man,
id94_2653.jpg,27.0,"{'Woman': 0.4930631723254919, 'Man': 99.50693845748901}",Man,
id41_972.jpg,28.0,"{'Woman': 10.40157675743103, 'Man': 89.59842920303345}",Man,
id79_2090.jpg,28.0,"{'Woman': 4.810147732496262, 'Man': 95.18985748291016}",Man,
id41_1411.jpg,28.0,"{'Woman': 8.289969712495804, 'Man': 91.71002507209778}",Man,
id69_1994.jpg,26.0,"{'Woman': 6.254903227090836, 'Man': 93.74509453773499}",Man,
id10_256.jpg,29.0,"{'Woman': 9.46391299366951, 'Man': 90.53609371185303}",Man,
id41_1033.jpg,27.0,"{'Woman': 11.097749322652817, 'Man': 88.90224695205688}",Man,
id1_52.jpg,27.0,"{'Woman': 5.180663987994194, 'Man': 94.8193371295929}",Man,
id47_1266.jpg,33.0,"{'Woman': 5.951845273375511, 'Man': 94.04815435409546}",Man,
id5_151.jpg,26.0,"{'Woman': 6.319976598024368, 'Man': 93.68002414703369}",Man,
id3_147.jpg,25.0,"{'Woman': 68.40327382087708, 'Man': 31.596732139587402}",Woman,
id109_2710.jpg,28.0,"{'Woman': 4.597770795226097, 'Man': 95.4022228717804}",Man,
id1_76.jpg,30.0,"{'Woman': 10.984573513269424, 'Man': 89.0154242515564}",Man,
id90_2430.jpg,,,,'tuple' object has no attribute 'shape'
id21_338.jpg,27.0,"{'Woman': 5.758895725011826, 'Man': 94.24110651016235}",Man,
id16_289.jpg,29.0,"{'Woman': 3.3976707607507706, 'Man': 96.60232663154602}",Man,
id42_1073.jpg,36.0,"{'Woman': 15.1182621717453, 'Man': 84.88174080848694}",Man,
id108_2822.jpg,29.0,"{'Woman': 28.583422303199768, 'Man': 71.416574716568}",Man,
id24_411.jpg,25.0,"{'Woman': 19.27797496318817, 'Man': 80.72201609611511}",Man,
id43_1029.jpg,24.0,"{'Woman': 7.71782323718071, 'Man': 92.28218197822571}",Man,
id83_2229.jpg,31.0,"{'Woman': 59.42572355270386, 'Man': 40.57427644729614}",Woman,
id108_2831.jpg,29.0,"{'Woman': 5.645835027098656, 'Man': 94.35416460037231}",Man,
id96_2645.jpg,27.0,"{'Woman': 8.338315784931183, 'Man': 91.66168570518494}",Man,
id41_1336.jpg,31.0,"{'Woman': 9.115023910999298, 'Man': 90.88497757911682}",Man,
id24_383.jpg,25.0,"{'Woman': 7.548835873603821, 'Man': 92.45116114616394}",Man,
id122_3235.jpg,,,,'tuple' object has no attribute 'shape'
id77_2033.jpg,31.0,"{'Woman': 3.5227615386247635, 'Man': 96.47724032402039}",Man,
id23_348.jpg,26.0,"{'Woman': 1.2301023118197918, 'Man': 98.76989126205444}",Man,
id109_2731.jpg,28.0,"{'Woman': 10.66313311457634, 'Man': 89.33687210083008}",Man,
id121_3291.jpg,36.0,"{'Woman': 4.624836519360542, 'Man': 95.37516236305237}",Man,
id119_3108.jpg,36.0,"{'Woman': 7.019985467195511, 'Man': 92.98002123832703}",Man,
id24_374.jpg,,,,'tuple' object has no attribute 'shape'
id41_1094.jpg,,,,'tuple' object has no attribute 'shape'
id115_3181.jpg,24.0,"{'Woman': 6.808116286993027, 'Man': 93.19188594818115}",Man,
id36_1387.jpg,33.0,"{'Woman': 49.61933195590973, 'Man': 50.38067698478699}",Man,
id55_1752.jpg,32.0,"{'Woman': 6.251019984483719, 'Man': 93.74898076057434}",Man,
id8_133.jpg,35.0,"{'Woman': 12.716031074523926, 'Man': 87.28396892547607}",Man,
id41_1008.jpg,32.0,"{'Woman': 27.827689051628113, 'Man': 72.17231392860413}",Man,
id115_2954.jpg,35.0,"{'Woman': 9.965436160564423, 'Man': 90.03455638885498}",Man,
id3_122.jpg,28.0,"{'Woman': 17.296436429023743, 'Man': 82.70356059074402}",Man,
id33_734.jpg,33.0,"{'Woman': 4.143355414271355, 'Man': 95.85664868354797}",Man,
id65_1766.jpg,33.0,"{'Woman': 3.6056142300367355, 'Man': 96.39438986778259}",Man,
id128_3233.jpg,32.0,"{'Woman': 5.97296766936779, 'Man': 94.02702450752258}",Man,
id115_2985.jpg,,,,'tuple' object has no attribute 'shape'
id49_1309.jpg,23.0,"{'Woman': 28.131887316703796, 'Man': 71.86810970306396}",Man,
id24_354.jpg,25.0,"{'Woman': 17.57170706987381, 'Man': 82.42829442024231}",Man,
id47_1265.jpg,25.0,"{'Woman': 11.057490110397339, 'Man': 88.94251585006714}",Man,
id71_1881.jpg,28.0,"{'Woman': 3.3585485070943832, 'Man': 96.64145708084106}",Man,
id59_1670.jpg,30.0,"{'Woman': 29.303893446922302, 'Man': 70.69610953330994}",Man,
id45_1083.jpg,,,,'tuple' object has no attribute 'shape'
id45_1094.jpg,36.0,"{'Woman': 2.5332724675536156, 'Man': 97.46672511100769}",Man,
id45_1048.jpg,29.0,"{'Woman': 13.362899422645569, 'Man': 86.63710355758667}",Man,
id77_2259.jpg,32.0,"{'Woman': 1.803744025528431, 'Man': 98.19626212120056}",Man,
id25_496.jpg,31.0,"{'Woman': 59.49247479438782, 'Man': 40.507519245147705}",Woman,
id92_2426.jpg,27.0,"{'Woman': 10.992177575826645, 'Man': 89.00781869888306}",Man,
id41_1418.jpg,,,,'tuple' object has no attribute 'shape'
id121_3278.jpg,28.0,"{'Woman': 8.359753340482712, 'Man': 91.64024591445923}",Man,
id83_2354.jpg,31.0,"{'Woman': 10.198445618152618, 'Man': 89.80154991149902}",Man,
id103_2665.jpg,29.0,"{'Woman': 26.157212257385254, 'Man': 73.84278178215027}",Man,
id25_601.jpg,41.0,"{'Woman': 14.36951756477356, 'Man': 85.63048243522644}",Man,
id3_85.jpg,26.0,"{'Woman': 8.125332742929459, 'Man': 91.87466502189636}",Man,
id6_73.jpg,29.0,"{'Woman': 11.61118894815445, 'Man': 88.38880658149719}",Man,
id115_3028.jpg,34.0,"{'Woman': 16.89889281988144, 'Man': 83.10110569000244}",Man,
id42_1140.jpg,31.0,"{'Woman': 7.320379465818405, 'Man': 92.67962574958801}",Man,
id43_1181.jpg,31.0,"{'Woman': 7.26308599114418, 'Man': 92.73691177368164}",Man,
id106_2710.jpg,26.0,"{'Woman': 8.213628083467484, 'Man': 91.78637266159058}",Man,
id83_2163.jpg,35.0,"{'Woman': 9.346635639667511, 'Man': 90.65335988998413}",Man,
id16_273.jpg,,,,'tuple' object has no attribute 'shape'
id121_3253.jpg,29.0,"{'Woman': 10.75764074921608, 'Man': 89.24236297607422}",Man,
id122_3160.jpg,36.0,"{'Woman': 55.779725313186646, 'Man': 44.22027766704559}",Woman,
id11_205.jpg,27.0,"{'Woman': 9.236203879117966, 'Man': 90.76379537582397}",Man,
id49_1280.jpg,24.0,"{'Woman': 6.083130463957787, 'Man': 93.91686916351318}",Man,
id43_975.jpg,33.0,"{'Woman': 11.884872615337372, 'Man': 88.11513185501099}",Man,
id79_2019.jpg,31.0,"{'Woman': 12.554064393043518, 'Man': 87.44593262672424}",Man,
id41_1210.jpg,30.0,"{'Woman': 21.085481345653534, 'Man': 78.91451120376587}",Man,
id77_2154.jpg,25.0,"{'Woman': 2.2803623229265213, 'Man': 97.71963357925415}",Man,
id40_1151.jpg,29.0,"{'Woman': 8.097388595342636, 'Man': 91.90260767936707}",Man,
id18_462.jpg,27.0,"{'Woman': 6.570519506931305, 'Man': 93.42948198318481}",Man,
id1_3.jpg,31.0,"{'Woman': 2.649090997874737, 'Man': 97.35090732574463}",Man,
id83_2269.jpg,36.0,"{'Woman': 9.660399705171585, 'Man': 90.339595079422}",Man,
id109_2707.jpg,30.0,"{'Woman': 6.718119233846664, 'Man': 93.28187704086304}",Man,
id122_3179.jpg,37.0,"{'Woman': 85.24131178855896, 'Man': 14.75868821144104}",Woman,
id49_1303.jpg,23.0,"{'Woman': 5.130689591169357, 'Man': 94.86930966377258}",Man,
id43_977.jpg,36.0,"{'Woman': 12.157991528511047, 'Man': 87.84201145172119}",Man,
id115_2970.jpg,29.0,"{'Woman': 27.670875191688538, 'Man': 72.3291277885437}",Man,
id96_2587.jpg,27.0,"{'Woman': 59.076762199401855, 'Man': 40.923237800598145}",Woman,
id84_2166.jpg,27.0,"{'Woman': 3.411044552922249, 'Man': 96.5889573097229}",Man,
id41_1455.jpg,31.0,"{'Woman': 89.44311738014221, 'Man': 10.556884855031967}",Woman,
id2_41.jpg,28.0,"{'Woman': 9.886079281568527, 'Man': 90.11392593383789}",Man,
id46_1247.jpg,33.0,"{'Woman': 45.334482192993164, 'Man': 54.66552376747131}",Man,
id36_1462.jpg,26.0,"{'Woman': 19.500289857387543, 'Man': 80.49971461296082}",Man,
id49_1425.jpg,32.0,"{'Woman': 44.73128616809845, 'Man': 55.26871085166931}",Man,
id93_2476.jpg,31.0,"{'Woman': 33.827632665634155, 'Man': 66.17237329483032}",Man,
id78_2113.jpg,31.0,"{'Woman': 6.522300839424133, 'Man': 93.47769618034363}",Man,
id135_3314.jpg,30.0,"{'Woman': 12.655009329319, 'Man': 87.34499216079712}",Man,
id101_2578.jpg,32.0,"{'Woman': 5.62577098608017, 'Man': 94.37422752380371}",Man,
id49_1205.jpg,27.0,"{'Woman': 8.647146821022034, 'Man': 91.35285019874573}",Man,
id36_986.jpg,32.0,"{'Woman': 22.906942665576935, 'Man': 77.09305882453918}",Man,
id121_3182.jpg,30.0,"{'Woman': 10.36638543009758, 'Man': 89.63361382484436}",Man,
id79_2136.jpg,31.0,"{'Woman': 12.023203074932098, 'Man': 87.97680139541626}",Man,
id3_84.jpg,26.0,"{'Woman': 8.125332742929459, 'Man': 91.87466502189636}",Man,
id51_1252.jpg,25.0,"{'Woman': 2.941538579761982, 'Man': 97.05846905708313}",Man,
id49_1290.jpg,24.0,"{'Woman': 1.774478331208229, 'Man': 98.2255220413208}",Man,
id36_763.jpg,,,,'tuple' object has no attribute 'shape'
id32_481.jpg,29.0,"{'Woman': 4.862499237060547, 'Man': 95.13749480247498}",Man,
id116_3101.jpg,30.0,"{'Woman': 23.456227779388428, 'Man': 76.54377222061157}",Man,
id103_2694.jpg,27.0,"{'Woman': 0.4710900131613016, 'Man': 99.52890872955322}",Man,
id1_30.jpg,32.0,"{'Woman': 7.470840960741043, 'Man': 92.52915382385254}",Man,
id128_3247.jpg,34.0,"{'Woman': 3.4989163279533386, 'Man': 96.50108814239502}",Man,
id110_2765.jpg,24.0,"{'Woman': 8.595786988735199, 'Man': 91.40421152114868}",Man,
id41_1054.jpg,29.0,"{'Woman': 19.948744773864746, 'Man': 80.05125522613525}",Man,
id65_1761.jpg,29.0,"{'Woman': 14.432434737682343, 'Man': 85.56756973266602}",Man,
id78_2147.jpg,32.0,"{'Woman': 11.633303016424179, 'Man': 88.36669325828552}",Man,
id10_225.jpg,33.0,"{'Woman': 18.718022108078003, 'Man': 81.281977891922}",Man,
id34_804.jpg,29.0,"{'Woman': 31.120064854621887, 'Man': 68.87993216514587}",Man,
id70_1835.jpg,33.0,"{'Woman': 5.292696878314018, 'Man': 94.70731019973755}",Man,
id44_1045.jpg,29.0,"{'Woman': 0.7687204051762819, 'Man': 99.23128485679626}",Man,
id90_2493.jpg,27.0,"{'Woman': 0.6980589590966702, 'Man': 99.30194020271301}",Man,
id79_2127.jpg,30.0,"{'Woman': 14.690649509429932, 'Man': 85.30934453010559}",Man,
id83_2149.jpg,28.0,"{'Woman': 11.822682619094849, 'Man': 88.17731738090515}",Man,
id42_1155.jpg,29.0,"{'Woman': 4.195096343755722, 'Man': 95.80489993095398}",Man,
id41_1400.jpg,37.0,"{'Woman': 26.29411220550537, 'Man': 73.70588183403015}",Man,
id73_1911.jpg,27.0,"{'Woman': 13.832736015319824, 'Man': 86.16726398468018}",Man,
id68_1894.jpg,30.0,"{'Woman': 19.39663141965866, 'Man': 80.6033730506897}",Man,
id121_3181.jpg,29.0,"{'Woman': 9.437205642461777, 'Man': 90.5627965927124}",Man,
id108_2698.jpg,30.0,"{'Woman': 8.33267793059349, 'Man': 91.66732430458069}",Man,
id83_2328.jpg,27.0,"{'Woman': 39.54974710941315, 'Man': 60.45025587081909}",Man,
id38_909.jpg,33.0,"{'Woman': 14.162951707839966, 'Man': 85.83705425262451}",Man,
id78_2142.jpg,31.0,"{'Woman': 7.735057175159454, 'Man': 92.26494431495667}",Man,
id2_57.jpg,27.0,"{'Woman': 7.01431930065155, 'Man': 92.98567771911621}",Man,
id115_2857.jpg,27.0,"{'Woman': 5.073096230626106, 'Man': 94.92690563201904}",Man,
id85_2175.jpg,28.0,"{'Woman': 8.241437375545502, 'Man': 91.75856113433838}",Man,
id18_653.jpg,30.0,"{'Woman': 15.243253111839294, 'Man': 84.75674986839294}",Man,
id59_1631.jpg,39.0,"{'Woman': 34.51848924160004, 'Man': 65.4815137386322}",Man,
id106_2702.jpg,31.0,"{'Woman': 14.536505937576294, 'Man': 85.4634940624237}",Man,
id108_2776.jpg,25.0,"{'Woman': 8.28172042965889, 'Man': 91.71828031539917}",Man,
id47_1138.jpg,30.0,"{'Woman': 8.785802125930786, 'Man': 91.21420383453369}",Man,
id84_2157.jpg,27.0,"{'Woman': 5.9760551899671555, 'Man': 94.02394890785217}",Man,
id1_73.jpg,30.0,"{'Woman': 19.684074819087982, 'Man': 80.3159236907959}",Man,
id45_1144.jpg,29.0,"{'Woman': 13.099166750907898, 'Man': 86.90083622932434}",Man,
id115_2843.jpg,28.0,"{'Woman': 5.567660182714462, 'Man': 94.43234205245972}",Man,
id121_3224.jpg,26.0,"{'Woman': 9.615524113178253, 'Man': 90.38447141647339}",Man,
id45_1136.jpg,27.0,"{'Woman': 41.88893139362335, 'Man': 58.11106562614441}",Man,
id92_2405.jpg,34.0,"{'Woman': 24.759933352470398, 'Man': 75.24006366729736}",Man,
id124_3251.jpg,33.0,"{'Woman': 9.116218984127045, 'Man': 90.88378548622131}",Man,
id119_3103.jpg,31.0,"{'Woman': 6.951675564050674, 'Man': 93.04832816123962}",Man,
id83_2353.jpg,30.0,"{'Woman': 12.17082366347313, 'Man': 87.82917857170105}",Man,
id65_1826.jpg,34.0,"{'Woman': 12.948817014694214, 'Man': 87.05118298530579}",Man,
id53_1435.jpg,27.0,"{'Woman': 2.925274334847927, 'Man': 97.07472920417786}",Man,
id115_2936.jpg,26.0,"{'Woman': 16.29520356655121, 'Man': 83.70479345321655}",Man,
id90_2478.jpg,35.0,"{'Woman': 30.633822083473206, 'Man': 69.36618089675903}",Man,
id41_1471.jpg,27.0,"{'Woman': 96.7297613620758, 'Man': 3.270241618156433}",Woman,
id40_1181.jpg,32.0,"{'Woman': 15.151014924049377, 'Man': 84.84898209571838}",Man,
id108_2832.jpg,29.0,"{'Woman': 5.031409114599228, 'Man': 94.96859312057495}",Man,
id43_1050.jpg,26.0,"{'Woman': 8.17655548453331, 'Man': 91.82344675064087}",Man,
id2_56.jpg,27.0,"{'Woman': 7.01431930065155, 'Man': 92.98567771911621}",Man,
id60_1605.jpg,26.0,"{'Woman': 5.185703933238983, 'Man': 94.81430053710938}",Man,
id47_1259.jpg,29.0,"{'Woman': 10.940290987491608, 'Man': 89.05971050262451}",Man,
id36_985.jpg,31.0,"{'Woman': 21.29439115524292, 'Man': 78.70561480522156}",Man,
id24_466.jpg,23.0,"{'Woman': 8.465196937322617, 'Man': 91.53479933738708}",Man,
id45_1174.jpg,33.0,"{'Woman': 3.9079897105693817, 'Man': 96.09201550483704}",Man,
id90_2408.jpg,26.0,"{'Woman': 6.18828684091568, 'Man': 93.81171464920044}",Man,
id128_3268.jpg,32.0,"{'Woman': 4.173213616013527, 'Man': 95.8267867565155}",Man,
id55_1527.jpg,33.0,"{'Woman': 2.445772662758827, 'Man': 97.55422472953796}",Man,
id92_2403.jpg,40.0,"{'Woman': 19.58848536014557, 'Man': 80.41151165962219}",Man,
id84_2271.jpg,26.0,"{'Woman': 8.24582725763321, 'Man': 91.75417423248291}",Man,
id126_3206.jpg,43.0,"{'Woman': 2.7428409084677696, 'Man': 97.2571611404419}",Man,
id43_1175.jpg,29.0,"{'Woman': 13.248065114021301, 'Man': 86.75193786621094}",Man,
id42_1120.jpg,31.0,"{'Woman': 21.932488679885864, 'Man': 78.06751132011414}",Man,
id37_840.jpg,,,,'tuple' object has no attribute 'shape'
id3_146.jpg,24.0,"{'Woman': 72.07236289978027, 'Man': 27.927637100219727}",Woman,
id83_2257.jpg,29.0,"{'Woman': 17.465591430664062, 'Man': 82.53440856933594}",Man,
id116_3083.jpg,27.0,"{'Woman': 4.799727350473404, 'Man': 95.20027041435242}",Man,
id18_703.jpg,32.0,"{'Woman': 8.927610516548157, 'Man': 91.07239246368408}",Man,
id103_2742.jpg,32.0,"{'Woman': 8.085604012012482, 'Man': 91.91439747810364}",Man,
id94_2526.jpg,34.0,"{'Woman': 5.145803838968277, 'Man': 94.85419392585754}",Man,
id39_895.jpg,31.0,"{'Woman': 10.521945357322693, 'Man': 89.47805762290955}",Man,
id18_615.jpg,30.0,"{'Woman': 6.540258973836899, 'Man': 93.45974326133728}",Man,
id117_3063.jpg,32.0,"{'Woman': 9.67726856470108, 'Man': 90.32273292541504}",Man,
id30_488.jpg,25.0,"{'Woman': 12.284891307353973, 'Man': 87.71510720252991}",Man,
id65_1691.jpg,38.0,"{'Woman': 36.2332820892334, 'Man': 63.766711950302124}",Man,
id50_1416.jpg,,,,'tuple' object has no attribute 'shape'
id5_92.jpg,32.0,"{'Woman': 10.454412549734116, 'Man': 89.54558372497559}",Man,
id122_3142.jpg,25.0,"{'Woman': 17.180235683918, 'Man': 82.81976580619812}",Man,
id36_1407.jpg,33.0,"{'Woman': 65.97471237182617, 'Man': 34.02529060840607}",Woman,
id78_2132.jpg,24.0,"{'Woman': 1.7681969329714775, 'Man': 98.23180437088013}",Man,
id68_1907.jpg,39.0,"{'Woman': 8.48548710346222, 'Man': 91.51450991630554}",Man,
id25_426.jpg,,,,'tuple' object has no attribute 'shape'
id59_1566.jpg,,,,'tuple' object has no attribute 'shape'
id10_154.jpg,,,,'tuple' object has no attribute 'shape'
id23_359.jpg,34.0,"{'Woman': 0.9674226865172386, 'Man': 99.03258085250854}",Man,
id47_1166.jpg,34.0,"{'Woman': 5.32921701669693, 'Man': 94.67078447341919}",Man,
id34_761.jpg,33.0,"{'Woman': 6.675642728805542, 'Man': 93.32435727119446}",Man,
id45_1043.jpg,29.0,"{'Woman': 6.397911161184311, 'Man': 93.60209107398987}",Man,
id36_1306.jpg,,,,'tuple' object has no attribute 'shape'
id43_1063.jpg,28.0,"{'Woman': 2.349521405994892, 'Man': 97.65048027038574}",Man,
id90_2422.jpg,32.0,"{'Woman': 11.797885596752167, 'Man': 88.20211887359619}",Man,
id42_1039.jpg,27.0,"{'Woman': 8.961084485054016, 'Man': 91.03891849517822}",Man,
id79_2073.jpg,27.0,"{'Woman': 16.712895035743713, 'Man': 83.28710198402405}",Man,
id31_698.jpg,35.0,"{'Woman': 5.450599268078804, 'Man': 94.5493996143341}",Man,
id25_463.jpg,,,,'tuple' object has no attribute 'shape'
id18_691.jpg,,,,'tuple' object has no attribute 'shape'
id3_156.jpg,25.0,"{'Woman': 20.82936316728592, 'Man': 79.1706383228302}",Man,
id47_1302.jpg,28.0,"{'Woman': 30.77857494354248, 'Man': 69.22142505645752}",Man,
id6_59.jpg,29.0,"{'Woman': 8.01841989159584, 'Man': 91.98158383369446}",Man,
id65_1795.jpg,36.0,"{'Woman': 30.806469917297363, 'Man': 69.19352412223816}",Man,
id106_2940.jpg,27.0,"{'Woman': 28.87805700302124, 'Man': 71.12194299697876}",Man,
id102_2590.jpg,,,,'tuple' object has no attribute 'shape'
id93_2651.jpg,30.0,"{'Woman': 4.282587021589279, 'Man': 95.71741223335266}",Man,
id57_1627.jpg,23.0,"{'Woman': 2.7734123170375824, 'Man': 97.2265899181366}",Man,
id5_71.jpg,37.0,"{'Woman': 4.637917876243591, 'Man': 95.36208510398865}",Man,
id121_3213.jpg,27.0,"{'Woman': 11.227784305810928, 'Man': 88.77221941947937}",Man,
id42_971.jpg,33.0,"{'Woman': 24.958212673664093, 'Man': 75.04178881645203}",Man,
id45_1065.jpg,27.0,"{'Woman': 6.540042161941528, 'Man': 93.45995783805847}",Man,
id59_1599.jpg,30.0,"{'Woman': 22.154878079891205, 'Man': 77.84512042999268}",Man,
id83_2261.jpg,31.0,"{'Woman': 12.811213731765747, 'Man': 87.18878030776978}",Man,
id7_109.jpg,29.0,"{'Woman': 24.755026400089264, 'Man': 75.24497509002686}",Man,
id122_3165.jpg,33.0,"{'Woman': 26.31126344203949, 'Man': 73.68873953819275}",Man,
id62_1722.jpg,27.0,"{'Woman': 17.345333099365234, 'Man': 82.65466690063477}",Man,
id23_353.jpg,,,,'tuple' object has no attribute 'shape'
id1_67.jpg,,,,'tuple' object has no attribute 'shape'
id101_2587.jpg,26.0,"{'Woman': 4.11226823925972, 'Man': 95.88773250579834}",Man,
id42_961.jpg,29.0,"{'Woman': 22.236862778663635, 'Man': 77.76313424110413}",Man,
id65_1680.jpg,37.0,"{'Woman': 72.48866558074951, 'Man': 27.511337399482727}",Woman,
id49_1221.jpg,30.0,"{'Woman': 15.966440737247467, 'Man': 84.03356075286865}",Man,
id24_351.jpg,29.0,"{'Woman': 12.428634613752365, 'Man': 87.57136464118958}",Man,
id45_1137.jpg,25.0,"{'Woman': 26.03505849838257, 'Man': 73.96494150161743}",Man,
id118_3094.jpg,39.0,"{'Woman': 2.7814507484436035, 'Man': 97.21855521202087}",Man,
id49_1268.jpg,32.0,"{'Woman': 5.346241965889931, 'Man': 94.65376138687134}",Man,
id123_3170.jpg,36.0,"{'Woman': 30.707651376724243, 'Man': 69.29234862327576}",Man,
id123_3216.jpg,34.0,"{'Woman': 22.454734146595, 'Man': 77.54526734352112}",Man,
id16_275.jpg,,,,'tuple' object has no attribute 'shape'
id59_1568.jpg,,,,'tuple' object has no attribute 'shape'
id118_2990.jpg,32.0,"{'Woman': 80.54152727127075, 'Man': 19.45846974849701}",Woman,
id44_1071.jpg,39.0,"{'Woman': 2.656577341258526, 'Man': 97.34342098236084}",Man,
id93_2469.jpg,34.0,"{'Woman': 78.58694791793823, 'Man': 21.413052082061768}",Woman,
id63_1735.jpg,27.0,"{'Woman': 12.08154633641243, 'Man': 87.91844844818115}",Man,
id79_2067.jpg,24.0,"{'Woman': 10.662175714969635, 'Man': 89.337819814682}",Man,
id25_594.jpg,29.0,"{'Woman': 14.86133486032486, 'Man': 85.13866662979126}",Man,
id49_1173.jpg,33.0,"{'Woman': 1.6946451738476753, 'Man': 98.30535054206848}",Man,
id36_980.jpg,30.0,"{'Woman': 13.230666518211365, 'Man': 86.76933646202087}",Man,
id121_3314.jpg,25.0,"{'Woman': 4.341353103518486, 'Man': 95.6586480140686}",Man,
id18_916.jpg,27.0,"{'Woman': 15.006811916828156, 'Man': 84.99318361282349}",Man,
id42_1023.jpg,,,,'tuple' object has no attribute 'shape'
id20_376.jpg,31.0,"{'Woman': 12.336604297161102, 'Man': 87.66340017318726}",Man,
id121_3188.jpg,31.0,"{'Woman': 33.9302659034729, 'Man': 66.0697340965271}",Man,
id122_3159.jpg,34.0,"{'Woman': 17.830541729927063, 'Man': 82.16946125030518}",Man,
id115_3035.jpg,32.0,"{'Woman': 44.12636458873749, 'Man': 55.87363243103027}",Man,
id102_2630.jpg,30.0,"{'Woman': 36.16904020309448, 'Man': 63.830965757369995}",Man,
id20_283.jpg,27.0,"{'Woman': 8.284079283475876, 'Man': 91.71592593193054}",Man,
id90_2435.jpg,,,,'tuple' object has no attribute 'shape'
id55_1525.jpg,31.0,"{'Woman': 8.887649327516556, 'Man': 91.11234545707703}",Man,
id3_54.jpg,29.0,"{'Woman': 2.2303378209471703, 'Man': 97.76966571807861}",Man,
id41_1101.jpg,30.0,"{'Woman': 12.993305921554565, 'Man': 87.00669407844543}",Man,
id79_2034.jpg,24.0,"{'Woman': 18.28448921442032, 'Man': 81.7155122756958}",Man,
id122_3199.jpg,29.0,"{'Woman': 43.36995482444763, 'Man': 56.63003921508789}",Man,
id69_1863.jpg,33.0,"{'Woman': 4.61369976401329, 'Man': 95.38630247116089}",Man,
id42_970.jpg,33.0,"{'Woman': 24.958212673664093, 'Man': 75.04178881645203}",Man,
id1_41.jpg,31.0,"{'Woman': 9.363643079996109, 'Man': 90.63636064529419}",Man,
id54_1550.jpg,24.0,"{'Woman': 1.523543894290924, 'Man': 98.47646355628967}",Man,
id116_3085.jpg,27.0,"{'Woman': 5.9661488980054855, 'Man': 94.03384327888489}",Man,
id83_2249.jpg,33.0,"{'Woman': 6.088258326053619, 'Man': 93.9117431640625}",Man,
id5_50.jpg,26.0,"{'Woman': 9.034571051597595, 'Man': 90.96542596817017}",Man,
id133_3313.jpg,35.0,"{'Woman': 13.422070443630219, 'Man': 86.57792806625366}",Man,
id36_988.jpg,36.0,"{'Woman': 24.43723976612091, 'Man': 75.56275725364685}",Man,
id54_1486.jpg,35.0,"{'Woman': 3.1203970313072205, 'Man': 96.87960147857666}",Man,
id65_1721.jpg,31.0,"{'Woman': 4.315309226512909, 'Man': 95.68468928337097}",Man,
id79_2088.jpg,,,,'tuple' object has no attribute 'shape'
id42_941.jpg,30.0,"{'Woman': 15.549203753471375, 'Man': 84.45079326629639}",Man,
id115_3016.jpg,26.0,"{'Woman': 3.318507596850395, 'Man': 96.68148756027222}",Man,
id18_402.jpg,26.0,"{'Woman': 7.57896825671196, 'Man': 92.42103099822998}",Man,
id121_3167.jpg,28.0,"{'Woman': 22.851593792438507, 'Man': 77.14840173721313}",Man,
id41_1304.jpg,28.0,"{'Woman': 63.467937707901, 'Man': 36.532062292099}",Woman,
id40_1107.jpg,39.0,"{'Woman': 22.09751456975937, 'Man': 77.90248394012451}",Man,
id83_2216.jpg,33.0,"{'Woman': 50.41821599006653, 'Man': 49.58178102970123}",Woman,
id65_1801.jpg,27.0,"{'Woman': 19.381816685199738, 'Man': 80.6181788444519}",Man,
id3_123.jpg,27.0,"{'Woman': 23.096714913845062, 'Man': 76.90328359603882}",Man,
id11_238.jpg,31.0,"{'Woman': 6.669160723686218, 'Man': 93.33084225654602}",Man,
id3_32.jpg,25.0,"{'Woman': 5.615094676613808, 'Man': 94.38490867614746}",Man,
id65_1742.jpg,34.0,"{'Woman': 11.829797923564911, 'Man': 88.17020058631897}",Man,
id65_1732.jpg,39.0,"{'Woman': 4.470527544617653, 'Man': 95.5294668674469}",Man,
id18_561.jpg,33.0,"{'Woman': 31.452026963233948, 'Man': 68.54797005653381}",Man,
id93_2466.jpg,37.0,"{'Woman': 35.28839349746704, 'Man': 64.71161246299744}",Man,
id79_2116.jpg,29.0,"{'Woman': 6.971070170402527, 'Man': 93.02892684936523}",Man,
id48_1261.jpg,25.0,"{'Woman': 4.004150256514549, 'Man': 95.99584937095642}",Man,
id24_614.jpg,30.0,"{'Woman': 20.035453140735626, 'Man': 79.9645483493805}",Man,
id44_1025.jpg,35.0,"{'Woman': 17.43648648262024, 'Man': 82.56351351737976}",Man,
id122_3144.jpg,24.0,"{'Woman': 10.803616791963577, 'Man': 89.19638395309448}",Man,
id122_3158.jpg,32.0,"{'Woman': 23.67645800113678, 'Man': 76.32354497909546}",Man,
id17_241.jpg,32.0,"{'Woman': 14.90338146686554, 'Man': 85.0966215133667}",Man,
id18_475.jpg,27.0,"{'Woman': 6.617233902215958, 'Man': 93.38276982307434}",Man,
id36_805.jpg,,,,'tuple' object has no attribute 'shape'
id62_1654.jpg,25.0,"{'Woman': 14.632666110992432, 'Man': 85.36733388900757}",Man,
id108_2768.jpg,28.0,"{'Woman': 3.191693127155304, 'Man': 96.80830240249634}",Man,
id118_2996.jpg,30.0,"{'Woman': 47.272270917892456, 'Man': 52.727729082107544}",Man,
id108_2857.jpg,26.0,"{'Woman': 13.464102149009705, 'Man': 86.53589487075806}",Man,
id93_2661.jpg,34.0,"{'Woman': 11.578726023435593, 'Man': 88.42127919197083}",Man,
id124_3240.jpg,,,,'tuple' object has no attribute 'shape'
id127_3226.jpg,32.0,"{'Woman': 85.50716638565063, 'Man': 14.492836594581604}",Woman,
id73_1918.jpg,28.0,"{'Woman': 27.564436197280884, 'Man': 72.43555784225464}",Man,
id42_1142.jpg,29.0,"{'Woman': 22.645992040634155, 'Man': 77.35400795936584}",Man,
id68_1851.jpg,31.0,"{'Woman': 17.085647583007812, 'Man': 82.91434645652771}",Man,
id124_3289.jpg,37.0,"{'Woman': 4.724537581205368, 'Man': 95.27546167373657}",Man,
id115_2853.jpg,27.0,"{'Woman': 6.286366283893585, 'Man': 93.71362924575806}",Man,
id93_2737.jpg,29.0,"{'Woman': 29.88455295562744, 'Man': 70.11544704437256}",Man,
id41_951.jpg,27.0,"{'Woman': 6.852181255817413, 'Man': 93.14781427383423}",Man,
id27_516.jpg,33.0,"{'Woman': 7.077211141586304, 'Man': 92.92278289794922}",Man,
id39_883.jpg,33.0,"{'Woman': 11.449825763702393, 'Man': 88.55018019676208}",Man,
id46_1305.jpg,34.0,"{'Woman': 25.275495648384094, 'Man': 74.72450733184814}",Man,
id22_319.jpg,33.0,"{'Woman': 13.906265795230865, 'Man': 86.09374165534973}",Man,
id47_1136.jpg,30.0,"{'Woman': 7.521449774503708, 'Man': 92.47854948043823}",Man,
id121_3252.jpg,28.0,"{'Woman': 9.286268055438995, 'Man': 90.71373343467712}",Man,
id1_176.jpg,28.0,"{'Woman': 18.14240962266922, 'Man': 81.8575918674469}",Man,
id79_2098.jpg,35.0,"{'Woman': 3.1540855765342712, 'Man': 96.84591293334961}",Man,
id124_3304.jpg,37.0,"{'Woman': 8.538074791431427, 'Man': 91.46192669868469}",Man,
id119_3225.jpg,28.0,"{'Woman': 8.650516718626022, 'Man': 91.34947657585144}",Man,
id94_2476.jpg,30.0,"{'Woman': 2.119998447597027, 'Man': 97.88000583648682}",Man,
id41_935.jpg,27.0,"{'Woman': 25.363188982009888, 'Man': 74.63681101799011}",Man,
id1_23.jpg,36.0,"{'Woman': 2.7796613052487373, 'Man': 97.22033739089966}",Man,
id61_1671.jpg,32.0,"{'Woman': 35.66630184650421, 'Man': 64.33370113372803}",Man,
id5_90.jpg,28.0,"{'Woman': 25.65077841281891, 'Man': 74.34921860694885}",Man,
id91_2441.jpg,,,,'tuple' object has no attribute 'shape'
id130_3278.jpg,29.0,"{'Woman': 91.52827858924866, 'Man': 8.471725136041641}",Woman,
id90_2558.jpg,28.0,"{'Woman': 3.6597155034542084, 'Man': 96.34028673171997}",Man,
id41_1302.jpg,33.0,"{'Woman': 44.83802318572998, 'Man': 55.16197085380554}",Man,
id3_61.jpg,35.0,"{'Woman': 1.2777158990502357, 'Man': 98.72227907180786}",Man,
id51_1249.jpg,31.0,"{'Woman': 3.4377846866846085, 'Man': 96.56221866607666}",Man,
id45_1062.jpg,,,,'tuple' object has no attribute 'shape'
id41_1438.jpg,27.0,"{'Woman': 87.22832798957825, 'Man': 12.771672010421753}",Woman,
id26_395.jpg,23.0,"{'Woman': 2.74420827627182, 'Man': 97.25579619407654}",Man,
id113_3006.jpg,33.0,"{'Woman': 20.65793126821518, 'Man': 79.3420672416687}",Man,
id36_908.jpg,27.0,"{'Woman': 12.734080851078033, 'Man': 87.26592659950256}",Man,
id18_432.jpg,32.0,"{'Woman': 5.127791315317154, 'Man': 94.87220644950867}",Man,
id90_2428.jpg,,,,'tuple' object has no attribute 'shape'
id59_1535.jpg,35.0,"{'Woman': 97.50622510910034, 'Man': 2.493775077164173}",Woman,
id3_140.jpg,30.0,"{'Woman': 47.654882073402405, 'Man': 52.345120906829834}",Man,
id70_1869.jpg,33.0,"{'Woman': 21.63107991218567, 'Man': 78.36892604827881}",Man,
id115_2953.jpg,41.0,"{'Woman': 13.221679627895355, 'Man': 86.778324842453}",Man,
id49_1194.jpg,26.0,"{'Woman': 4.142427071928978, 'Man': 95.85756659507751}",Man,
id63_1657.jpg,34.0,"{'Woman': 9.318868815898895, 'Man': 90.68113565444946}",Man,
id39_888.jpg,31.0,"{'Woman': 9.155236929655075, 'Man': 90.84476232528687}",Man,
id37_901.jpg,36.0,"{'Woman': 13.244996964931488, 'Man': 86.75499558448792}",Man,
id6_76.jpg,25.0,"{'Woman': 7.981790602207184, 'Man': 92.01820492744446}",Man,
id1_70.jpg,30.0,"{'Woman': 16.493751108646393, 'Man': 83.50625038146973}",Man,
id79_2131.jpg,31.0,"{'Woman': 29.41701114177704, 'Man': 70.58298587799072}",Man,
id18_714.jpg,,,,'tuple' object has no attribute 'shape'
id46_1248.jpg,31.0,"{'Woman': 24.501073360443115, 'Man': 75.49892663955688}",Man,
id25_374.jpg,34.0,"{'Woman': 47.167012095451355, 'Man': 52.832990884780884}",Man,
id24_596.jpg,37.0,"{'Woman': 15.086853504180908, 'Man': 84.91314649581909}",Man,
id65_1733.jpg,39.0,"{'Woman': 4.5650966465473175, 'Man': 95.43490409851074}",Man,
id115_3169.jpg,29.0,"{'Woman': 33.10773968696594, 'Man': 66.89226031303406}",Man,
id25_442.jpg,,,,'tuple' object has no attribute 'shape'
id42_976.jpg,32.0,"{'Woman': 8.472778648138046, 'Man': 91.52722358703613}",Man,
id94_2773.jpg,25.0,"{'Woman': 2.176824025809765, 'Man': 97.82317280769348}",Man,
id112_2800.jpg,26.0,"{'Woman': 6.355328857898712, 'Man': 93.64466667175293}",Man,
id18_597.jpg,36.0,"{'Woman': 21.216072142124176, 'Man': 78.78392338752747}",Man,
id110_2705.jpg,37.0,"{'Woman': 5.069584026932716, 'Man': 94.93041634559631}",Man,
id108_2819.jpg,36.0,"{'Woman': 5.9568945318460464, 'Man': 94.0430998802185}",Man,
id41_1330.jpg,31.0,"{'Woman': 3.295810893177986, 'Man': 96.70419096946716}",Man,
id115_2917.jpg,24.0,"{'Woman': 17.579473555088043, 'Man': 82.42052793502808}",Man,
id90_2463.jpg,24.0,"{'Woman': 1.3589517213404179, 'Man': 98.64104390144348}",Man,
id27_405.jpg,32.0,"{'Woman': 16.13389253616333, 'Man': 83.86611342430115}",Man,
id118_3109.jpg,28.0,"{'Woman': 2.501705102622509, 'Man': 97.49829173088074}",Man,
id95_2514.jpg,31.0,"{'Woman': 6.729111075401306, 'Man': 93.27088594436646}",Man,
id115_2869.jpg,28.0,"{'Woman': 13.742716610431671, 'Man': 86.25728487968445}",Man,
id90_2371.jpg,29.0,"{'Woman': 86.41298413276672, 'Man': 13.587009906768799}",Woman,
id119_3093.jpg,26.0,"{'Woman': 8.33108201622963, 'Man': 91.66891574859619}",Man,
id36_1836.jpg,43.0,"{'Woman': 11.035008728504181, 'Man': 88.96499276161194}",Man,
id18_629.jpg,32.0,"{'Woman': 11.701492220163345, 'Man': 88.29850554466248}",Man,
id115_3040.jpg,,,,'tuple' object has no attribute 'shape'
id93_2688.jpg,28.0,"{'Woman': 4.168260470032692, 'Man': 95.83173394203186}",Man,
id42_1068.jpg,29.0,"{'Woman': 4.986708238720894, 'Man': 95.0132966041565}",Man,
id36_1130.jpg,30.0,"{'Woman': 18.492838740348816, 'Man': 81.50716423988342}",Man,
id108_2844.jpg,22.0,"{'Woman': 4.043829068541527, 'Man': 95.95616459846497}",Man,
id45_1109.jpg,27.0,"{'Woman': 1.1931071057915688, 'Man': 98.80688786506653}",Man,
id30_431.jpg,26.0,"{'Woman': 0.39177220314741135, 'Man': 99.60823655128479}",Man,
id105_2685.jpg,35.0,"{'Woman': 20.922015607357025, 'Man': 79.07798290252686}",Man,
id96_2500.jpg,31.0,"{'Woman': 22.21371680498123, 'Man': 77.78628468513489}",Man,
id43_1188.jpg,35.0,"{'Woman': 11.099006980657578, 'Man': 88.9009952545166}",Man,
id63_1673.jpg,30.0,"{'Woman': 39.03397619724274, 'Man': 60.9660267829895}",Man,
id103_2745.jpg,31.0,"{'Woman': 7.138840854167938, 'Man': 92.86115765571594}",Man,
id118_3133.jpg,26.0,"{'Woman': 18.46126616001129, 'Man': 81.53873682022095}",Man,
id68_1833.jpg,33.0,"{'Woman': 12.449659407138824, 'Man': 87.5503420829773}",Man,
id42_1072.jpg,35.0,"{'Woman': 17.980578541755676, 'Man': 82.01942443847656}",Man,
id115_2928.jpg,23.0,"{'Woman': 5.042363330721855, 'Man': 94.95763778686523}",Man,
id51_1338.jpg,25.0,"{'Woman': 18.321307003498077, 'Man': 81.67869448661804}",Man,
id90_2385.jpg,31.0,"{'Woman': 14.25379365682602, 'Man': 85.74620485305786}",Man,
id83_2306.jpg,31.0,"{'Woman': 23.041877150535583, 'Man': 76.95812582969666}",Man,
id3_154.jpg,24.0,"{'Woman': 45.00005841255188, 'Man': 54.99993562698364}",Man,
id43_1204.jpg,29.0,"{'Woman': 7.304991781711578, 'Man': 92.69500970840454}",Man,
id93_2713.jpg,31.0,"{'Woman': 46.798935532569885, 'Man': 53.201061487197876}",Man,
id116_3121.jpg,36.0,"{'Woman': 3.018105961382389, 'Man': 96.98189496994019}",Man,
id43_1255.jpg,35.0,"{'Woman': 20.28796076774597, 'Man': 79.71203923225403}",Man,
id78_2058.jpg,23.0,"{'Woman': 7.283729314804077, 'Man': 92.71626472473145}",Man,
id64_1683.jpg,28.0,"{'Woman': 6.346720457077026, 'Man': 93.65328550338745}",Man,
id57_1538.jpg,26.0,"{'Woman': 2.347584255039692, 'Man': 97.65241146087646}",Man,
id117_3007.jpg,27.0,"{'Woman': 8.97703617811203, 'Man': 91.02296233177185}",Man,
id17_240.jpg,31.0,"{'Woman': 16.300304234027863, 'Man': 83.69969725608826}",Man,
id1_231.jpg,29.0,"{'Woman': 43.606844544410706, 'Man': 56.39316439628601}",Man,
id70_1956.jpg,35.0,"{'Woman': 13.661351799964905, 'Man': 86.33865118026733}",Man,
id115_2919.jpg,29.0,"{'Woman': 4.329603165388107, 'Man': 95.67039608955383}",Man,
id30_497.jpg,29.0,"{'Woman': 16.05430096387863, 'Man': 83.94569754600525}",Man,
id121_3271.jpg,24.0,"{'Woman': 4.048459976911545, 'Man': 95.95153331756592}",Man,
id124_3167.jpg,36.0,"{'Woman': 8.472394198179245, 'Man': 91.52761101722717}",Man,
id79_2020.jpg,30.0,"{'Woman': 44.292959570884705, 'Man': 55.707043409347534}",Man,
id59_1569.jpg,,,,'tuple' object has no attribute 'shape'
id64_1682.jpg,28.0,"{'Woman': 5.136309191584587, 'Man': 94.86368894577026}",Man,
id90_2420.jpg,33.0,"{'Woman': 13.621114194393158, 'Man': 86.3788902759552}",Man,
id60_1585.jpg,31.0,"{'Woman': 2.420451119542122, 'Man': 97.57954478263855}",Man,
id110_2731.jpg,32.0,"{'Woman': 64.47293162345886, 'Man': 35.5270653963089}",Woman,
id42_972.jpg,31.0,"{'Woman': 35.428932309150696, 'Man': 64.57106471061707}",Man,
id90_2566.jpg,25.0,"{'Woman': 2.1747343242168427, 'Man': 97.82525897026062}",Man,
id113_2971.jpg,32.0,"{'Woman': 25.635182857513428, 'Man': 74.36481714248657}",Man,
id121_3183.jpg,32.0,"{'Woman': 16.393785178661346, 'Man': 83.60621929168701}",Man,
id78_2077.jpg,23.0,"{'Woman': 4.272128269076347, 'Man': 95.72787880897522}",Man,
id16_295.jpg,29.0,"{'Woman': 9.905262291431427, 'Man': 90.09474515914917}",Man,
id27_411.jpg,37.0,"{'Woman': 10.799603909254074, 'Man': 89.20040130615234}",Man,
id91_2418.jpg,,,,'tuple' object has no attribute 'shape'
id36_1430.jpg,28.0,"{'Woman': 11.33381724357605, 'Man': 88.66618275642395}",Man,
id117_2999.jpg,25.0,"{'Woman': 5.050365626811981, 'Man': 94.94962692260742}",Man,
id78_2255.jpg,26.0,"{'Woman': 2.750597335398197, 'Man': 97.24940061569214}",Man,
id24_384.jpg,26.0,"{'Woman': 5.868967995047569, 'Man': 94.13102865219116}",Man,
id39_871.jpg,32.0,"{'Woman': 14.74480926990509, 'Man': 85.25519371032715}",Man,
id102_2677.jpg,30.0,"{'Woman': 2.022514119744301, 'Man': 97.97748327255249}",Man,
id47_1247.jpg,30.0,"{'Woman': 15.734423696994781, 'Man': 84.26557779312134}",Man,
id10_197.jpg,23.0,"{'Woman': 0.9639887139201164, 'Man': 99.03601408004761}",Man,
id60_1592.jpg,30.0,"{'Woman': 3.123932145535946, 'Man': 96.87606692314148}",Man,
id41_1103.jpg,32.0,"{'Woman': 10.008382052183151, 'Man': 89.99161720275879}",Man,
id121_3172.jpg,29.0,"{'Woman': 19.8751300573349, 'Man': 80.12487292289734}",Man,
id40_992.jpg,22.0,"{'Woman': 12.54003793001175, 'Man': 87.45996356010437}",Man,
id15_292.jpg,35.0,"{'Woman': 9.60959568619728, 'Man': 90.39040207862854}",Man,
id16_232.jpg,25.0,"{'Woman': 12.878076732158661, 'Man': 87.1219277381897}",Man,
id49_1274.jpg,25.0,"{'Woman': 8.462430536746979, 'Man': 91.53757095336914}",Man,
id63_1656.jpg,35.0,"{'Woman': 10.717903077602386, 'Man': 89.2820954322815}",Man,
id70_1954.jpg,31.0,"{'Woman': 12.178006768226624, 'Man': 87.82199025154114}",Man,
id49_1211.jpg,,,,'tuple' object has no attribute 'shape'
id20_422.jpg,34.0,"{'Woman': 8.735652267932892, 'Man': 91.26434326171875}",Man,
id47_1182.jpg,26.0,"{'Woman': 2.197527326643467, 'Man': 97.80247211456299}",Man,
id67_1783.jpg,26.0,"{'Woman': 13.554462790489197, 'Man': 86.44554018974304}",Man,
id42_1113.jpg,32.0,"{'Woman': 29.97976243495941, 'Man': 70.02024054527283}",Man,
id24_436.jpg,24.0,"{'Woman': 15.995974838733673, 'Man': 84.00403261184692}",Man,
id41_1009.jpg,30.0,"{'Woman': 15.29930830001831, 'Man': 84.70069766044617}",Man,
id115_3018.jpg,25.0,"{'Woman': 1.7684893682599068, 'Man': 98.2315182685852}",Man,
id27_460.jpg,25.0,"{'Woman': 2.817194350063801, 'Man': 97.1828043460846}",Man,
id37_875.jpg,35.0,"{'Woman': 85.6613278388977, 'Man': 14.338675141334534}",Woman,
id36_1379.jpg,34.0,"{'Woman': 60.020649433135986, 'Man': 39.979347586631775}",Woman,
id116_3106.jpg,31.0,"{'Woman': 11.490096896886826, 'Man': 88.50989937782288}",Man,
id37_851.jpg,,,,'tuple' object has no attribute 'shape'
id108_2858.jpg,28.0,"{'Woman': 0.9727328084409237, 'Man': 99.02727007865906}",Man,
id33_742.jpg,,,,'tuple' object has no attribute 'shape'
id90_2464.jpg,28.0,"{'Woman': 3.680890053510666, 'Man': 96.3191032409668}",Man,
id24_601.jpg,29.0,"{'Woman': 14.106394350528717, 'Man': 85.89360117912292}",Man,
id24_390.jpg,23.0,"{'Woman': 7.5923822820186615, 'Man': 92.40761399269104}",Man,
id83_2319.jpg,,,,'tuple' object has no attribute 'shape'
id42_1067.jpg,33.0,"{'Woman': 15.32607227563858, 'Man': 84.67392921447754}",Man,
id78_2242.jpg,30.0,"{'Woman': 6.32491409778595, 'Man': 93.67508888244629}",Man,
id5_143.jpg,27.0,"{'Woman': 5.9349425137043, 'Man': 94.06505823135376}",Man,
id44_1083.jpg,27.0,"{'Woman': 18.947498500347137, 'Man': 81.05250000953674}",Man,
id90_2572.jpg,30.0,"{'Woman': 7.997479289770126, 'Man': 92.00252294540405}",Man,
id41_1074.jpg,,,,'tuple' object has no attribute 'shape'
id48_1172.jpg,31.0,"{'Woman': 7.755646854639053, 'Man': 92.24435091018677}",Man,
id93_2486.jpg,34.0,"{'Woman': 12.111520022153854, 'Man': 87.88847923278809}",Man,
id4_34.jpg,28.0,"{'Woman': 27.074381709098816, 'Man': 72.92562127113342}",Man,
id47_1128.jpg,30.0,"{'Woman': 14.268667995929718, 'Man': 85.7313334941864}",Man,
id36_1454.jpg,38.0,"{'Woman': 49.83328580856323, 'Man': 50.16670823097229}",Man,
id16_290.jpg,29.0,"{'Woman': 4.407038539648056, 'Man': 95.59295773506165}",Man,
id72_1875.jpg,32.0,"{'Woman': 12.758120894432068, 'Man': 87.2418761253357}",Man,
id69_1869.jpg,32.0,"{'Woman': 12.957626581192017, 'Man': 87.04237341880798}",Man,
id93_2462.jpg,37.0,"{'Woman': 59.133005142211914, 'Man': 40.866994857788086}",Woman,
id77_2118.jpg,24.0,"{'Woman': 2.5756536051630974, 'Man': 97.42434024810791}",Man,
id43_1173.jpg,27.0,"{'Woman': 10.344050824642181, 'Man': 89.65595364570618}",Man,
id90_2455.jpg,33.0,"{'Woman': 16.691729426383972, 'Man': 83.30826759338379}",Man,
id90_2434.jpg,,,,'tuple' object has no attribute 'shape'
id41_1088.jpg,,,,'tuple' object has no attribute 'shape'
id46_1249.jpg,31.0,"{'Woman': 19.132809340953827, 'Man': 80.86719512939453}",Man,
id117_3137.jpg,33.0,"{'Woman': 10.476934164762497, 'Man': 89.52305912971497}",Man,
id38_865.jpg,27.0,"{'Woman': 11.284816265106201, 'Man': 88.7151837348938}",Man,
id78_2187.jpg,25.0,"{'Woman': 11.11285388469696, 'Man': 88.88714909553528}",Man,
id36_825.jpg,,,,'tuple' object has no attribute 'shape'
id59_1581.jpg,,,,'tuple' object has no attribute 'shape'
id42_1082.jpg,35.0,"{'Woman': 15.653538703918457, 'Man': 84.34646129608154}",Man,
id83_2289.jpg,32.0,"{'Woman': 23.375259339809418, 'Man': 76.62474513053894}",Man,
id78_2234.jpg,30.0,"{'Woman': 4.8859357833862305, 'Man': 95.11407017707825}",Man,
id108_2773.jpg,29.0,"{'Woman': 11.950800567865372, 'Man': 88.04919719696045}",Man,
id3_87.jpg,26.0,"{'Woman': 10.265818983316422, 'Man': 89.73418474197388}",Man,
id5_180.jpg,37.0,"{'Woman': 1.3051115907728672, 'Man': 98.69489073753357}",Man,
id44_1091.jpg,34.0,"{'Woman': 6.8490661680698395, 'Man': 93.15093755722046}",Man,
id55_1540.jpg,31.0,"{'Woman': 2.1292977035045624, 'Man': 97.87070751190186}",Man,
id41_1325.jpg,30.0,"{'Woman': 8.28368216753006, 'Man': 91.71631336212158}",Man,
id115_2863.jpg,31.0,"{'Woman': 3.8563892245292664, 'Man': 96.14360928535461}",Man,
id118_3052.jpg,,,,'tuple' object has no attribute 'shape'
id16_263.jpg,27.0,"{'Woman': 7.526508718729019, 'Man': 92.47349500656128}",Man,
id78_2057.jpg,25.0,"{'Woman': 5.729622766375542, 'Man': 94.27037835121155}",Man,
id115_2846.jpg,36.0,"{'Woman': 26.773875951766968, 'Man': 73.22612404823303}",Man,
id45_1204.jpg,26.0,"{'Woman': 6.509312242269516, 'Man': 93.49068403244019}",Man,
id10_212.jpg,27.0,"{'Woman': 16.567057371139526, 'Man': 83.432936668396}",Man,
id106_2676.jpg,28.0,"{'Woman': 9.064219146966934, 'Man': 90.93577861785889}",Man,
id27_409.jpg,35.0,"{'Woman': 18.48401129245758, 'Man': 81.51598572731018}",Man,
id24_460.jpg,22.0,"{'Woman': 29.534098505973816, 'Man': 70.46589851379395}",Man,
id18_533.jpg,37.0,"{'Woman': 36.46555542945862, 'Man': 63.53444457054138}",Man,
id41_1219.jpg,26.0,"{'Woman': 35.33354699611664, 'Man': 64.6664559841156}",Man,
id70_1856.jpg,32.0,"{'Woman': 36.511415243148804, 'Man': 63.488584756851196}",Man,
id115_3038.jpg,,,,'tuple' object has no attribute 'shape'
id36_853.jpg,31.0,"{'Woman': 3.042222000658512, 'Man': 96.95778489112854}",Man,
id57_1588.jpg,30.0,"{'Woman': 3.565004840493202, 'Man': 96.43499255180359}",Man,
id64_1650.jpg,31.0,"{'Woman': 16.461768746376038, 'Man': 83.5382342338562}",Man,
id27_403.jpg,31.0,"{'Woman': 22.927363216876984, 'Man': 77.07264423370361}",Man,
id78_2020.jpg,24.0,"{'Woman': 3.145138919353485, 'Man': 96.8548595905304}",Man,
id5_112.jpg,,,,'tuple' object has no attribute 'shape'
id59_1604.jpg,29.0,"{'Woman': 61.65446639060974, 'Man': 38.34553062915802}",Woman,
id41_1327.jpg,29.0,"{'Woman': 11.92917674779892, 'Man': 88.07082772254944}",Man,
id134_3315.jpg,25.0,"{'Woman': 14.359499514102936, 'Man': 85.64050197601318}",Man,
id90_2492.jpg,25.0,"{'Woman': 0.7594400085508823, 'Man': 99.24055933952332}",Man,
id70_1866.jpg,32.0,"{'Woman': 35.679855942726135, 'Man': 64.3201470375061}",Man,
id78_2045.jpg,35.0,"{'Woman': 11.839469522237778, 'Man': 88.16052675247192}",Man,
id41_1434.jpg,27.0,"{'Woman': 93.29585433006287, 'Man': 6.7041464149951935}",Woman,
id36_1402.jpg,33.0,"{'Woman': 73.81695508956909, 'Man': 26.183047890663147}",Woman,
id85_2181.jpg,28.0,"{'Woman': 9.35007929801941, 'Man': 90.64992666244507}",Man,
id55_1508.jpg,28.0,"{'Woman': 5.45884445309639, 'Man': 94.54115033149719}",Man,
id18_694.jpg,30.0,"{'Woman': 7.304809242486954, 'Man': 92.69518852233887}",Man,
id106_2683.jpg,26.0,"{'Woman': 6.060842424631119, 'Man': 93.9391553401947}",Man,
id121_3250.jpg,27.0,"{'Woman': 7.281383126974106, 'Man': 92.71862506866455}",Man,
id54_1503.jpg,32.0,"{'Woman': 3.1064219772815704, 'Man': 96.89357876777649}",Man,
id90_2451.jpg,32.0,"{'Woman': 6.7138321697711945, 'Man': 93.28616261482239}",Man,
id115_2856.jpg,27.0,"{'Woman': 5.392332747578621, 'Man': 94.60766315460205}",Man,
id39_922.jpg,28.0,"{'Woman': 21.514497697353363, 'Man': 78.48550081253052}",Man,
id7_95.jpg,29.0,"{'Woman': 43.95386874675751, 'Man': 56.046128273010254}",Man,
id28_393.jpg,36.0,"{'Woman': 7.91831836104393, 'Man': 92.08168387413025}",Man,
id124_3247.jpg,34.0,"{'Woman': 28.505322337150574, 'Man': 71.49468064308167}",Man,
id69_1871.jpg,34.0,"{'Woman': 12.880240380764008, 'Man': 87.11975812911987}",Man,
id121_3175.jpg,30.0,"{'Woman': 24.10062551498413, 'Man': 75.89938044548035}",Man,
id25_599.jpg,40.0,"{'Woman': 12.089799344539642, 'Man': 87.91020512580872}",Man,
id65_1791.jpg,29.0,"{'Woman': 10.26032269001007, 'Man': 89.73967432975769}",Man,
id42_1002.jpg,36.0,"{'Woman': 22.97113835811615, 'Man': 77.02886462211609}",Man,
id124_3252.jpg,33.0,"{'Woman': 7.783364504575729, 'Man': 92.21663475036621}",Man,
id36_1320.jpg,31.0,"{'Woman': 46.83643281459808, 'Man': 53.16356420516968}",Man,
id78_2111.jpg,28.0,"{'Woman': 7.334882020950317, 'Man': 92.66511797904968}",Man,
id77_2117.jpg,23.0,"{'Woman': 0.7297615054994822, 'Man': 99.27023649215698}",Man,
id5_142.jpg,33.0,"{'Woman': 10.438941419124603, 'Man': 89.5610511302948}",Man,
id113_2961.jpg,,,,'tuple' object has no attribute 'shape'
id78_2188.jpg,24.0,"{'Woman': 1.969757117331028, 'Man': 98.03024530410767}",Man,
id84_2199.jpg,29.0,"{'Woman': 12.630888819694519, 'Man': 87.36910820007324}",Man,
id36_957.jpg,32.0,"{'Woman': 66.9387698173523, 'Man': 33.061233162879944}",Woman,
id113_3012.jpg,35.0,"{'Woman': 29.031112790107727, 'Man': 70.96889019012451}",Man,
id113_3011.jpg,33.0,"{'Woman': 16.320079565048218, 'Man': 83.67992639541626}",Man,
id121_3283.jpg,25.0,"{'Woman': 9.673450142145157, 'Man': 90.32655358314514}",Man,
id1_49.jpg,33.0,"{'Woman': 11.078394204378128, 'Man': 88.92160654067993}",Man,
id128_3270.jpg,32.0,"{'Woman': 4.935275763273239, 'Man': 95.0647234916687}",Man,
id41_1017.jpg,29.0,"{'Woman': 14.479905366897583, 'Man': 85.52009463310242}",Man,
id117_2998.jpg,27.0,"{'Woman': 8.038531243801117, 'Man': 91.96146726608276}",Man,
id3_136.jpg,35.0,"{'Woman': 25.944170355796814, 'Man': 74.05582666397095}",Man,
id116_3104.jpg,27.0,"{'Woman': 8.051417022943497, 'Man': 91.94858074188232}",Man,
id133_3310.jpg,31.0,"{'Woman': 14.436478912830353, 'Man': 85.56351661682129}",Man,
id41_1468.jpg,28.0,"{'Woman': 97.47217297554016, 'Man': 2.527829259634018}",Woman,
id115_2894.jpg,30.0,"{'Woman': 9.093727171421051, 'Man': 90.90627431869507}",Man,
id90_2400.jpg,36.0,"{'Woman': 6.885235011577606, 'Man': 93.11476945877075}",Man,
id24_347.jpg,30.0,"{'Woman': 19.42887008190155, 'Man': 80.57112693786621}",Man,
id49_1320.jpg,,,,'tuple' object has no attribute 'shape'
id119_3110.jpg,,,,'tuple' object has no attribute 'shape'
id108_2762.jpg,,,,'tuple' object has no attribute 'shape'
id30_442.jpg,27.0,"{'Woman': 13.795144855976105, 'Man': 86.20485067367554}",Man,
id90_2399.jpg,35.0,"{'Woman': 10.166096687316895, 'Man': 89.8339033126831}",Man,
id43_1025.jpg,26.0,"{'Woman': 6.045052036643028, 'Man': 93.95495057106018}",Man,
id41_1041.jpg,32.0,"{'Woman': 16.24441295862198, 'Man': 83.75558853149414}",Man,
id115_2880.jpg,35.0,"{'Woman': 28.847864270210266, 'Man': 71.15213871002197}",Man,
id41_1416.jpg,31.0,"{'Woman': 95.97267508506775, 'Man': 4.027324914932251}",Woman,
id38_950.jpg,27.0,"{'Woman': 44.829314947128296, 'Man': 55.170685052871704}",Man,
id27_535.jpg,26.0,"{'Woman': 15.340928733348846, 'Man': 84.65906977653503}",Man,
id18_893.jpg,30.0,"{'Woman': 14.379025995731354, 'Man': 85.62097549438477}",Man,
id18_709.jpg,,,,'tuple' object has no attribute 'shape'
id41_1076.jpg,,,,'tuple' object has no attribute 'shape'
id126_3209.jpg,38.0,"{'Woman': 12.144961953163147, 'Man': 87.85503506660461}",Man,
id38_892.jpg,29.0,"{'Woman': 6.156391277909279, 'Man': 93.84360909461975}",Man,
id42_998.jpg,37.0,"{'Woman': 29.871487617492676, 'Man': 70.12851238250732}",Man,
id124_3288.jpg,36.0,"{'Woman': 6.0500845313072205, 'Man': 93.94991993904114}",Man,
id18_687.jpg,,,,'tuple' object has no attribute 'shape'
id36_953.jpg,29.0,"{'Woman': 13.379409909248352, 'Man': 86.62058711051941}",Man,
id88_2410.jpg,34.0,"{'Woman': 3.3186517655849457, 'Man': 96.68134450912476}",Man,
id18_541.jpg,30.0,"{'Woman': 33.58546495437622, 'Man': 66.41453504562378}",Man,
id18_756.jpg,32.0,"{'Woman': 48.03192615509033, 'Man': 51.96806788444519}",Man,
id96_2563.jpg,30.0,"{'Woman': 13.63997757434845, 'Man': 86.36001944541931}",Man,
id61_1666.jpg,29.0,"{'Woman': 20.626255869865417, 'Man': 79.37374711036682}",Man,
id8_134.jpg,35.0,"{'Woman': 17.03929454088211, 'Man': 82.96070098876953}",Man,
id92_2401.jpg,40.0,"{'Woman': 18.860548734664917, 'Man': 81.13945126533508}",Man,
id69_1865.jpg,35.0,"{'Woman': 6.179836392402649, 'Man': 93.82016062736511}",Man,
id1_243.jpg,23.0,"{'Woman': 93.18413138389587, 'Man': 6.815871596336365}",Woman,
id32_459.jpg,25.0,"{'Woman': 13.446274399757385, 'Man': 86.55372858047485}",Man,
id41_1289.jpg,,,,'tuple' object has no attribute 'shape'
id91_2428.jpg,,,,'tuple' object has no attribute 'shape'
id121_3297.jpg,28.0,"{'Woman': 7.056339830160141, 'Man': 92.94366240501404}",Man,
id53_1327.jpg,29.0,"{'Woman': 5.313431099057198, 'Man': 94.68656778335571}",Man,
id24_345.jpg,31.0,"{'Woman': 20.051640272140503, 'Man': 79.9483597278595}",Man,
id44_1179.jpg,26.0,"{'Woman': 2.8978900983929634, 'Man': 97.10211753845215}",Man,
id25_428.jpg,,,,'tuple' object has no attribute 'shape'
id24_547.jpg,27.0,"{'Woman': 9.571017324924469, 'Man': 90.42897820472717}",Man,
id115_2884.jpg,30.0,"{'Woman': 15.599192678928375, 'Man': 84.40080881118774}",Man,
id96_2496.jpg,31.0,"{'Woman': 31.489291787147522, 'Man': 68.51070523262024}",Man,
id70_2084.jpg,37.0,"{'Woman': 15.16163945198059, 'Man': 84.83836650848389}",Man,
id41_944.jpg,29.0,"{'Woman': 49.317866563797, 'Man': 50.682127475738525}",Man,
id41_954.jpg,26.0,"{'Woman': 11.762657016515732, 'Man': 88.23734521865845}",Man,
id36_878.jpg,,,,'tuple' object has no attribute 'shape'
id88_2332.jpg,26.0,"{'Woman': 3.7478499114513397, 'Man': 96.2521493434906}",Man,
id79_2101.jpg,33.0,"{'Woman': 3.7352442741394043, 'Man': 96.2647557258606}",Man,
id122_3180.jpg,36.0,"{'Woman': 93.93056631088257, 'Man': 6.069432199001312}",Woman,
id55_1614.jpg,30.0,"{'Woman': 1.589205302298069, 'Man': 98.41079711914062}",Man,
id10_199.jpg,25.0,"{'Woman': 1.312647107988596, 'Man': 98.68735671043396}",Man,
id103_2736.jpg,35.0,"{'Woman': 15.40801078081131, 'Man': 84.59199070930481}",Man,
id121_3207.jpg,25.0,"{'Woman': 12.236814200878143, 'Man': 87.76318430900574}",Man,
id42_973.jpg,32.0,"{'Woman': 27.6727557182312, 'Man': 72.3272442817688}",Man,
id41_1072.jpg,25.0,"{'Woman': 29.02340590953827, 'Man': 70.97659707069397}",Man,
id122_3141.jpg,24.0,"{'Woman': 7.106507569551468, 'Man': 92.89348721504211}",Man,
id36_1443.jpg,,,,'tuple' object has no attribute 'shape'
id54_1542.jpg,34.0,"{'Woman': 2.7740076184272766, 'Man': 97.22599387168884}",Man,
id108_2802.jpg,31.0,"{'Woman': 23.024125397205353, 'Man': 76.97587609291077}",Man,
id36_1432.jpg,28.0,"{'Woman': 10.861331224441528, 'Man': 89.138662815094}",Man,
id55_1541.jpg,34.0,"{'Woman': 0.36785544361919165, 'Man': 99.6321439743042}",Man,
id36_1364.jpg,32.0,"{'Woman': 81.25203251838684, 'Man': 18.7479630112648}",Woman,
id68_1808.jpg,,,,'tuple' object has no attribute 'shape'
id24_465.jpg,22.0,"{'Woman': 9.444603323936462, 'Man': 90.5553936958313}",Man,
id121_3279.jpg,26.0,"{'Woman': 11.577677726745605, 'Man': 88.4223222732544}",Man,
id78_2241.jpg,32.0,"{'Woman': 7.357002794742584, 'Man': 92.64299273490906}",Man,
id123_3263.jpg,33.0,"{'Woman': 4.659887403249741, 'Man': 95.34010887145996}",Man,
id105_2755.jpg,34.0,"{'Woman': 7.790055125951767, 'Man': 92.20994710922241}",Man,
id108_2937.jpg,23.0,"{'Woman': 2.9822804033756256, 'Man': 97.0177173614502}",Man,
id44_1034.jpg,32.0,"{'Woman': 8.92096608877182, 'Man': 91.07902646064758}",Man,
id1_228.jpg,27.0,"{'Woman': 4.1682567447423935, 'Man': 95.83174586296082}",Man,
id63_1652.jpg,27.0,"{'Woman': 3.096443973481655, 'Man': 96.90356254577637}",Man,
id59_1586.jpg,39.0,"{'Woman': 56.84521198272705, 'Man': 43.15478503704071}",Woman,
id41_1375.jpg,35.0,"{'Woman': 10.741578042507172, 'Man': 89.25842046737671}",Man,
id25_461.jpg,,,,'tuple' object has no attribute 'shape'
id110_2708.jpg,,,,'tuple' object has no attribute 'shape'
id83_2180.jpg,27.0,"{'Woman': 3.6877453327178955, 'Man': 96.31226062774658}",Man,
id102_2691.jpg,39.0,"{'Woman': 2.9829978942871094, 'Man': 97.01700210571289}",Man,
id93_2741.jpg,28.0,"{'Woman': 14.519251883029938, 'Man': 85.48074960708618}",Man,
id25_523.jpg,28.0,"{'Woman': 8.624198287725449, 'Man': 91.37580990791321}",Man,
id43_1245.jpg,38.0,"{'Woman': 18.776895105838776, 'Man': 81.22310638427734}",Man,
id93_2675.jpg,31.0,"{'Woman': 15.453214943408966, 'Man': 84.54678654670715}",Man,
id36_764.jpg,,,,'tuple' object has no attribute 'shape'
id69_1987.jpg,31.0,"{'Woman': 29.89063560962677, 'Man': 70.10936737060547}",Man,
id79_2021.jpg,29.0,"{'Woman': 45.173633098602295, 'Man': 54.826366901397705}",Man,
id94_2578.jpg,24.0,"{'Woman': 67.54183173179626, 'Man': 32.4581652879715}",Woman,
id70_1837.jpg,,,,'tuple' object has no attribute 'shape'
id79_2044.jpg,30.0,"{'Woman': 9.728037565946579, 'Man': 90.27196168899536}",Man,
id41_971.jpg,26.0,"{'Woman': 3.7071213126182556, 'Man': 96.29287719726562}",Man,
id101_2606.jpg,29.0,"{'Woman': 1.1610963381826878, 'Man': 98.83890151977539}",Man,
id90_2392.jpg,30.0,"{'Woman': 17.333872616291046, 'Man': 82.66612887382507}",Man,
id124_3287.jpg,36.0,"{'Woman': 6.121441721916199, 'Man': 93.87856125831604}",Man,
id24_426.jpg,24.0,"{'Woman': 14.094112813472748, 'Man': 85.90587973594666}",Man,
id69_2007.jpg,27.0,"{'Woman': 19.687555730342865, 'Man': 80.3124487400055}",Man,
id62_1724.jpg,27.0,"{'Woman': 17.021553218364716, 'Man': 82.97844529151917}",Man,
id60_1574.jpg,36.0,"{'Woman': 3.116331435739994, 'Man': 96.88366055488586}",Man,
id55_1511.jpg,,,,'tuple' object has no attribute 'shape'
id42_992.jpg,29.0,"{'Woman': 2.8337297961115837, 'Man': 97.1662700176239}",Man,
id90_2387.jpg,36.0,"{'Woman': 7.437442243099213, 'Man': 92.56256222724915}",Man,
id108_2934.jpg,35.0,"{'Woman': 27.724117040634155, 'Man': 72.27588295936584}",Man,
id101_2629.jpg,25.0,"{'Woman': 3.9503313601017, 'Man': 96.04966640472412}",Man,
id122_3190.jpg,34.0,"{'Woman': 66.25441312789917, 'Man': 33.74558091163635}",Woman,
id25_495.jpg,29.0,"{'Woman': 24.833545088768005, 'Man': 75.16645789146423}",Man,
id3_48.jpg,27.0,"{'Woman': 1.325729675590992, 'Man': 98.67427349090576}",Man,
id77_2353.jpg,,,,'tuple' object has no attribute 'shape'
id15_239.jpg,29.0,"{'Woman': 14.976784586906433, 'Man': 85.02321243286133}",Man,
id45_1050.jpg,30.0,"{'Woman': 17.806018888950348, 'Man': 82.19398260116577}",Man,
id41_1313.jpg,32.0,"{'Woman': 22.67322540283203, 'Man': 77.32677459716797}",Man,
id95_2515.jpg,33.0,"{'Woman': 5.107469484210014, 'Man': 94.89253163337708}",Man,
id83_2270.jpg,39.0,"{'Woman': 7.889527082443237, 'Man': 92.11047887802124}",Man,
id55_1555.jpg,29.0,"{'Woman': 2.1582745015621185, 'Man': 97.84172177314758}",Man,
id6_123.jpg,30.0,"{'Woman': 7.132480293512344, 'Man': 92.86752343177795}",Man,
id90_2411.jpg,29.0,"{'Woman': 9.393028169870377, 'Man': 90.60696959495544}",Man,
id42_1212.jpg,30.0,"{'Woman': 10.101328045129776, 'Man': 89.89867568016052}",Man,
id18_695.jpg,30.0,"{'Woman': 8.036744594573975, 'Man': 91.9632613658905}",Man,
id90_2389.jpg,32.0,"{'Woman': 13.240134716033936, 'Man': 86.75985932350159}",Man,
id108_2933.jpg,34.0,"{'Woman': 22.456157207489014, 'Man': 77.54383683204651}",Man,
id125_3265.jpg,26.0,"{'Woman': 6.451714038848877, 'Man': 93.5482919216156}",Man,
id94_2529.jpg,30.0,"{'Woman': 3.2694917172193527, 'Man': 96.7305064201355}",Man,
id41_1012.jpg,29.0,"{'Woman': 19.787220656871796, 'Man': 80.21277785301208}",Man,
id18_642.jpg,36.0,"{'Woman': 74.24737215042114, 'Man': 25.752627849578857}",Woman,
id27_552.jpg,25.0,"{'Woman': 7.231868803501129, 'Man': 92.76812672615051}",Man,
id36_1376.jpg,,,,'tuple' object has no attribute 'shape'
id65_1798.jpg,27.0,"{'Woman': 19.12715584039688, 'Man': 80.87283968925476}",Man,
id44_1080.jpg,34.0,"{'Woman': 15.259192883968353, 'Man': 84.74081158638}",Man,
id45_1046.jpg,31.0,"{'Woman': 15.336045622825623, 'Man': 84.66395735740662}",Man,
id49_1300.jpg,24.0,"{'Woman': 5.895538628101349, 'Man': 94.1044569015503}",Man,
id65_1670.jpg,37.0,"{'Woman': 22.342440485954285, 'Man': 77.65755653381348}",Man,
id77_2161.jpg,29.0,"{'Woman': 0.9382582269608974, 'Man': 99.06174540519714}",Man,
id65_1769.jpg,,,,'tuple' object has no attribute 'shape'
id77_2008.jpg,29.0,"{'Woman': 1.6027741134166718, 'Man': 98.39723110198975}",Man,
id43_1176.jpg,31.0,"{'Woman': 8.72287005186081, 'Man': 91.27712845802307}",Man,
id59_1543.jpg,34.0,"{'Woman': 81.21598958969116, 'Man': 18.784011900424957}",Woman,
id122_3172.jpg,27.0,"{'Woman': 15.383832156658173, 'Man': 84.61616635322571}",Man,
id122_3189.jpg,31.0,"{'Woman': 36.0553503036499, 'Man': 63.9446496963501}",Man,
id90_2379.jpg,32.0,"{'Woman': 14.676861464977264, 'Man': 85.32313704490662}",Man,
id41_1097.jpg,,,,'tuple' object has no attribute 'shape'
id93_2650.jpg,32.0,"{'Woman': 7.745859771966934, 'Man': 92.25413799285889}",Man,
id18_731.jpg,38.0,"{'Woman': 4.86709363758564, 'Man': 95.1328992843628}",Man,
id57_1637.jpg,26.0,"{'Woman': 19.03029829263687, 'Man': 80.96969723701477}",Man,
id43_992.jpg,33.0,"{'Woman': 12.232695519924164, 'Man': 87.7673089504242}",Man,
id37_865.jpg,,,,'tuple' object has no attribute 'shape'
id25_450.jpg,,,,'tuple' object has no attribute 'shape'
id47_1239.jpg,31.0,"{'Woman': 5.4502516984939575, 'Man': 94.54975128173828}",Man,
id1_150.jpg,29.0,"{'Woman': 20.373718440532684, 'Man': 79.6262800693512}",Man,
id65_1749.jpg,32.0,"{'Woman': 8.48546177148819, 'Man': 91.51453971862793}",Man,
id115_2974.jpg,30.0,"{'Woman': 17.432716488838196, 'Man': 82.56728053092957}",Man,
id121_3190.jpg,31.0,"{'Woman': 13.810999691486359, 'Man': 86.18899583816528}",Man,
id63_1670.jpg,28.0,"{'Woman': 2.926795184612274, 'Man': 97.0732033252716}",Man,
id32_559.jpg,28.0,"{'Woman': 5.361565947532654, 'Man': 94.63843703269958}",Man,
id1_28.jpg,30.0,"{'Woman': 1.5525547787547112, 'Man': 98.44744205474854}",Man,
id83_2148.jpg,32.0,"{'Woman': 1.8574008718132973, 'Man': 98.14260005950928}",Man,
id32_480.jpg,29.0,"{'Woman': 11.002333462238312, 'Man': 88.99766802787781}",Man,
id124_3303.jpg,37.0,"{'Woman': 10.251979529857635, 'Man': 89.74801898002625}",Man,
id3_79.jpg,29.0,"{'Woman': 2.55317073315382, 'Man': 97.44682908058167}",Man,
id77_2090.jpg,30.0,"{'Woman': 1.2277993373572826, 'Man': 98.77219796180725}",Man,
id31_438.jpg,29.0,"{'Woman': 4.671423509716988, 'Man': 95.3285813331604}",Man,
id65_1810.jpg,32.0,"{'Woman': 16.206325590610504, 'Man': 83.79366993904114}",Man,
id65_1786.jpg,31.0,"{'Woman': 7.657650858163834, 'Man': 92.34234690666199}",Man,
id46_1236.jpg,27.0,"{'Woman': 12.678588926792145, 'Man': 87.3214066028595}",Man,
id36_1305.jpg,,,,'tuple' object has no attribute 'shape'
id94_2662.jpg,32.0,"{'Woman': 1.4891904778778553, 'Man': 98.51080775260925}",Man,
id2_51.jpg,28.0,"{'Woman': 6.120664998888969, 'Man': 93.87933611869812}",Man,
id16_307.jpg,27.0,"{'Woman': 5.867518112063408, 'Man': 94.13248300552368}",Man,
id36_1393.jpg,31.0,"{'Woman': 82.61997103691101, 'Man': 17.38002896308899}",Woman,
id31_451.jpg,29.0,"{'Woman': 15.156349539756775, 'Man': 84.84365344047546}",Man,
id37_836.jpg,,,,'tuple' object has no attribute 'shape'
id108_2833.jpg,30.0,"{'Woman': 5.179893970489502, 'Man': 94.82011198997498}",Man,
id27_449.jpg,29.0,"{'Woman': 1.5839161351323128, 'Man': 98.4160840511322}",Man,
id49_1311.jpg,26.0,"{'Woman': 25.681093335151672, 'Man': 74.31890964508057}",Man,
id11_186.jpg,28.0,"{'Woman': 28.735020756721497, 'Man': 71.26498222351074}",Man,
id83_2242.jpg,35.0,"{'Woman': 16.529659926891327, 'Man': 83.47033858299255}",Man,
id84_2234.jpg,32.0,"{'Woman': 10.062777251005173, 'Man': 89.93722796440125}",Man,
id49_1301.jpg,,,,'tuple' object has no attribute 'shape'
id49_1463.jpg,35.0,"{'Woman': 2.707076072692871, 'Man': 97.2929298877716}",Man,
id25_494.jpg,28.0,"{'Woman': 26.681849360466003, 'Man': 73.31814765930176}",Man,
id57_1630.jpg,27.0,"{'Woman': 15.090517699718475, 'Man': 84.90948677062988}",Man,
id83_2281.jpg,33.0,"{'Woman': 7.26240873336792, 'Man': 92.73759722709656}",Man,
id118_3093.jpg,39.0,"{'Woman': 2.2818882018327713, 'Man': 97.7181077003479}",Man,
id41_1309.jpg,31.0,"{'Woman': 46.848881244659424, 'Man': 53.151124715805054}",Man,
id115_3171.jpg,28.0,"{'Woman': 85.24747490882874, 'Man': 14.752528071403503}",Woman,
id41_1440.jpg,28.0,"{'Woman': 89.74024057388306, 'Man': 10.259763896465302}",Woman,
id11_237.jpg,28.0,"{'Woman': 5.701820179820061, 'Man': 94.29818391799927}",Man,
id94_2525.jpg,28.0,"{'Woman': 6.64733424782753, 'Man': 93.35266351699829}",Man,
id36_1449.jpg,26.0,"{'Woman': 13.907928764820099, 'Man': 86.09206676483154}",Man,
id3_111.jpg,30.0,"{'Woman': 5.986512452363968, 'Man': 94.01348233222961}",Man,
id1_149.jpg,29.0,"{'Woman': 19.90453004837036, 'Man': 80.09546399116516}",Man,
id39_866.jpg,31.0,"{'Woman': 19.300879538059235, 'Man': 80.69911599159241}",Man,
id1_237.jpg,32.0,"{'Woman': 87.629234790802, 'Man': 12.370772659778595}",Woman,
id6_82.jpg,27.0,"{'Woman': 8.832775801420212, 'Man': 91.16722345352173}",Man,
id46_1276.jpg,28.0,"{'Woman': 27.7238130569458, 'Man': 72.27618098258972}",Man,
id121_3163.jpg,28.0,"{'Woman': 28.332296013832092, 'Man': 71.66771292686462}",Man,
id77_2056.jpg,25.0,"{'Woman': 2.3347660899162292, 'Man': 97.66523838043213}",Man,
id16_230.jpg,26.0,"{'Woman': 9.560129791498184, 'Man': 90.43986797332764}",Man,
id62_1656.jpg,27.0,"{'Woman': 12.14793249964714, 'Man': 87.8520667552948}",Man,
id55_1716.jpg,31.0,"{'Woman': 3.6035411059856415, 'Man': 96.3964581489563}",Man,
id36_934.jpg,34.0,"{'Woman': 18.31556409597397, 'Man': 81.68442845344543}",Man,
id41_1380.jpg,35.0,"{'Woman': 10.866542160511017, 'Man': 89.13345336914062}",Man,
id18_697.jpg,28.0,"{'Woman': 7.94440358877182, 'Man': 92.05560088157654}",Man,
id79_2043.jpg,28.0,"{'Woman': 10.741712898015976, 'Man': 89.25828337669373}",Man,
id42_996.jpg,34.0,"{'Woman': 8.72955396771431, 'Man': 91.27044081687927}",Man,
id115_2955.jpg,34.0,"{'Woman': 9.378722310066223, 'Man': 90.62128067016602}",Man,
id36_874.jpg,,,,'tuple' object has no attribute 'shape'
id45_1096.jpg,34.0,"{'Woman': 2.8683671727776527, 'Man': 97.13162779808044}",Man,
id65_1748.jpg,35.0,"{'Woman': 5.120725557208061, 'Man': 94.87927556037903}",Man,
id93_2491.jpg,31.0,"{'Woman': 23.913440108299255, 'Man': 76.08655095100403}",Man,
id36_1303.jpg,30.0,"{'Woman': 6.631992757320404, 'Man': 93.367999792099}",Man,
id79_2057.jpg,25.0,"{'Woman': 3.1978514045476913, 'Man': 96.80215120315552}",Man,
id115_2986.jpg,27.0,"{'Woman': 32.160601019859314, 'Man': 67.83939599990845}",Man,
id108_2823.jpg,29.0,"{'Woman': 11.468702554702759, 'Man': 88.53129744529724}",Man,
id47_1147.jpg,34.0,"{'Woman': 7.282404601573944, 'Man': 92.71759986877441}",Man,
id100_2619.jpg,27.0,"{'Woman': 2.958138659596443, 'Man': 97.0418632030487}",Man,
id109_2725.jpg,30.0,"{'Woman': 15.68928062915802, 'Man': 84.31071639060974}",Man,
id48_1162.jpg,33.0,"{'Woman': 0.46824533492326736, 'Man': 99.53175783157349}",Man,
id108_2730.jpg,,,,'tuple' object has no attribute 'shape'
id41_955.jpg,26.0,"{'Woman': 7.3014818131923676, 'Man': 92.69852042198181}",Man,
id55_1531.jpg,30.0,"{'Woman': 1.8888508901000023, 'Man': 98.1111466884613}",Man,
id41_1339.jpg,30.0,"{'Woman': 8.050309121608734, 'Man': 91.94968938827515}",Man,
id18_915.jpg,27.0,"{'Woman': 12.564285099506378, 'Man': 87.43571639060974}",Man,
id121_3247.jpg,30.0,"{'Woman': 11.686217784881592, 'Man': 88.31378221511841}",Man,
id47_1115.jpg,,,,'tuple' object has no attribute 'shape'
id36_848.jpg,,,,'tuple' object has no attribute 'shape'
id51_1312.jpg,25.0,"{'Woman': 5.047962069511414, 'Man': 94.95203495025635}",Man,
id42_1036.jpg,33.0,"{'Woman': 10.377893596887589, 'Man': 89.62211012840271}",Man,
id42_1030.jpg,32.0,"{'Woman': 18.48086416721344, 'Man': 81.5191388130188}",Man,
id20_278.jpg,28.0,"{'Woman': 2.1246248856186867, 'Man': 97.87538051605225}",Man,
id124_3311.jpg,34.0,"{'Woman': 21.858394145965576, 'Man': 78.1416118144989}",Man,
id68_1893.jpg,32.0,"{'Woman': 15.123121440410614, 'Man': 84.87688302993774}",Man,
id78_2017.jpg,26.0,"{'Woman': 5.978831648826599, 'Man': 94.02116537094116}",Man,
id83_2314.jpg,33.0,"{'Woman': 38.128334283828735, 'Man': 61.87165975570679}",Man,
id47_1186.jpg,23.0,"{'Woman': 3.071027249097824, 'Man': 96.92896604537964}",Man,
id93_2483.jpg,37.0,"{'Woman': 31.93109631538391, 'Man': 68.06890964508057}",Man,
id124_3239.jpg,,,,'tuple' object has no attribute 'shape'
id115_3009.jpg,,,,'tuple' object has no attribute 'shape'
id25_794.jpg,29.0,"{'Woman': 10.646598041057587, 'Man': 89.3534004688263}",Man,
id44_1021.jpg,30.0,"{'Woman': 3.088381700217724, 'Man': 96.91162109375}",Man,
id128_3261.jpg,27.0,"{'Woman': 10.938144475221634, 'Man': 89.06185626983643}",Man,
id18_614.jpg,29.0,"{'Woman': 6.318669766187668, 'Man': 93.6813235282898}",Man,
id65_1731.jpg,37.0,"{'Woman': 5.16064278781414, 'Man': 94.83935236930847}",Man,
id17_239.jpg,31.0,"{'Woman': 4.230360686779022, 'Man': 95.76963782310486}",Man,
id42_1065.jpg,34.0,"{'Woman': 12.13541254401207, 'Man': 87.86458969116211}",Man,
id42_1003.jpg,43.0,"{'Woman': 25.99489986896515, 'Man': 74.00509715080261}",Man,
id25_392.jpg,25.0,"{'Woman': 50.94757676124573, 'Man': 49.052420258522034}",Woman,
id42_1141.jpg,30.0,"{'Woman': 9.614317119121552, 'Man': 90.3856873512268}",Man,
id79_2065.jpg,24.0,"{'Woman': 5.364702269434929, 'Man': 94.63529586791992}",Man,
id60_1583.jpg,22.0,"{'Woman': 2.6974759995937347, 'Man': 97.30252027511597}",Man,
id57_1523.jpg,35.0,"{'Woman': 9.748708456754684, 'Man': 90.25129675865173}",Man,
id21_323.jpg,28.0,"{'Woman': 5.608946084976196, 'Man': 94.39104795455933}",Man,
id93_2689.jpg,28.0,"{'Woman': 3.8780860602855682, 'Man': 96.12191915512085}",Man,
id43_1002.jpg,35.0,"{'Woman': 5.290473625063896, 'Man': 94.70952153205872}",Man,
id53_1449.jpg,31.0,"{'Woman': 3.506171703338623, 'Man': 96.49382829666138}",Man,
id3_42.jpg,27.0,"{'Woman': 5.1408372819423676, 'Man': 94.85915899276733}",Man,
id42_1056.jpg,31.0,"{'Woman': 31.264713406562805, 'Man': 68.73528361320496}",Man,
id60_1578.jpg,34.0,"{'Woman': 1.6207151114940643, 'Man': 98.37928414344788}",Man,
id78_2161.jpg,26.0,"{'Woman': 8.950450271368027, 'Man': 91.04954600334167}",Man,
id39_900.jpg,31.0,"{'Woman': 14.697861671447754, 'Man': 85.30213832855225}",Man,
id77_2091.jpg,30.0,"{'Woman': 1.2364030815660954, 'Man': 98.76360297203064}",Man,
id3_28.jpg,23.0,"{'Woman': 8.098126947879791, 'Man': 91.90186858177185}",Man,
id102_2616.jpg,38.0,"{'Woman': 4.883283749222755, 'Man': 95.11672258377075}",Man,
id44_1065.jpg,33.0,"{'Woman': 1.936899870634079, 'Man': 98.06309938430786}",Man,
id41_1425.jpg,25.0,"{'Woman': 66.4760947227478, 'Man': 33.52390229701996}",Woman,
id37_820.jpg,30.0,"{'Woman': 88.54174017906189, 'Man': 11.45826131105423}",Woman,
id78_2012.jpg,24.0,"{'Woman': 2.1174412220716476, 'Man': 97.88256287574768}",Man,
id94_2514.jpg,25.0,"{'Woman': 2.2693729028105736, 'Man': 97.73063063621521}",Man,
id42_1016.jpg,36.0,"{'Woman': 18.4610977768898, 'Man': 81.53890371322632}",Man,
id83_2219.jpg,31.0,"{'Woman': 50.58948993682861, 'Man': 49.41051006317139}",Woman,
id92_2420.jpg,32.0,"{'Woman': 13.78839910030365, 'Man': 86.21160387992859}",Man,
id69_1875.jpg,29.0,"{'Woman': 12.563256919384003, 'Man': 87.43674755096436}",Man,
id31_444.jpg,,,,'tuple' object has no attribute 'shape'
id36_875.jpg,,,,'tuple' object has no attribute 'shape'
id48_1254.jpg,27.0,"{'Woman': 9.701722115278244, 'Man': 90.2982771396637}",Man,
id36_921.jpg,28.0,"{'Woman': 16.926145553588867, 'Man': 83.07386040687561}",Man,
id18_662.jpg,35.0,"{'Woman': 50.034695863723755, 'Man': 49.965304136276245}",Woman,
id121_3120.jpg,28.0,"{'Woman': 75.42316317558289, 'Man': 24.576838314533234}",Woman,
id43_1012.jpg,26.0,"{'Woman': 7.987595349550247, 'Man': 92.01240539550781}",Man,
id95_2589.jpg,30.0,"{'Woman': 3.178180754184723, 'Man': 96.82182669639587}",Man,
id92_2421.jpg,32.0,"{'Woman': 14.279232919216156, 'Man': 85.72075963020325}",Man,
id25_409.jpg,27.0,"{'Woman': 25.664544105529785, 'Man': 74.33546185493469}",Man,
id33_706.jpg,35.0,"{'Woman': 27.927425503730774, 'Man': 72.07257151603699}",Man,
id90_2412.jpg,28.0,"{'Woman': 8.412334322929382, 'Man': 91.58766865730286}",Man,
id92_2427.jpg,27.0,"{'Woman': 10.992177575826645, 'Man': 89.00781869888306}",Man,
id123_3171.jpg,34.0,"{'Woman': 37.45999336242676, 'Man': 62.54001259803772}",Man,
id110_2784.jpg,26.0,"{'Woman': 11.473740637302399, 'Man': 88.52625489234924}",Man,
id69_1995.jpg,26.0,"{'Woman': 8.295250684022903, 'Man': 91.70475602149963}",Man,
id115_2944.jpg,33.0,"{'Woman': 16.35865867137909, 'Man': 83.64134430885315}",Man,
id122_3208.jpg,28.0,"{'Woman': 12.704814970493317, 'Man': 87.2951865196228}",Man,
id115_3034.jpg,,,,'tuple' object has no attribute 'shape'
id15_233.jpg,29.0,"{'Woman': 13.430134952068329, 'Man': 86.56986951828003}",Man,
id55_1551.jpg,28.0,"{'Woman': 1.0676911100745201, 'Man': 98.9323079586029}",Man,
id118_3111.jpg,24.0,"{'Woman': 1.5512792393565178, 'Man': 98.4487235546112}",Man,
id78_2165.jpg,29.0,"{'Woman': 17.45622158050537, 'Man': 82.54377841949463}",Man,
id37_885.jpg,33.0,"{'Woman': 92.83009171485901, 'Man': 7.16991126537323}",Woman,
id118_3091.jpg,25.0,"{'Woman': 2.4022407829761505, 'Man': 97.59775400161743}",Man,
id77_2093.jpg,28.0,"{'Woman': 1.6584822908043861, 'Man': 98.34151864051819}",Man,
id119_3099.jpg,34.0,"{'Woman': 11.718723177909851, 'Man': 88.28127980232239}",Man,
id5_192.jpg,33.0,"{'Woman': 2.436048723757267, 'Man': 97.56395220756531}",Man,
id41_1039.jpg,32.0,"{'Woman': 16.991053521633148, 'Man': 83.00895094871521}",Man,
id27_430.jpg,37.0,"{'Woman': 8.027990907430649, 'Man': 91.97201132774353}",Man,
id65_1722.jpg,34.0,"{'Woman': 2.1304944530129433, 'Man': 97.86950945854187}",Man,
id60_1602.jpg,25.0,"{'Woman': 3.333161771297455, 'Man': 96.66683673858643}",Man,
id53_1450.jpg,31.0,"{'Woman': 3.506171703338623, 'Man': 96.49382829666138}",Man,
id63_1677.jpg,34.0,"{'Woman': 8.548542112112045, 'Man': 91.45145416259766}",Man,
id3_139.jpg,31.0,"{'Woman': 25.36373734474182, 'Man': 74.6362566947937}",Man,
id47_1245.jpg,31.0,"{'Woman': 8.028201758861542, 'Man': 91.97179675102234}",Man,
id63_1694.jpg,34.0,"{'Woman': 27.64890491962433, 'Man': 72.35109210014343}",Man,
id44_1037.jpg,37.0,"{'Woman': 9.605051577091217, 'Man': 90.3949499130249}",Man,
id122_3168.jpg,37.0,"{'Woman': 21.975350379943848, 'Man': 78.02464962005615}",Man,
id1_54.jpg,32.0,"{'Woman': 4.376062750816345, 'Man': 95.6239402294159}",Man,
id7_122.jpg,31.0,"{'Woman': 7.1186743676662445, 'Man': 92.88132786750793}",Man,
id48_1185.jpg,39.0,"{'Woman': 2.583617717027664, 'Man': 97.41637706756592}",Man,
id36_882.jpg,,,,'tuple' object has no attribute 'shape'
id41_1298.jpg,32.0,"{'Woman': 40.590229630470276, 'Man': 59.409767389297485}",Man,
id20_480.jpg,34.0,"{'Woman': 50.99918842315674, 'Man': 49.00081157684326}",Woman,
id16_240.jpg,26.0,"{'Woman': 4.3899934738874435, 'Man': 95.61001062393188}",Man,
id5_168.jpg,29.0,"{'Woman': 9.867431223392487, 'Man': 90.13257622718811}",Man,
id49_1259.jpg,26.0,"{'Woman': 5.461670085787773, 'Man': 94.53832507133484}",Man,
id83_2152.jpg,26.0,"{'Woman': 20.079566538333893, 'Man': 79.92042899131775}",Man,
id3_34.jpg,28.0,"{'Woman': 2.9156984761357307, 'Man': 97.08430171012878}",Man,
id106_2691.jpg,26.0,"{'Woman': 22.486039996147156, 'Man': 77.5139570236206}",Man,
id94_2574.jpg,25.0,"{'Woman': 8.587342500686646, 'Man': 91.41265749931335}",Man,
id79_2029.jpg,27.0,"{'Woman': 16.477344930171967, 'Man': 83.52265357971191}",Man,
id5_157.jpg,24.0,"{'Woman': 2.607125975191593, 'Man': 97.39287495613098}",Man,
id117_3012.jpg,26.0,"{'Woman': 3.071250021457672, 'Man': 96.92875742912292}",Man,
id118_3097.jpg,31.0,"{'Woman': 3.0976030975580215, 'Man': 96.90240025520325}",Man,
id78_2133.jpg,25.0,"{'Woman': 18.311530351638794, 'Man': 81.6884696483612}",Man,
id122_3224.jpg,26.0,"{'Woman': 7.864833623170853, 'Man': 92.13516116142273}",Man,
id59_1751.jpg,29.0,"{'Woman': 70.002281665802, 'Man': 29.997718334197998}",Woman,
id108_2759.jpg,27.0,"{'Woman': 7.860151678323746, 'Man': 92.13984608650208}",Man,
id1_210.jpg,24.0,"{'Woman': 86.7849588394165, 'Man': 13.215044140815735}",Woman,
id62_1761.jpg,30.0,"{'Woman': 9.926794469356537, 'Man': 90.07321000099182}",Man,
id46_1267.jpg,30.0,"{'Woman': 44.33286786079407, 'Man': 55.66713213920593}",Man,
id78_2051.jpg,25.0,"{'Woman': 4.421478882431984, 'Man': 95.57852745056152}",Man,
id42_1129.jpg,30.0,"{'Woman': 9.488561004400253, 'Man': 90.51143527030945}",Man,
id46_1243.jpg,33.0,"{'Woman': 34.30468440055847, 'Man': 65.69531559944153}",Man,
id30_411.jpg,28.0,"{'Woman': 15.315470099449158, 'Man': 84.6845269203186}",Man,
id33_729.jpg,27.0,"{'Woman': 4.5459747314453125, 'Man': 95.45403122901917}",Man,
id1_50.jpg,33.0,"{'Woman': 11.896119266748428, 'Man': 88.10387849807739}",Man,
id47_1118.jpg,31.0,"{'Woman': 9.204156696796417, 'Man': 90.7958447933197}",Man,
id6_85.jpg,26.0,"{'Woman': 16.398528218269348, 'Man': 83.60146880149841}",Man,
id108_2742.jpg,32.0,"{'Woman': 8.975125849246979, 'Man': 91.02488160133362}",Man,
id48_1159.jpg,,,,'tuple' object has no attribute 'shape'
id10_191.jpg,22.0,"{'Woman': 4.814280197024345, 'Man': 95.18572092056274}",Man,
id115_2868.jpg,29.0,"{'Woman': 15.448060631752014, 'Man': 84.55194234848022}",Man,
id108_2763.jpg,31.0,"{'Woman': 2.2254547104239464, 'Man': 97.77454137802124}",Man,
id26_418.jpg,27.0,"{'Woman': 17.31962412595749, 'Man': 82.68037438392639}",Man,
id90_2423.jpg,30.0,"{'Woman': 11.861899495124817, 'Man': 88.13809752464294}",Man,
id5_105.jpg,33.0,"{'Woman': 10.614456981420517, 'Man': 89.38554525375366}",Man,
id2_54.jpg,31.0,"{'Woman': 5.881037190556526, 'Man': 94.11896467208862}",Man,
id77_2127.jpg,25.0,"{'Woman': 5.180668085813522, 'Man': 94.81932520866394}",Man,
id65_1796.jpg,28.0,"{'Woman': 23.250801861286163, 'Man': 76.74919962882996}",Man,
id53_1331.jpg,25.0,"{'Woman': 19.649192690849304, 'Man': 80.35080432891846}",Man,
id36_995.jpg,31.0,"{'Woman': 5.733099579811096, 'Man': 94.26690340042114}",Man,
id36_803.jpg,,,,'tuple' object has no attribute 'shape'
id83_2173.jpg,30.0,"{'Woman': 4.533951357007027, 'Man': 95.4660415649414}",Man,
id42_1004.jpg,38.0,"{'Woman': 28.682565689086914, 'Man': 71.31743431091309}",Man,
id118_3095.jpg,34.0,"{'Woman': 4.56015020608902, 'Man': 95.43984532356262}",Man,
id41_1046.jpg,31.0,"{'Woman': 11.057459563016891, 'Man': 88.94254565238953}",Man,
id110_2775.jpg,31.0,"{'Woman': 21.209555864334106, 'Man': 78.7904441356659}",Man,
id79_2121.jpg,31.0,"{'Woman': 3.148425370454788, 'Man': 96.8515694141388}",Man,
id41_1379.jpg,36.0,"{'Woman': 16.870805621147156, 'Man': 83.12919735908508}",Man,
id60_1551.jpg,29.0,"{'Woman': 15.667925775051117, 'Man': 84.33207869529724}",Man,
id31_465.jpg,29.0,"{'Woman': 11.046294867992401, 'Man': 88.95370364189148}",Man,
id3_109.jpg,24.0,"{'Woman': 4.327506944537163, 'Man': 95.67248821258545}",Man,
id54_1551.jpg,24.0,"{'Woman': 2.238483354449272, 'Man': 97.76151776313782}",Man,
id106_2674.jpg,26.0,"{'Woman': 4.39850352704525, 'Man': 95.60149908065796}",Man,
id42_937.jpg,38.0,"{'Woman': 31.938698887825012, 'Man': 68.06130409240723}",Man,
id41_1295.jpg,35.0,"{'Woman': 51.646822690963745, 'Man': 48.35317134857178}",Woman,
id47_1133.jpg,30.0,"{'Woman': 10.058611631393433, 'Man': 89.94139432907104}",Man,
id70_1870.jpg,33.0,"{'Woman': 24.796217679977417, 'Man': 75.20378828048706}",Man,
id33_704.jpg,32.0,"{'Woman': 12.38485500216484, 'Man': 87.6151442527771}",Man,
id24_365.jpg,25.0,"{'Woman': 6.935764104127884, 'Man': 93.0642306804657}",Man,
id37_827.jpg,36.0,"{'Woman': 83.76898765563965, 'Man': 16.23101681470871}",Woman,
id82_2509.jpg,35.0,"{'Woman': 18.260207772254944, 'Man': 81.73978924751282}",Man,
id127_3219.jpg,35.0,"{'Woman': 88.7417733669281, 'Man': 11.258227378129959}",Woman,
id69_1877.jpg,30.0,"{'Woman': 10.285138338804245, 'Man': 89.7148609161377}",Man,
id49_1267.jpg,29.0,"{'Woman': 1.7020009458065033, 'Man': 98.29800128936768}",Man,
id25_600.jpg,40.0,"{'Woman': 12.022021412849426, 'Man': 87.97798156738281}",Man,
id44_1008.jpg,28.0,"{'Woman': 4.139363020658493, 'Man': 95.86063623428345}",Man,
id41_973.jpg,27.0,"{'Woman': 7.060321420431137, 'Man': 92.93968081474304}",Man,
id83_2276.jpg,30.0,"{'Woman': 7.075516879558563, 'Man': 92.92448163032532}",Man,
id24_551.jpg,27.0,"{'Woman': 9.832318872213364, 'Man': 90.16768336296082}",Man,
id122_3210.jpg,26.0,"{'Woman': 9.272561967372894, 'Man': 90.72743654251099}",Man,
id47_1114.jpg,,,,'tuple' object has no attribute 'shape'
id123_3193.jpg,40.0,"{'Woman': 19.592252373695374, 'Man': 80.40774464607239}",Man,
id37_904.jpg,36.0,"{'Woman': 11.627724021673203, 'Man': 88.37227821350098}",Man,
id60_1620.jpg,34.0,"{'Woman': 12.632930278778076, 'Man': 87.36706972122192}",Man,
id59_1632.jpg,36.0,"{'Woman': 41.37764275074005, 'Man': 58.62235426902771}",Man,
id84_2243.jpg,35.0,"{'Woman': 5.323530361056328, 'Man': 94.67647075653076}",Man,
id94_2524.jpg,25.0,"{'Woman': 10.323875397443771, 'Man': 89.67612385749817}",Man,
id40_940.jpg,28.0,"{'Woman': 7.102451473474503, 'Man': 92.8975522518158}",Man,
id92_2393.jpg,34.0,"{'Woman': 11.77610456943512, 'Man': 88.22389841079712}",Man,
id124_3244.jpg,35.0,"{'Woman': 15.132488310337067, 'Man': 84.86751317977905}",Man,
id91_2406.jpg,31.0,"{'Woman': 10.06891280412674, 'Man': 89.9310827255249}",Man,
id47_1149.jpg,30.0,"{'Woman': 7.929515838623047, 'Man': 92.07048416137695}",Man,
id115_2935.jpg,29.0,"{'Woman': 20.141687989234924, 'Man': 79.85831499099731}",Man,
id68_1975.jpg,29.0,"{'Woman': 47.25769758224487, 'Man': 52.742308378219604}",Man,
id115_2872.jpg,31.0,"{'Woman': 21.873287856578827, 'Man': 78.12671065330505}",Man,
id71_1906.jpg,22.0,"{'Woman': 2.1436691284179688, 'Man': 97.85633683204651}",Man,
id124_3312.jpg,35.0,"{'Woman': 23.38678240776062, 'Man': 76.61321759223938}",Man,
id90_2374.jpg,28.0,"{'Woman': 53.99150848388672, 'Man': 46.008485555648804}",Woman,
id106_2700.jpg,30.0,"{'Woman': 7.0458970963954926, 'Man': 92.95410513877869}",Man,
id43_1241.jpg,34.0,"{'Woman': 6.38425275683403, 'Man': 93.61575245857239}",Man,
id7_100.jpg,30.0,"{'Woman': 66.63917899131775, 'Man': 33.36082398891449}",Woman,
id94_2450.jpg,28.0,"{'Woman': 10.158701241016388, 'Man': 89.84130024909973}",Man,
id47_1203.jpg,31.0,"{'Woman': 3.741944208741188, 'Man': 96.25806212425232}",Man,
id115_3178.jpg,32.0,"{'Woman': 4.529918357729912, 'Man': 95.47008872032166}",Man,
id122_3236.jpg,,,,'tuple' object has no attribute 'shape'
id44_1078.jpg,,,,'tuple' object has no attribute 'shape'
id41_1452.jpg,30.0,"{'Woman': 82.38926529884338, 'Man': 17.610731720924377}",Woman,
id106_2682.jpg,25.0,"{'Woman': 8.582442998886108, 'Man': 91.41756296157837}",Man,
id32_483.jpg,26.0,"{'Woman': 3.198632225394249, 'Man': 96.80136442184448}",Man,
id121_3204.jpg,29.0,"{'Woman': 10.73712632060051, 'Man': 89.26287293434143}",Man,
id37_858.jpg,,,,'tuple' object has no attribute 'shape'
id77_2150.jpg,26.0,"{'Woman': 2.898690849542618, 'Man': 97.1013069152832}",Man,
id83_2160.jpg,35.0,"{'Woman': 8.782356977462769, 'Man': 91.21764302253723}",Man,
id41_1099.jpg,28.0,"{'Woman': 7.764039933681488, 'Man': 92.23596453666687}",Man,
id62_1716.jpg,24.0,"{'Woman': 1.3126236386597157, 'Man': 98.68738055229187}",Man,
id43_1166.jpg,29.0,"{'Woman': 29.25628125667572, 'Man': 70.74371576309204}",Man,
id36_1439.jpg,29.0,"{'Woman': 11.140846461057663, 'Man': 88.85915279388428}",Man,
id42_1097.jpg,27.0,"{'Woman': 3.179287537932396, 'Man': 96.8207061290741}",Man,
id42_981.jpg,30.0,"{'Woman': 11.362018436193466, 'Man': 88.63797783851624}",Man,
id41_968.jpg,27.0,"{'Woman': 6.077591702342033, 'Man': 93.92240047454834}",Man,
id36_1348.jpg,36.0,"{'Woman': 46.732646226882935, 'Man': 53.267353773117065}",Man,
id90_2418.jpg,30.0,"{'Woman': 2.3122813552618027, 'Man': 97.6877212524414}",Man,
id78_2253.jpg,31.0,"{'Woman': 2.7519403025507927, 'Man': 97.24805951118469}",Man,
id83_2277.jpg,29.0,"{'Woman': 10.295584052801132, 'Man': 89.70441818237305}",Man,
id109_2724.jpg,30.0,"{'Woman': 14.658689498901367, 'Man': 85.34131050109863}",Man,
id43_1011.jpg,26.0,"{'Woman': 11.99963241815567, 'Man': 88.00036907196045}",Man,
id69_1993.jpg,27.0,"{'Woman': 4.929683357477188, 'Man': 95.07031440734863}",Man,
id36_925.jpg,36.0,"{'Woman': 16.068576276302338, 'Man': 83.93142819404602}",Man,
id124_3285.jpg,,,,'tuple' object has no attribute 'shape'
id36_1369.jpg,,,,'tuple' object has no attribute 'shape'
id18_548.jpg,32.0,"{'Woman': 35.47147810459137, 'Man': 64.52851891517639}",Man,
id116_3152.jpg,33.0,"{'Woman': 9.217856079339981, 'Man': 90.78214764595032}",Man,
id83_2298.jpg,31.0,"{'Woman': 12.294290214776993, 'Man': 87.70570755004883}",Man,
id18_713.jpg,32.0,"{'Woman': 3.9897896349430084, 'Man': 96.01020812988281}",Man,
id45_1073.jpg,,,,'tuple' object has no attribute 'shape'
id122_3238.jpg,28.0,"{'Woman': 15.316849946975708, 'Man': 84.68315005302429}",Man,
id122_3212.jpg,31.0,"{'Woman': 12.679032981395721, 'Man': 87.32097148895264}",Man,
id16_242.jpg,26.0,"{'Woman': 7.942493259906769, 'Man': 92.05750823020935}",Man,
id108_2731.jpg,33.0,"{'Woman': 1.5176101587712765, 'Man': 98.48239421844482}",Man,
id43_1161.jpg,39.0,"{'Woman': 7.239899039268494, 'Man': 92.76010394096375}",Man,
id63_1712.jpg,28.0,"{'Woman': 4.360249638557434, 'Man': 95.63974738121033}",Man,
id59_1575.jpg,,,,'tuple' object has no attribute 'shape'
id71_1860.jpg,,,,'tuple' object has no attribute 'shape'
id18_272.jpg,31.0,"{'Woman': 33.43696594238281, 'Man': 66.56303405761719}",Man,
id16_246.jpg,33.0,"{'Woman': 10.389113426208496, 'Man': 89.61089253425598}",Man,
id83_2162.jpg,35.0,"{'Woman': 9.346635639667511, 'Man': 90.65335988998413}",Man,
id4_19.jpg,31.0,"{'Woman': 29.054248332977295, 'Man': 70.9457516670227}",Man,
id27_534.jpg,32.0,"{'Woman': 93.7417209148407, 'Man': 6.258280575275421}",Woman,
id41_1397.jpg,35.0,"{'Woman': 47.873884439468384, 'Man': 52.126115560531616}",Man,
id41_1102.jpg,32.0,"{'Woman': 9.59780439734459, 'Man': 90.40219783782959}",Man,
id1_58.jpg,30.0,"{'Woman': 9.547025710344315, 'Man': 90.45297503471375}",Man,
id108_2752.jpg,29.0,"{'Woman': 3.9013508707284927, 'Man': 96.09864950180054}",Man,
id69_2006.jpg,27.0,"{'Woman': 17.65184998512268, 'Man': 82.34814405441284}",Man,
id78_2251.jpg,31.0,"{'Woman': 2.749956026673317, 'Man': 97.25004434585571}",Man,
id65_1817.jpg,28.0,"{'Woman': 3.1369272619485855, 'Man': 96.86307907104492}",Man,
id36_863.jpg,25.0,"{'Woman': 6.990066170692444, 'Man': 93.0099368095398}",Man,
id70_1840.jpg,28.0,"{'Woman': 2.393188700079918, 'Man': 97.60681390762329}",Man,
id41_1333.jpg,29.0,"{'Woman': 9.830759465694427, 'Man': 90.16924500465393}",Man,
id41_1406.jpg,32.0,"{'Woman': 4.012284427881241, 'Man': 95.98771333694458}",Man,
id1_273.jpg,24.0,"{'Woman': 21.587195992469788, 'Man': 78.41280102729797}",Man,
id59_1559.jpg,,,,'tuple' object has no attribute 'shape'
id18_676.jpg,29.0,"{'Woman': 11.699480563402176, 'Man': 88.30052614212036}",Man,
id130_3260.jpg,28.0,"{'Woman': 20.201073586940765, 'Man': 79.79892492294312}",Man,
id1_154.jpg,27.0,"{'Woman': 24.34106320142746, 'Man': 75.6589412689209}",Man,
id49_1302.jpg,24.0,"{'Woman': 5.748072266578674, 'Man': 94.25192475318909}",Man,
id79_2130.jpg,31.0,"{'Woman': 21.070337295532227, 'Man': 78.92966270446777}",Man,
id37_842.jpg,,,,'tuple' object has no attribute 'shape'
id36_842.jpg,34.0,"{'Woman': 43.48613917827606, 'Man': 56.51385188102722}",Man,
id45_1175.jpg,33.0,"{'Woman': 3.9079897105693817, 'Man': 96.09201550483704}",Man,
id83_2208.jpg,23.0,"{'Woman': 2.5007251650094986, 'Man': 97.49928116798401}",Man,
id48_1209.jpg,36.0,"{'Woman': 3.067724034190178, 'Man': 96.93227410316467}",Man,
id3_119.jpg,28.0,"{'Woman': 21.512973308563232, 'Man': 78.48702669143677}",Man,
id24_434.jpg,25.0,"{'Woman': 8.80652666091919, 'Man': 91.19347929954529}",Man,
id36_844.jpg,35.0,"{'Woman': 23.268626630306244, 'Man': 76.73137187957764}",Man,
id77_2232.jpg,28.0,"{'Woman': 1.6482958570122719, 'Man': 98.35171103477478}",Man,
id49_1250.jpg,31.0,"{'Woman': 0.7372815627604723, 'Man': 99.2627203464508}",Man,
id108_2700.jpg,35.0,"{'Woman': 5.385368689894676, 'Man': 94.6146309375763}",Man,
id122_3153.jpg,35.0,"{'Woman': 33.02590250968933, 'Man': 66.97410345077515}",Man,
id60_1570.jpg,28.0,"{'Woman': 1.481576357036829, 'Man': 98.51841926574707}",Man,
id77_2158.jpg,24.0,"{'Woman': 1.2129227630794048, 'Man': 98.78707528114319}",Man,
id93_2676.jpg,32.0,"{'Woman': 9.720222651958466, 'Man': 90.27977585792542}",Man,
id21_318.jpg,32.0,"{'Woman': 5.771267786622047, 'Man': 94.2287266254425}",Man,
id93_2456.jpg,31.0,"{'Woman': 61.9682252407074, 'Man': 38.031771779060364}",Woman,
id18_673.jpg,29.0,"{'Woman': 13.675586879253387, 'Man': 86.32441759109497}",Man,
id1_234.jpg,27.0,"{'Woman': 9.90217700600624, 'Man': 90.09782075881958}",Man,
id118_3003.jpg,,,,'tuple' object has no attribute 'shape'
id36_1386.jpg,30.0,"{'Woman': 74.41534399986267, 'Man': 25.584658980369568}",Woman,
id90_2576.jpg,30.0,"{'Woman': 1.6027387231588364, 'Man': 98.39726686477661}",Man,
id65_1820.jpg,27.0,"{'Woman': 7.27900043129921, 'Man': 92.72100329399109}",Man,
id1_83.jpg,31.0,"{'Woman': 23.463833332061768, 'Man': 76.53616666793823}",Man,
id60_1621.jpg,35.0,"{'Woman': 5.631905794143677, 'Man': 94.36809420585632}",Man,
id23_363.jpg,26.0,"{'Woman': 2.154631167650223, 'Man': 97.84536361694336}",Man,
id70_1844.jpg,32.0,"{'Woman': 46.60451114177704, 'Man': 53.3954918384552}",Man,
id121_3300.jpg,30.0,"{'Woman': 5.232136324048042, 'Man': 94.76786851882935}",Man,
id84_2182.jpg,31.0,"{'Woman': 9.198830276727676, 'Man': 90.80116748809814}",Man,
id61_1618.jpg,32.0,"{'Woman': 35.602691769599915, 'Man': 64.39731121063232}",Man,
id18_606.jpg,31.0,"{'Woman': 5.957916006445885, 'Man': 94.04208064079285}",Man,
id60_1564.jpg,29.0,"{'Woman': 2.4252254515886307, 'Man': 97.57477641105652}",Man,
id36_971.jpg,41.0,"{'Woman': 20.83553373813629, 'Man': 79.16446328163147}",Man,
id69_1989.jpg,31.0,"{'Woman': 26.948705315589905, 'Man': 73.05128574371338}",Man,
id37_818.jpg,29.0,"{'Woman': 87.20049858093262, 'Man': 12.799493968486786}",Woman,
id5_110.jpg,30.0,"{'Woman': 15.336114168167114, 'Man': 84.66388583183289}",Man,
id42_1221.jpg,32.0,"{'Woman': 7.600776106119156, 'Man': 92.39922761917114}",Man,
id65_1767.jpg,,,,'tuple' object has no attribute 'shape'
id37_853.jpg,,,,'tuple' object has no attribute 'shape'
id45_1102.jpg,,,,'tuple' object has no attribute 'shape'
id93_2473.jpg,37.0,"{'Woman': 11.49522215127945, 'Man': 88.50477933883667}",Man,
id93_2575.jpg,25.0,"{'Woman': 6.4262755215168, 'Man': 93.57371926307678}",Man,
id36_990.jpg,32.0,"{'Woman': 9.828085452318192, 'Man': 90.17190933227539}",Man,
id54_1534.jpg,31.0,"{'Woman': 12.088336795568466, 'Man': 87.91165947914124}",Man,
id125_3235.jpg,30.0,"{'Woman': 15.375679731369019, 'Man': 84.6243143081665}",Man,
id122_3226.jpg,27.0,"{'Woman': 24.17847067117691, 'Man': 75.82153081893921}",Man,
id92_2396.jpg,35.0,"{'Woman': 17.19014197587967, 'Man': 82.80985951423645}",Man,
id85_2183.jpg,29.0,"{'Woman': 6.630685925483704, 'Man': 93.36931109428406}",Man,
id45_1070.jpg,33.0,"{'Woman': 2.758007124066353, 'Man': 97.24199771881104}",Man,
id116_3166.jpg,32.0,"{'Woman': 11.566553264856339, 'Man': 88.43345046043396}",Man,
id115_3022.jpg,,,,'tuple' object has no attribute 'shape'
id36_1410.jpg,,,,'tuple' object has no attribute 'shape'
id49_1217.jpg,,,,'tuple' object has no attribute 'shape'
id121_3282.jpg,25.0,"{'Woman': 11.918460577726364, 'Man': 88.08154463768005}",Man,
id41_1290.jpg,28.0,"{'Woman': 13.877910375595093, 'Man': 86.12209558486938}",Man,
id119_3158.jpg,26.0,"{'Woman': 2.0112665370106697, 'Man': 97.98873662948608}",Man,
id124_3250.jpg,,,,'tuple' object has no attribute 'shape'
id16_262.jpg,,,,'tuple' object has no attribute 'shape'
id24_410.jpg,28.0,"{'Woman': 12.0221346616745, 'Man': 87.97786831855774}",Man,
id18_990.jpg,30.0,"{'Woman': 9.071357548236847, 'Man': 90.9286379814148}",Man,
id110_2785.jpg,26.0,"{'Woman': 10.234101861715317, 'Man': 89.76590037345886}",Man,
id3_165.jpg,27.0,"{'Woman': 20.533177256584167, 'Man': 79.4668197631836}",Man,
id42_939.jpg,38.0,"{'Woman': 31.074926257133484, 'Man': 68.92507672309875}",Man,
id36_1422.jpg,28.0,"{'Woman': 24.32829439640045, 'Man': 75.67170262336731}",Man,
id36_1447.jpg,28.0,"{'Woman': 31.701362133026123, 'Man': 68.29863786697388}",Man,
id83_2224.jpg,32.0,"{'Woman': 27.13673710823059, 'Man': 72.86326885223389}",Man,
id1_191.jpg,27.0,"{'Woman': 50.74045658111572, 'Man': 49.25954341888428}",Woman,
id67_1785.jpg,25.0,"{'Woman': 4.709571972489357, 'Man': 95.29042840003967}",Man,
id42_1048.jpg,31.0,"{'Woman': 18.40766966342926, 'Man': 81.59233331680298}",Man,
id1_71.jpg,30.0,"{'Woman': 27.354422211647034, 'Man': 72.6455807685852}",Man,
id90_2427.jpg,31.0,"{'Woman': 5.6732140481472015, 'Man': 94.3267822265625}",Man,
id49_1238.jpg,30.0,"{'Woman': 1.3861360028386116, 'Man': 98.6138641834259}",Man,
id88_2421.jpg,28.0,"{'Woman': 0.4466674756258726, 'Man': 99.55333471298218}",Man,
id18_381.jpg,27.0,"{'Woman': 4.036049917340279, 'Man': 95.96394896507263}",Man,
id48_1200.jpg,32.0,"{'Woman': 7.444271445274353, 'Man': 92.55573153495789}",Man,
id3_107.jpg,24.0,"{'Woman': 7.983282208442688, 'Man': 92.01671481132507}",Man,
id124_3256.jpg,,,,'tuple' object has no attribute 'shape'
id79_2079.jpg,31.0,"{'Woman': 6.065212190151215, 'Man': 93.93479228019714}",Man,
id1_14.jpg,32.0,"{'Woman': 1.7380265519022942, 'Man': 98.26197624206543}",Man,
id128_3245.jpg,22.0,"{'Woman': 1.0223934426903725, 'Man': 98.97761344909668}",Man,
id103_2660.jpg,37.0,"{'Woman': 6.529180705547333, 'Man': 93.47082376480103}",Man,
id18_732.jpg,38.0,"{'Woman': 4.797938093543053, 'Man': 95.20206451416016}",Man,
id59_1573.jpg,,,,'tuple' object has no attribute 'shape'
id18_414.jpg,25.0,"{'Woman': 20.62980681657791, 'Man': 79.37019467353821}",Man,
id47_1209.jpg,28.0,"{'Woman': 8.323552459478378, 'Man': 91.6764497756958}",Man,
id109_2692.jpg,28.0,"{'Woman': 13.412487506866455, 'Man': 86.58751249313354}",Man,
id27_415.jpg,28.0,"{'Woman': 59.881389141082764, 'Man': 40.11860489845276}",Woman,
id90_2456.jpg,35.0,"{'Woman': 9.45824682712555, 'Man': 90.54175019264221}",Man,
id41_1095.jpg,,,,'tuple' object has no attribute 'shape'
id37_824.jpg,37.0,"{'Woman': 96.78744077682495, 'Man': 3.2125644385814667}",Woman,
id18_558.jpg,25.0,"{'Woman': 5.646561831235886, 'Man': 94.35344338417053}",Man,
id122_3181.jpg,31.0,"{'Woman': 90.39919972419739, 'Man': 9.600802510976791}",Woman,
id54_1552.jpg,26.0,"{'Woman': 2.6726698502898216, 'Man': 97.32733368873596}",Man,
id65_1869.jpg,28.0,"{'Woman': 8.53007435798645, 'Man': 91.46992564201355}",Man,
id91_2417.jpg,,,,'tuple' object has no attribute 'shape'
id36_1421.jpg,,,,'tuple' object has no attribute 'shape'
id3_18.jpg,27.0,"{'Woman': 6.39592707157135, 'Man': 93.60407590866089}",Man,
id24_378.jpg,24.0,"{'Woman': 4.339589923620224, 'Man': 95.66041231155396}",Man,
id91_2413.jpg,38.0,"{'Woman': 31.70088827610016, 'Man': 68.2991087436676}",Man,
id30_410.jpg,27.0,"{'Woman': 18.88658255338669, 'Man': 81.11340999603271}",Man,
id44_1063.jpg,40.0,"{'Woman': 2.653646096587181, 'Man': 97.34635353088379}",Man,
id24_427.jpg,24.0,"{'Woman': 13.533036410808563, 'Man': 86.46696209907532}",Man,
id46_1467.jpg,33.0,"{'Woman': 14.913879334926605, 'Man': 85.08611917495728}",Man,
id122_3173.jpg,26.0,"{'Woman': 16.437891125679016, 'Man': 83.56211185455322}",Man,
id18_735.jpg,35.0,"{'Woman': 4.353582113981247, 'Man': 95.6464171409607}",Man,
id42_942.jpg,29.0,"{'Woman': 18.987202644348145, 'Man': 81.01279735565186}",Man,
id90_2386.jpg,36.0,"{'Woman': 17.73599535226822, 'Man': 82.2640061378479}",Man,
id91_2389.jpg,33.0,"{'Woman': 25.465503334999084, 'Man': 74.53449964523315}",Man,
id115_2973.jpg,31.0,"{'Woman': 18.00042986869812, 'Man': 81.9995641708374}",Man,
id93_2485.jpg,33.0,"{'Woman': 40.33144414424896, 'Man': 59.668558835983276}",Man,
id109_2730.jpg,29.0,"{'Woman': 7.098632305860519, 'Man': 92.90136694908142}",Man,
id41_1125.jpg,35.0,"{'Woman': 17.39099621772766, 'Man': 82.60900378227234}",Man,
id115_2849.jpg,32.0,"{'Woman': 12.077899277210236, 'Man': 87.92210221290588}",Man,
id46_1371.jpg,23.0,"{'Woman': 93.40441823005676, 'Man': 6.595583260059357}",Woman,
id65_1681.jpg,39.0,"{'Woman': 46.90346419811249, 'Man': 53.09654474258423}",Man,
id85_2190.jpg,26.0,"{'Woman': 1.1220072396099567, 'Man': 98.87799024581909}",Man,
id42_983.jpg,32.0,"{'Woman': 11.565814167261124, 'Man': 88.43418955802917}",Man,
id63_1763.jpg,26.0,"{'Woman': 7.7917516231536865, 'Man': 92.20825433731079}",Man,
id36_880.jpg,,,,'tuple' object has no attribute 'shape'
id14_187.jpg,34.0,"{'Woman': 16.398601233959198, 'Man': 83.60140323638916}",Man,
id118_3016.jpg,29.0,"{'Woman': 61.84114217758179, 'Man': 38.15885782241821}",Woman,
id126_3225.jpg,37.0,"{'Woman': 14.673039317131042, 'Man': 85.3269636631012}",Man,
id85_2189.jpg,30.0,"{'Woman': 1.2790885753929615, 'Man': 98.72090816497803}",Man,
id59_1541.jpg,34.0,"{'Woman': 71.41059637069702, 'Man': 28.5893976688385}",Woman,
id36_966.jpg,36.0,"{'Woman': 11.63821890950203, 'Man': 88.36178183555603}",Man,
id36_905.jpg,,,,'tuple' object has no attribute 'shape'
id59_1617.jpg,34.0,"{'Woman': 75.3475546836853, 'Man': 24.652451276779175}",Woman,
id47_1250.jpg,27.0,"{'Woman': 9.739143401384354, 'Man': 90.26086330413818}",Man,
id119_3215.jpg,27.0,"{'Woman': 14.277252554893494, 'Man': 85.72273850440979}",Man,
id43_1187.jpg,32.0,"{'Woman': 13.253620266914368, 'Man': 86.74638867378235}",Man,
id130_3280.jpg,28.0,"{'Woman': 96.45993113517761, 'Man': 3.540072590112686}",Woman,
id36_1357.jpg,34.0,"{'Woman': 57.83172249794006, 'Man': 42.16827750205994}",Woman,
id106_2703.jpg,31.0,"{'Woman': 1.0822582058608532, 'Man': 98.9177405834198}",Man,
id91_2402.jpg,30.0,"{'Woman': 23.493781685829163, 'Man': 76.5062153339386}",Man,
id109_2713.jpg,28.0,"{'Woman': 7.42478221654892, 'Man': 92.57521629333496}",Man,
id24_446.jpg,23.0,"{'Woman': 9.878099709749222, 'Man': 90.12190103530884}",Man,
id36_890.jpg,,,,'tuple' object has no attribute 'shape'
id77_2063.jpg,28.0,"{'Woman': 2.456185407936573, 'Man': 97.5438117980957}",Man,
id54_1540.jpg,27.0,"{'Woman': 3.9283812046051025, 'Man': 96.07162475585938}",Man,
id37_871.jpg,34.0,"{'Woman': 83.93417596817017, 'Man': 16.065825521945953}",Woman,
id62_1728.jpg,32.0,"{'Woman': 4.566580057144165, 'Man': 95.43341994285583}",Man,
id1_261.jpg,29.0,"{'Woman': 32.984551787376404, 'Man': 67.01545119285583}",Man,
id59_1534.jpg,33.0,"{'Woman': 90.8891499042511, 'Man': 9.110844880342484}",Woman,
id42_1000.jpg,36.0,"{'Woman': 31.454998254776, 'Man': 68.545001745224}",Man,
id36_1426.jpg,29.0,"{'Woman': 22.839686274528503, 'Man': 77.16031670570374}",Man,
id44_1131.jpg,24.0,"{'Woman': 10.328059643507004, 'Man': 89.67193961143494}",Man,
id90_2401.jpg,34.0,"{'Woman': 11.513356864452362, 'Man': 88.48664164543152}",Man,
id1_170.jpg,26.0,"{'Woman': 22.091631591320038, 'Man': 77.90837287902832}",Man,
id36_1349.jpg,36.0,"{'Woman': 78.40442061424255, 'Man': 21.595583856105804}",Woman,
id69_1991.jpg,30.0,"{'Woman': 3.3137455582618713, 'Man': 96.68625593185425}",Man,
id18_551.jpg,33.0,"{'Woman': 84.357088804245, 'Man': 15.642908215522766}",Woman,
id79_2152.jpg,27.0,"{'Woman': 3.0173424631357193, 'Man': 96.98265790939331}",Man,
id78_2110.jpg,29.0,"{'Woman': 14.981791377067566, 'Man': 85.0182056427002}",Man,
id18_648.jpg,35.0,"{'Woman': 40.38255512714386, 'Man': 59.61744785308838}",Man,
id41_1013.jpg,28.0,"{'Woman': 19.2208930850029, 'Man': 80.77910542488098}",Man,
id113_2968.jpg,31.0,"{'Woman': 12.903565168380737, 'Man': 87.09643483161926}",Man,
id25_393.jpg,27.0,"{'Woman': 33.40978026390076, 'Man': 66.59021973609924}",Man,
id105_2762.jpg,31.0,"{'Woman': 16.38907641172409, 'Man': 83.61092209815979}",Man,
id93_2684.jpg,36.0,"{'Woman': 26.28006637096405, 'Man': 73.71993660926819}",Man,
id119_3214.jpg,26.0,"{'Woman': 23.483906686306, 'Man': 76.51609778404236}",Man,
id124_3272.jpg,,,,'tuple' object has no attribute 'shape'
id26_384.jpg,25.0,"{'Woman': 4.245375841856003, 'Man': 95.75462937355042}",Man,
id44_1022.jpg,31.0,"{'Woman': 3.9942268282175064, 'Man': 96.00577354431152}",Man,
id49_1291.jpg,23.0,"{'Woman': 2.1618857979774475, 'Man': 97.83811569213867}",Man,
id121_3262.jpg,27.0,"{'Woman': 7.946061342954636, 'Man': 92.05393195152283}",Man,
id36_1351.jpg,36.0,"{'Woman': 30.332058668136597, 'Man': 69.6679413318634}",Man,
id42_1138.jpg,,,,'tuple' object has no attribute 'shape'
id49_1252.jpg,25.0,"{'Woman': 7.582288980484009, 'Man': 92.41771101951599}",Man,
id55_1537.jpg,29.0,"{'Woman': 1.9797591492533684, 'Man': 98.02023768424988}",Man,
id63_1680.jpg,26.0,"{'Woman': 5.755852535367012, 'Man': 94.24414038658142}",Man,
id5_120.jpg,29.0,"{'Woman': 8.013490587472916, 'Man': 91.98651313781738}",Man,
id69_1990.jpg,28.0,"{'Woman': 10.851599276065826, 'Man': 89.1484022140503}",Man,
id124_3278.jpg,,,,'tuple' object has no attribute 'shape'
id1_74.jpg,30.0,"{'Woman': 21.32968157529831, 'Man': 78.67031693458557}",Man,
id78_2368.jpg,35.0,"{'Woman': 11.711496859788895, 'Man': 88.28849792480469}",Man,
id47_1237.jpg,31.0,"{'Woman': 10.927218943834305, 'Man': 89.07278180122375}",Man,
id96_2557.jpg,30.0,"{'Woman': 21.953444182872772, 'Man': 78.04656028747559}",Man,
id121_3238.jpg,24.0,"{'Woman': 6.792419403791428, 'Man': 93.20758581161499}",Man,
id36_1425.jpg,29.0,"{'Woman': 22.330164909362793, 'Man': 77.6698350906372}",Man,
id94_2439.jpg,27.0,"{'Woman': 9.526342898607254, 'Man': 90.4736578464508}",Man,
id65_1811.jpg,33.0,"{'Woman': 15.102480351924896, 'Man': 84.8975121974945}",Man,
id77_2094.jpg,28.0,"{'Woman': 2.5037575513124466, 'Man': 97.49624133110046}",Man,
id40_1141.jpg,34.0,"{'Woman': 13.949064910411835, 'Man': 86.05093359947205}",Man,
id16_293.jpg,26.0,"{'Woman': 18.875505030155182, 'Man': 81.12449645996094}",Man,
id72_1882.jpg,31.0,"{'Woman': 6.750696152448654, 'Man': 93.24929714202881}",Man,
id25_479.jpg,30.0,"{'Woman': 4.986061900854111, 'Man': 95.01394033432007}",Man,
id16_229.jpg,25.0,"{'Woman': 6.3567154109478, 'Man': 93.64328980445862}",Man,
id115_3032.jpg,31.0,"{'Woman': 44.22086179256439, 'Man': 55.77914118766785}",Man,
id18_700.jpg,30.0,"{'Woman': 8.857319504022598, 'Man': 91.14267826080322}",Man,
id119_3192.jpg,29.0,"{'Woman': 54.8015296459198, 'Man': 45.19847631454468}",Woman,
id36_797.jpg,,,,'tuple' object has no attribute 'shape'
id122_3225.jpg,,,,'tuple' object has no attribute 'shape'
id18_547.jpg,34.0,"{'Woman': 27.589085698127747, 'Man': 72.41091728210449}",Man,
id69_2004.jpg,22.0,"{'Woman': 42.0579195022583, 'Man': 57.94207453727722}",Man,
id49_1284.jpg,30.0,"{'Woman': 7.46082216501236, 'Man': 92.53917932510376}",Man,
id93_2709.jpg,32.0,"{'Woman': 47.08285629749298, 'Man': 52.91714668273926}",Man,
id23_346.jpg,27.0,"{'Woman': 0.6992177572101355, 'Man': 99.30077791213989}",Man,
id18_413.jpg,27.0,"{'Woman': 10.952810943126678, 'Man': 89.04719352722168}",Man,
id63_1702.jpg,30.0,"{'Woman': 7.350236922502518, 'Man': 92.64976382255554}",Man,
id25_513.jpg,32.0,"{'Woman': 27.90427803993225, 'Man': 72.09572792053223}",Man,
id27_530.jpg,24.0,"{'Woman': 27.917608618736267, 'Man': 72.0823884010315}",Man,
id94_2655.jpg,28.0,"{'Woman': 1.2795011512935162, 'Man': 98.72050285339355}",Man,
id119_3087.jpg,27.0,"{'Woman': 7.146149128675461, 'Man': 92.85385012626648}",Man,
id41_953.jpg,28.0,"{'Woman': 5.419017747044563, 'Man': 94.58098411560059}",Man,
id123_3186.jpg,36.0,"{'Woman': 7.5144171714782715, 'Man': 92.48558282852173}",Man,
id62_1696.jpg,31.0,"{'Woman': 23.039132356643677, 'Man': 76.96086168289185}",Man,
id3_68.jpg,30.0,"{'Woman': 0.8810806088149548, 'Man': 99.11892414093018}",Man,
id135_3320.jpg,30.0,"{'Woman': 21.166852116584778, 'Man': 78.83315086364746}",Man,
id83_2248.jpg,,,,'tuple' object has no attribute 'shape'
id16_267.jpg,,,,'tuple' object has no attribute 'shape'
id92_2404.jpg,34.0,"{'Woman': 15.302695333957672, 'Man': 84.69730019569397}",Man,
id77_2135.jpg,34.0,"{'Woman': 2.4909209460020065, 'Man': 97.50908613204956}",Man,
id42_1013.jpg,39.0,"{'Woman': 6.989821046590805, 'Man': 93.01018118858337}",Man,
id76_1974.jpg,33.0,"{'Woman': 10.427390784025192, 'Man': 89.57260847091675}",Man,
id1_319.jpg,29.0,"{'Woman': 1.118471659719944, 'Man': 98.88153672218323}",Man,
id24_548.jpg,29.0,"{'Woman': 8.652705699205399, 'Man': 91.34728908538818}",Man,
id63_1706.jpg,23.0,"{'Woman': 3.266049548983574, 'Man': 96.733957529068}",Man,
id113_2950.jpg,28.0,"{'Woman': 13.601134717464447, 'Man': 86.39886379241943}",Man,
id106_2887.jpg,28.0,"{'Woman': 23.42728227376938, 'Man': 76.57271027565002}",Man,
id18_739.jpg,31.0,"{'Woman': 7.674618065357208, 'Man': 92.32537746429443}",Man,
id8_118.jpg,36.0,"{'Woman': 72.979336977005, 'Man': 27.020663022994995}",Woman,
id24_385.jpg,24.0,"{'Woman': 14.590255916118622, 'Man': 85.40973663330078}",Man,
id122_3217.jpg,,,,'tuple' object has no attribute 'shape'
id8_108.jpg,27.0,"{'Woman': 85.47821640968323, 'Man': 14.521785080432892}",Woman,
id46_1301.jpg,29.0,"{'Woman': 31.82397484779358, 'Man': 68.17602515220642}",Man,
id102_2668.jpg,26.0,"{'Woman': 26.181122660636902, 'Man': 73.81887435913086}",Man,
id2_25.jpg,,,,'tuple' object has no attribute 'shape'
id25_604.jpg,31.0,"{'Woman': 9.592895209789276, 'Man': 90.40710926055908}",Man,
id46_1295.jpg,31.0,"{'Woman': 20.893777906894684, 'Man': 79.10622358322144}",Man,
id24_615.jpg,30.0,"{'Woman': 19.884110987186432, 'Man': 80.11589050292969}",Man,
id5_165.jpg,38.0,"{'Woman': 3.861064836382866, 'Man': 96.1389422416687}",Man,
id36_1286.jpg,32.0,"{'Woman': 11.718618124723434, 'Man': 88.2813811302185}",Man,
id115_3044.jpg,29.0,"{'Woman': 30.125918984413147, 'Man': 69.87407803535461}",Man,
id62_1721.jpg,29.0,"{'Woman': 23.116417229175568, 'Man': 76.88358426094055}",Man,
id109_2718.jpg,28.0,"{'Woman': 6.54379203915596, 'Man': 93.4562087059021}",Man,
id48_1229.jpg,30.0,"{'Woman': 8.374188840389252, 'Man': 91.6258156299591}",Man,
id121_3230.jpg,27.0,"{'Woman': 7.76623860001564, 'Man': 92.23375916481018}",Man,
id77_2073.jpg,26.0,"{'Woman': 1.2069144286215305, 'Man': 98.79308938980103}",Man,
id15_209.jpg,31.0,"{'Woman': 25.60482919216156, 'Man': 74.39517378807068}",Man,
id37_841.jpg,,,,'tuple' object has no attribute 'shape'
id31_696.jpg,33.0,"{'Woman': 9.481015056371689, 'Man': 90.51898717880249}",Man,
id2_23.jpg,35.0,"{'Woman': 9.23895388841629, 'Man': 90.76104760169983}",Man,
id3_149.jpg,25.0,"{'Woman': 54.820817708969116, 'Man': 45.179179310798645}",Woman,
id61_1612.jpg,33.0,"{'Woman': 12.649314105510712, 'Man': 87.35069036483765}",Man,
id47_1221.jpg,33.0,"{'Woman': 13.191395998001099, 'Man': 86.8086040019989}",Man,
id11_175.jpg,31.0,"{'Woman': 21.981914341449738, 'Man': 78.0180811882019}",Man,
id49_1321.jpg,28.0,"{'Woman': 2.9434680938720703, 'Man': 97.05653786659241}",Man,
id41_950.jpg,27.0,"{'Woman': 9.272058308124542, 'Man': 90.7279372215271}",Man,
id72_1893.jpg,31.0,"{'Woman': 1.2958915904164314, 'Man': 98.70411157608032}",Man,
id126_3211.jpg,41.0,"{'Woman': 17.84745901823044, 'Man': 82.15254545211792}",Man,
id108_2845.jpg,22.0,"{'Woman': 2.439204789698124, 'Man': 97.56079912185669}",Man,
id43_1009.jpg,33.0,"{'Woman': 10.72554886341095, 'Man': 89.27445411682129}",Man,
id36_1307.jpg,28.0,"{'Woman': 5.5921390652656555, 'Man': 94.40786242485046}",Man,
id77_2031.jpg,30.0,"{'Woman': 1.088519673794508, 'Man': 98.9114761352539}",Man,
id42_1001.jpg,36.0,"{'Woman': 31.174147129058838, 'Man': 68.82585287094116}",Man,
id121_3323.jpg,,,,'tuple' object has no attribute 'shape'
id49_1319.jpg,32.0,"{'Woman': 2.294505387544632, 'Man': 97.70549535751343}",Man,
id16_285.jpg,26.0,"{'Woman': 8.383312076330185, 'Man': 91.61668419837952}",Man,
id69_1984.jpg,30.0,"{'Woman': 55.8602511882782, 'Man': 44.1397488117218}",Woman,
id108_2686.jpg,26.0,"{'Woman': 4.359302297234535, 'Man': 95.64069509506226}",Man,
id41_1448.jpg,29.0,"{'Woman': 64.27282094955444, 'Man': 35.72717607021332}",Woman,
id24_388.jpg,24.0,"{'Woman': 11.862857639789581, 'Man': 88.13714385032654}",Man,
id16_291.jpg,26.0,"{'Woman': 19.221332669258118, 'Man': 80.77867031097412}",Man,
id36_932.jpg,34.0,"{'Woman': 19.991566240787506, 'Man': 80.00842928886414}",Man,
id115_2939.jpg,33.0,"{'Woman': 21.751531958580017, 'Man': 78.24846506118774}",Man,
id91_2420.jpg,39.0,"{'Woman': 5.655242502689362, 'Man': 94.34476494789124}",Man,
id23_328.jpg,26.0,"{'Woman': 0.7997697219252586, 'Man': 99.20023679733276}",Man,
id18_368.jpg,26.0,"{'Woman': 1.435697078704834, 'Man': 98.56430888175964}",Man,
id23_358.jpg,34.0,"{'Woman': 0.5975428503006697, 'Man': 99.40245747566223}",Man,
id41_1446.jpg,,,,'tuple' object has no attribute 'shape'
id8_129.jpg,29.0,"{'Woman': 68.6208963394165, 'Man': 31.379106640815735}",Woman,
id3_153.jpg,25.0,"{'Woman': 54.10950183868408, 'Man': 45.89049816131592}",Woman,
id55_1753.jpg,34.0,"{'Woman': 15.69051593542099, 'Man': 84.30948257446289}",Man,
id115_2978.jpg,30.0,"{'Woman': 19.503575563430786, 'Man': 80.49642443656921}",Man,
id18_542.jpg,28.0,"{'Woman': 30.753779411315918, 'Man': 69.24622058868408}",Man,
id90_2373.jpg,29.0,"{'Woman': 87.98896074295044, 'Man': 12.0110385119915}",Woman,
id42_1058.jpg,39.0,"{'Woman': 5.4506223648786545, 'Man': 94.5493757724762}",Man,
id115_2903.jpg,25.0,"{'Woman': 3.1875744462013245, 'Man': 96.8124270439148}",Man,
id118_3018.jpg,31.0,"{'Woman': 45.31683921813965, 'Man': 54.683154821395874}",Man,
id3_41.jpg,27.0,"{'Woman': 5.671590939164162, 'Man': 94.32840347290039}",Man,
id45_1205.jpg,26.0,"{'Woman': 6.509312242269516, 'Man': 93.49068403244019}",Man,
id127_3224.jpg,40.0,"{'Woman': 92.50107407569885, 'Man': 7.49892070889473}",Woman,
id55_1515.jpg,26.0,"{'Woman': 1.3114056549966335, 'Man': 98.68860244750977}",Man,
id93_2452.jpg,27.0,"{'Woman': 39.18757736682892, 'Man': 60.81242561340332}",Man,
id24_462.jpg,23.0,"{'Woman': 13.567686080932617, 'Man': 86.43231391906738}",Man,
id24_475.jpg,28.0,"{'Woman': 7.865025103092194, 'Man': 92.13497042655945}",Man,
id43_1202.jpg,29.0,"{'Woman': 8.11186134815216, 'Man': 91.88814163208008}",Man,
id20_370.jpg,29.0,"{'Woman': 7.391614466905594, 'Man': 92.60838031768799}",Man,
id96_2493.jpg,33.0,"{'Woman': 70.58602571487427, 'Man': 29.413968324661255}",Woman,
id45_1113.jpg,35.0,"{'Woman': 3.2116904854774475, 'Man': 96.78831100463867}",Man,
id79_2140.jpg,33.0,"{'Woman': 11.351987719535828, 'Man': 88.64800930023193}",Man,
id94_2542.jpg,28.0,"{'Woman': 7.195936888456345, 'Man': 92.80406832695007}",Man,
id59_1577.jpg,30.0,"{'Woman': 58.57590436935425, 'Man': 41.42409563064575}",Woman,
id79_2018.jpg,31.0,"{'Woman': 12.617550790309906, 'Man': 87.38245368003845}",Man,
id77_2075.jpg,29.0,"{'Woman': 1.9474085420370102, 'Man': 98.05259108543396}",Man,
id3_25.jpg,24.0,"{'Woman': 7.864949852228165, 'Man': 92.13504791259766}",Man,
id57_1525.jpg,29.0,"{'Woman': 9.92557480931282, 'Man': 90.07442593574524}",Man,
id55_1524.jpg,32.0,"{'Woman': 5.655569210648537, 'Man': 94.3444311618805}",Man,
id127_3230.jpg,29.0,"{'Woman': 97.26226925849915, 'Man': 2.737726829946041}",Woman,
id79_2050.jpg,28.0,"{'Woman': 7.5211018323898315, 'Man': 92.47889518737793}",Man,
id83_2207.jpg,23.0,"{'Woman': 2.5700708851218224, 'Man': 97.42993116378784}",Man,
id81_2147.jpg,35.0,"{'Woman': 8.706888556480408, 'Man': 91.29310846328735}",Man,
id78_2179.jpg,32.0,"{'Woman': 7.580956071615219, 'Man': 92.41904616355896}",Man,
id27_459.jpg,26.0,"{'Woman': 2.3672835901379585, 'Man': 97.63271808624268}",Man,
id25_422.jpg,33.0,"{'Woman': 16.89135730266571, 'Man': 83.10863971710205}",Man,
id24_456.jpg,,,,'tuple' object has no attribute 'shape'
id121_3303.jpg,28.0,"{'Woman': 6.516022980213165, 'Man': 93.48397850990295}",Man,
id41_1053.jpg,30.0,"{'Woman': 23.11609834432602, 'Man': 76.88390016555786}",Man,
id119_3101.jpg,31.0,"{'Woman': 6.951675564050674, 'Man': 93.04832816123962}",Man,
id76_1972.jpg,27.0,"{'Woman': 5.711506679654121, 'Man': 94.28849816322327}",Man,
id93_2468.jpg,34.0,"{'Woman': 76.62606239318848, 'Man': 23.373943567276}",Woman,
id10_192.jpg,21.0,"{'Woman': 3.0356965959072113, 'Man': 96.96430563926697}",Man,
id20_336.jpg,27.0,"{'Woman': 22.648753225803375, 'Man': 77.35124826431274}",Man,
id36_760.jpg,24.0,"{'Woman': 3.657461702823639, 'Man': 96.342533826828}",Man,
id55_1535.jpg,34.0,"{'Woman': 0.7737137842923403, 'Man': 99.22628402709961}",Man,
id41_1127.jpg,38.0,"{'Woman': 18.606773018836975, 'Man': 81.39323592185974}",Man,
id63_1778.jpg,27.0,"{'Woman': 13.83155882358551, 'Man': 86.16843819618225}",Man,
id65_1700.jpg,33.0,"{'Woman': 39.5531952381134, 'Man': 60.4468047618866}",Man,
id123_3267.jpg,25.0,"{'Woman': 23.8832488656044, 'Man': 76.11675262451172}",Man,
id24_474.jpg,28.0,"{'Woman': 10.66274419426918, 'Man': 89.33725953102112}",Man,
id130_3289.jpg,28.0,"{'Woman': 97.83579111099243, 'Man': 2.164204604923725}",Woman,
id90_2450.jpg,32.0,"{'Woman': 6.5986268222332, 'Man': 93.40137243270874}",Man,
id90_2458.jpg,36.0,"{'Woman': 6.519749015569687, 'Man': 93.48024725914001}",Man,
id93_2740.jpg,29.0,"{'Woman': 12.287843227386475, 'Man': 87.71215677261353}",Man,
id23_361.jpg,34.0,"{'Woman': 4.416860640048981, 'Man': 95.58314085006714}",Man,
id34_801.jpg,26.0,"{'Woman': 21.56682461500168, 'Man': 78.43316793441772}",Man,
id36_913.jpg,27.0,"{'Woman': 13.257449865341187, 'Man': 86.74254417419434}",Man,
id83_2292.jpg,32.0,"{'Woman': 26.248162984848022, 'Man': 73.75183701515198}",Man,
id70_1859.jpg,31.0,"{'Woman': 51.551467180252075, 'Man': 48.448529839515686}",Woman,
id18_686.jpg,,,,'tuple' object has no attribute 'shape'
id42_1046.jpg,33.0,"{'Woman': 20.84546685218811, 'Man': 79.15453314781189}",Man,
id43_1196.jpg,30.0,"{'Woman': 7.7325597405433655, 'Man': 92.26744174957275}",Man,
id77_2019.jpg,26.0,"{'Woman': 1.9664984196424484, 'Man': 98.0334997177124}",Man,
id18_593.jpg,36.0,"{'Woman': 10.538585484027863, 'Man': 89.46141600608826}",Man,
id127_3243.jpg,29.0,"{'Woman': 86.7857813835144, 'Man': 13.214211165904999}",Woman,
id54_1522.jpg,29.0,"{'Woman': 23.52546751499176, 'Man': 76.47453546524048}",Man,
id36_884.jpg,28.0,"{'Woman': 14.124560356140137, 'Man': 85.87543368339539}",Man,
id77_2071.jpg,27.0,"{'Woman': 2.2855961695313454, 'Man': 97.71440625190735}",Man,
id119_3219.jpg,30.0,"{'Woman': 12.720488011837006, 'Man': 87.27951645851135}",Man,
id85_2170.jpg,30.0,"{'Woman': 6.699471175670624, 'Man': 93.30053329467773}",Man,
id20_417.jpg,33.0,"{'Woman': 3.2142065465450287, 'Man': 96.78579568862915}",Man,
id112_2812.jpg,29.0,"{'Woman': 11.129364371299744, 'Man': 88.8706386089325}",Man,
id3_27.jpg,24.0,"{'Woman': 8.423544466495514, 'Man': 91.57645106315613}",Man,
id1_174.jpg,29.0,"{'Woman': 17.522266507148743, 'Man': 82.47773051261902}",Man,
id36_896.jpg,28.0,"{'Woman': 22.91645109653473, 'Man': 77.08355188369751}",Man,
id84_2263.jpg,26.0,"{'Woman': 18.626803159713745, 'Man': 81.37319684028625}",Man,
id78_2164.jpg,34.0,"{'Woman': 18.95635724067688, 'Man': 81.04364275932312}",Man,
id44_1067.jpg,36.0,"{'Woman': 3.3728379756212234, 'Man': 96.62716388702393}",Man,
id25_795.jpg,29.0,"{'Woman': 19.087141752243042, 'Man': 80.91285824775696}",Man,
id42_1019.jpg,36.0,"{'Woman': 31.537219882011414, 'Man': 68.46278309822083}",Man,
id47_1155.jpg,29.0,"{'Woman': 6.146819889545441, 'Man': 93.8531756401062}",Man,
id30_494.jpg,25.0,"{'Woman': 55.55053949356079, 'Man': 44.44945752620697}",Woman,
id93_2578.jpg,29.0,"{'Woman': 16.756340861320496, 'Man': 83.24365615844727}",Man,
id124_3271.jpg,,,,'tuple' object has no attribute 'shape'
id77_2222.jpg,31.0,"{'Woman': 8.922148495912552, 'Man': 91.07785224914551}",Man,
id25_598.jpg,42.0,"{'Woman': 11.254145950078964, 'Man': 88.74585628509521}",Man,
id110_2732.jpg,22.0,"{'Woman': 0.2615503268316388, 'Man': 99.73844885826111}",Man,
id121_3179.jpg,29.0,"{'Woman': 40.58293700218201, 'Man': 59.41706299781799}",Man,
id78_2030.jpg,26.0,"{'Woman': 24.138866364955902, 'Man': 75.86113214492798}",Man,
id121_3295.jpg,,,,'tuple' object has no attribute 'shape'
id94_2451.jpg,28.0,"{'Woman': 10.158701241016388, 'Man': 89.84130024909973}",Man,
id117_3009.jpg,27.0,"{'Woman': 2.777339704334736, 'Man': 97.22265601158142}",Man,
id3_71.jpg,24.0,"{'Woman': 6.829238682985306, 'Man': 93.17076206207275}",Man,
id122_3227.jpg,27.0,"{'Woman': 20.117203891277313, 'Man': 79.88280057907104}",Man,
id83_2266.jpg,33.0,"{'Woman': 21.033456921577454, 'Man': 78.96654605865479}",Man,
id73_1886.jpg,31.0,"{'Woman': 2.23208237439394, 'Man': 97.76792526245117}",Man,
id41_977.jpg,,,,'tuple' object has no attribute 'shape'
id55_1522.jpg,29.0,"{'Woman': 4.089374467730522, 'Man': 95.91062664985657}",Man,
id57_1584.jpg,25.0,"{'Woman': 13.032405078411102, 'Man': 86.96759343147278}",Man,
id42_938.jpg,36.0,"{'Woman': 31.916895508766174, 'Man': 68.08310747146606}",Man,
id41_1291.jpg,29.0,"{'Woman': 11.830160766839981, 'Man': 88.16983699798584}",Man,
id108_2709.jpg,32.0,"{'Woman': 2.1970804780721664, 'Man': 97.8029191493988}",Man,
id121_3246.jpg,27.0,"{'Woman': 11.024127155542374, 'Man': 88.97587656974792}",Man,
id65_1794.jpg,37.0,"{'Woman': 47.9292094707489, 'Man': 52.07078456878662}",Man,
id16_238.jpg,25.0,"{'Woman': 6.403589993715286, 'Man': 93.59641075134277}",Man,
id115_3036.jpg,31.0,"{'Woman': 48.500534892082214, 'Man': 51.499468088150024}",Man,
id1_51.jpg,33.0,"{'Woman': 12.44739294052124, 'Man': 87.55260705947876}",Man,
id42_1060.jpg,36.0,"{'Woman': 27.062243223190308, 'Man': 72.93775677680969}",Man,
id63_1678.jpg,31.0,"{'Woman': 13.761858642101288, 'Man': 86.23813986778259}",Man,
id18_447.jpg,24.0,"{'Woman': 4.714274033904076, 'Man': 95.28573155403137}",Man,
id119_3209.jpg,30.0,"{'Woman': 16.65307879447937, 'Man': 83.34692716598511}",Man,
id109_2726.jpg,31.0,"{'Woman': 11.192615330219269, 'Man': 88.80738615989685}",Man,
id43_1168.jpg,27.0,"{'Woman': 27.349799871444702, 'Man': 72.6502001285553}",Man,
id94_2585.jpg,30.0,"{'Woman': 15.56941270828247, 'Man': 84.43058729171753}",Man,
id42_966.jpg,29.0,"{'Woman': 24.061457812786102, 'Man': 75.93854069709778}",Man,
id27_551.jpg,27.0,"{'Woman': 3.6983169615268707, 'Man': 96.30168676376343}",Man,
id40_937.jpg,30.0,"{'Woman': 9.566318988800049, 'Man': 90.43367505073547}",Man,
id79_2184.jpg,31.0,"{'Woman': 9.444374591112137, 'Man': 90.55562615394592}",Man,
id41_1057.jpg,29.0,"{'Woman': 40.417829155921936, 'Man': 59.5821738243103}",Man,
id18_622.jpg,,,,'tuple' object has no attribute 'shape'
id3_151.jpg,26.0,"{'Woman': 36.961597204208374, 'Man': 63.038402795791626}",Man,
id78_2053.jpg,23.0,"{'Woman': 3.1071612611413, 'Man': 96.89283967018127}",Man,
id36_1437.jpg,25.0,"{'Woman': 8.486762642860413, 'Man': 91.51323437690735}",Man,
id27_451.jpg,34.0,"{'Woman': 0.4040964413434267, 'Man': 99.59589838981628}",Man,
id41_1454.jpg,31.0,"{'Woman': 89.44311738014221, 'Man': 10.556884855031967}",Woman,
id27_432.jpg,32.0,"{'Woman': 2.4416841566562653, 'Man': 97.55831360816956}",Man,
id44_1051.jpg,37.0,"{'Woman': 2.6259688660502434, 'Man': 97.374027967453}",Man,
id94_2546.jpg,28.0,"{'Woman': 3.8091447204351425, 'Man': 96.19085192680359}",Man,
id116_3154.jpg,34.0,"{'Woman': 10.371741652488708, 'Man': 89.62825536727905}",Man,
id3_58.jpg,27.0,"{'Woman': 1.602168008685112, 'Man': 98.39783310890198}",Man,
id77_2108.jpg,25.0,"{'Woman': 1.8631553277373314, 'Man': 98.13684821128845}",Man,
id42_955.jpg,,,,'tuple' object has no attribute 'shape'
id115_3025.jpg,26.0,"{'Woman': 6.022798269987106, 'Man': 93.97720098495483}",Man,
id71_1862.jpg,24.0,"{'Woman': 3.002997487783432, 'Man': 96.99699878692627}",Man,
id24_355.jpg,25.0,"{'Woman': 18.805396556854248, 'Man': 81.19460344314575}",Man,
id41_1002.jpg,26.0,"{'Woman': 11.279363930225372, 'Man': 88.72063755989075}",Man,
id1_242.jpg,27.0,"{'Woman': 59.439826011657715, 'Man': 40.560176968574524}",Woman,
id41_1040.jpg,31.0,"{'Woman': 14.177648723125458, 'Man': 85.82234978675842}",Man,
id21_343.jpg,32.0,"{'Woman': 2.4889953434467316, 'Man': 97.51099944114685}",Man,
id20_423.jpg,33.0,"{'Woman': 7.830042392015457, 'Man': 92.1699583530426}",Man,
id49_1195.jpg,25.0,"{'Woman': 3.3708322793245316, 'Man': 96.62916660308838}",Man,
id83_2253.jpg,33.0,"{'Woman': 7.2847530245780945, 'Man': 92.71523952484131}",Man,
id16_236.jpg,24.0,"{'Woman': 8.350702375173569, 'Man': 91.64929986000061}",Man,
id91_2419.jpg,,,,'tuple' object has no attribute 'shape'
id115_3031.jpg,32.0,"{'Woman': 24.009187519550323, 'Man': 75.9908139705658}",Man,
id79_2017.jpg,31.0,"{'Woman': 12.775982916355133, 'Man': 87.22401857376099}",Man,
id60_1562.jpg,31.0,"{'Woman': 1.9203368574380875, 'Man': 98.07965755462646}",Man,
id47_1272.jpg,34.0,"{'Woman': 16.8409526348114, 'Man': 83.1590473651886}",Man,
id16_286.jpg,33.0,"{'Woman': 1.8769873306155205, 'Man': 98.12301397323608}",Man,
id5_86.jpg,29.0,"{'Woman': 25.671491026878357, 'Man': 74.3285059928894}",Man,
id42_1024.jpg,,,,'tuple' object has no attribute 'shape'
id94_2567.jpg,25.0,"{'Woman': 4.148830845952034, 'Man': 95.85117101669312}",Man,
id36_802.jpg,26.0,"{'Woman': 34.73440706729889, 'Man': 65.2655839920044}",Man,
id53_1517.jpg,29.0,"{'Woman': 19.455505907535553, 'Man': 80.54448962211609}",Man,
id46_1241.jpg,32.0,"{'Woman': 31.63156509399414, 'Man': 68.36843490600586}",Man,
id48_1211.jpg,38.0,"{'Woman': 4.778054729104042, 'Man': 95.22194862365723}",Man,
id18_734.jpg,35.0,"{'Woman': 3.9967019110918045, 'Man': 96.00329995155334}",Man,
id79_2045.jpg,31.0,"{'Woman': 11.80761456489563, 'Man': 88.19239139556885}",Man,
id90_2656.jpg,28.0,"{'Woman': 46.39322757720947, 'Man': 53.60677242279053}",Man,
id8_122.jpg,31.0,"{'Woman': 45.66969871520996, 'Man': 54.33030724525452}",Man,
id18_269.jpg,28.0,"{'Woman': 7.232435047626495, 'Man': 92.76756048202515}",Man,
id77_2023.jpg,,,,'tuple' object has no attribute 'shape'
id77_2065.jpg,29.0,"{'Woman': 2.927926555275917, 'Man': 97.07207083702087}",Man,
id18_665.jpg,31.0,"{'Woman': 25.10150969028473, 'Man': 74.89848732948303}",Man,
id27_524.jpg,34.0,"{'Woman': 9.163747727870941, 'Man': 90.83625078201294}",Man,
id65_1747.jpg,32.0,"{'Woman': 15.989094972610474, 'Man': 84.01090502738953}",Man,
id63_1676.jpg,34.0,"{'Woman': 10.933201014995575, 'Man': 89.06680345535278}",Man,
id119_3244.jpg,27.0,"{'Woman': 8.034929633140564, 'Man': 91.96507334709167}",Man,
id59_1672.jpg,34.0,"{'Woman': 20.92462331056595, 'Man': 79.07537817955017}",Man,
id84_2249.jpg,34.0,"{'Woman': 21.07398957014084, 'Man': 78.92600893974304}",Man,
id1_0.jpg,31.0,"{'Woman': 2.649090997874737, 'Man': 97.35090732574463}",Man,
id54_1544.jpg,37.0,"{'Woman': 4.256279021501541, 'Man': 95.74372172355652}",Man,
id44_1042.jpg,37.0,"{'Woman': 2.4105053395032883, 'Man': 97.58949875831604}",Man,
id78_2118.jpg,39.0,"{'Woman': 33.67633819580078, 'Man': 66.32366180419922}",Man,
id18_763.jpg,33.0,"{'Woman': 6.807892024517059, 'Man': 93.19210648536682}",Man,
id6_91.jpg,25.0,"{'Woman': 9.72965881228447, 'Man': 90.27034044265747}",Man,
id31_439.jpg,27.0,"{'Woman': 3.9099082350730896, 'Man': 96.09009027481079}",Man,
id41_1048.jpg,32.0,"{'Woman': 13.986843824386597, 'Man': 86.01316213607788}",Man,
id55_1539.jpg,31.0,"{'Woman': 2.0669199526309967, 'Man': 97.9330837726593}",Man,
id3_115.jpg,35.0,"{'Woman': 5.802441015839577, 'Man': 94.19755935668945}",Man,
id1_175.jpg,27.0,"{'Woman': 17.91055202484131, 'Man': 82.08944797515869}",Man,
id5_195.jpg,27.0,"{'Woman': 11.755552887916565, 'Man': 88.2444441318512}",Man,
id27_419.jpg,35.0,"{'Woman': 13.68526965379715, 'Man': 86.31473779678345}",Man,
id60_1614.jpg,32.0,"{'Woman': 6.79122731089592, 'Man': 93.2087779045105}",Man,
id109_2702.jpg,32.0,"{'Woman': 9.885535389184952, 'Man': 90.11446833610535}",Man,
id90_2378.jpg,32.0,"{'Woman': 14.399434626102448, 'Man': 85.60056686401367}",Man,
id47_1174.jpg,24.0,"{'Woman': 4.205886274576187, 'Man': 95.79411149024963}",Man,
id79_2125.jpg,32.0,"{'Woman': 10.467413812875748, 'Man': 89.53258395195007}",Man,
id94_2552.jpg,25.0,"{'Woman': 1.269015483558178, 'Man': 98.73098731040955}",Man,
id36_1455.jpg,38.0,"{'Woman': 45.69655358791351, 'Man': 54.303449392318726}",Man,
id42_1159.jpg,30.0,"{'Woman': 3.6403413861989975, 'Man': 96.3596522808075}",Man,
id121_3316.jpg,,,,'tuple' object has no attribute 'shape'
id36_902.jpg,,,,'tuple' object has no attribute 'shape'
id69_1898.jpg,32.0,"{'Woman': 1.193749811500311, 'Man': 98.80625009536743}",Man,
id119_3141.jpg,30.0,"{'Woman': 2.819260396063328, 'Man': 97.18073606491089}",Man,
id47_1123.jpg,32.0,"{'Woman': 2.7768446132540703, 'Man': 97.22315073013306}",Man,
id79_2027.jpg,28.0,"{'Woman': 22.87849187850952, 'Man': 77.12150812149048}",Man,
id27_410.jpg,,,,'tuple' object has no attribute 'shape'
id98_2505.jpg,26.0,"{'Woman': 3.2048966735601425, 'Man': 96.79509997367859}",Man,
id93_2458.jpg,36.0,"{'Woman': 44.456714391708374, 'Man': 55.543285608291626}",Man,
id78_2010.jpg,25.0,"{'Woman': 5.791998282074928, 'Man': 94.20799612998962}",Man,
id57_1648.jpg,30.0,"{'Woman': 5.034836754202843, 'Man': 94.96515989303589}",Man,
id108_2829.jpg,28.0,"{'Woman': 19.650518894195557, 'Man': 80.34948110580444}",Man,
id30_478.jpg,29.0,"{'Woman': 13.482624292373657, 'Man': 86.51737570762634}",Man,
id119_3089.jpg,27.0,"{'Woman': 7.973560690879822, 'Man': 92.02644228935242}",Man,
id41_1403.jpg,37.0,"{'Woman': 22.259044647216797, 'Man': 77.7409553527832}",Man,
id83_2311.jpg,33.0,"{'Woman': 55.35957217216492, 'Man': 44.64043378829956}",Woman,
id67_1918.jpg,30.0,"{'Woman': 7.597191631793976, 'Man': 92.40280985832214}",Man,
id108_2795.jpg,26.0,"{'Woman': 6.495002657175064, 'Man': 93.50499510765076}",Man,
id59_1562.jpg,,,,'tuple' object has no attribute 'shape'
id91_2424.jpg,,,,'tuple' object has no attribute 'shape'
id103_2702.jpg,24.0,"{'Woman': 0.3744020592421293, 'Man': 99.62559938430786}",Man,
id1_87.jpg,27.0,"{'Woman': 11.593282967805862, 'Man': 88.40671181678772}",Man,
id45_1047.jpg,29.0,"{'Woman': 15.088248252868652, 'Man': 84.91174578666687}",Man,
id55_1708.jpg,28.0,"{'Woman': 4.437673091888428, 'Man': 95.56232690811157}",Man,
id35_759.jpg,,,,'tuple' object has no attribute 'shape'
id2_10.jpg,29.0,"{'Woman': 4.093220457434654, 'Man': 95.90677618980408}",Man,
id16_261.jpg,,,,'tuple' object has no attribute 'shape'
id36_993.jpg,28.0,"{'Woman': 4.23358827829361, 'Man': 95.76641321182251}",Man,
id45_1092.jpg,32.0,"{'Woman': 1.2742369435727596, 'Man': 98.72576594352722}",Man,
id1_223.jpg,26.0,"{'Woman': 38.43400478363037, 'Man': 61.56599521636963}",Man,
id24_432.jpg,23.0,"{'Woman': 8.709541708230972, 'Man': 91.29045605659485}",Man,
id81_2146.jpg,32.0,"{'Woman': 9.131191670894623, 'Man': 90.86881279945374}",Man,
id36_852.jpg,,,,'tuple' object has no attribute 'shape'
id37_849.jpg,,,,'tuple' object has no attribute 'shape'
id47_1140.jpg,31.0,"{'Woman': 9.446008503437042, 'Man': 90.55399894714355}",Man,
id77_2050.jpg,,,,'tuple' object has no attribute 'shape'
id42_1186.jpg,33.0,"{'Woman': 4.473086446523666, 'Man': 95.52691578865051}",Man,
id103_2645.jpg,38.0,"{'Woman': 14.94034230709076, 'Man': 85.059654712677}",Man,
id27_515.jpg,34.0,"{'Woman': 8.442971855401993, 'Man': 91.5570318698883}",Man,
id23_342.jpg,27.0,"{'Woman': 1.4747904613614082, 'Man': 98.52521419525146}",Man,
id41_1486.jpg,29.0,"{'Woman': 97.14625477790833, 'Man': 2.8537483885884285}",Woman,
id42_1118.jpg,31.0,"{'Woman': 12.868836522102356, 'Man': 87.13116645812988}",Man,
id49_1343.jpg,25.0,"{'Woman': 2.4516621604561806, 'Man': 97.54834175109863}",Man,
id121_3198.jpg,28.0,"{'Woman': 18.130013346672058, 'Man': 81.8699836730957}",Man,
id109_2712.jpg,28.0,"{'Woman': 7.441296428442001, 'Man': 92.5586998462677}",Man,
id115_3042.jpg,35.0,"{'Woman': 30.118289589881897, 'Man': 69.88170742988586}",Man,
id63_1689.jpg,32.0,"{'Woman': 9.798584133386612, 'Man': 90.20141363143921}",Man,
id48_1206.jpg,37.0,"{'Woman': 7.113564759492874, 'Man': 92.88643002510071}",Man,
id37_852.jpg,,,,'tuple' object has no attribute 'shape'
id109_2720.jpg,29.0,"{'Woman': 9.788605570793152, 'Man': 90.21139740943909}",Man,
id42_1084.jpg,29.0,"{'Woman': 18.035311996936798, 'Man': 81.96468949317932}",Man,
id16_299.jpg,29.0,"{'Woman': 3.3061321824789047, 'Man': 96.69386744499207}",Man,
id46_1196.jpg,37.0,"{'Woman': 4.4478606432676315, 'Man': 95.55213451385498}",Man,
id105_2765.jpg,32.0,"{'Woman': 6.442649662494659, 'Man': 93.55734586715698}",Man,
id92_2395.jpg,32.0,"{'Woman': 26.58548653125763, 'Man': 73.41451048851013}",Man,
id93_2474.jpg,32.0,"{'Woman': 22.559083998203278, 'Man': 77.44091749191284}",Man,
id3_33.jpg,25.0,"{'Woman': 3.273402526974678, 'Man': 96.72659039497375}",Man,
id3_66.jpg,27.0,"{'Woman': 2.7409417554736137, 'Man': 97.25905656814575}",Man,
id1_159.jpg,29.0,"{'Woman': 13.519884645938873, 'Man': 86.48011088371277}",Man,
id15_211.jpg,30.0,"{'Woman': 26.735812425613403, 'Man': 73.2641875743866}",Man,
id18_737.jpg,35.0,"{'Woman': 4.045909643173218, 'Man': 95.95409035682678}",Man,
id59_1640.jpg,34.0,"{'Woman': 45.9417462348938, 'Man': 54.0582537651062}",Man,
id115_2885.jpg,28.0,"{'Woman': 15.018002688884735, 'Man': 84.98200178146362}",Man,
id16_249.jpg,,,,'tuple' object has no attribute 'shape'
id18_773.jpg,37.0,"{'Woman': 28.91618311405182, 'Man': 71.08381390571594}",Man,
id41_1428.jpg,26.0,"{'Woman': 96.94552421569824, 'Man': 3.054477833211422}",Woman,
id1_218.jpg,28.0,"{'Woman': 15.464244782924652, 'Man': 84.53575372695923}",Man,
id106_2947.jpg,28.0,"{'Woman': 19.239728152751923, 'Man': 80.76027035713196}",Man,
id118_3019.jpg,32.0,"{'Woman': 50.87312459945679, 'Man': 49.12688136100769}",Woman,
id91_2443.jpg,30.0,"{'Woman': 13.036079704761505, 'Man': 86.96392178535461}",Man,
id59_1576.jpg,,,,'tuple' object has no attribute 'shape'
id5_116.jpg,30.0,"{'Woman': 5.001321062445641, 'Man': 94.99868154525757}",Man,
id36_910.jpg,27.0,"{'Woman': 15.636271238327026, 'Man': 84.36372876167297}",Man,
id79_2025.jpg,28.0,"{'Woman': 55.937379598617554, 'Man': 44.06261742115021}",Woman,
id72_1876.jpg,32.0,"{'Woman': 8.192819356918335, 'Man': 91.80717468261719}",Man,
id20_313.jpg,36.0,"{'Woman': 7.245687395334244, 'Man': 92.75431036949158}",Man,
id91_2409.jpg,35.0,"{'Woman': 6.300297379493713, 'Man': 93.69969964027405}",Man,
id27_520.jpg,26.0,"{'Woman': 13.524991273880005, 'Man': 86.47501468658447}",Man,
id115_3037.jpg,33.0,"{'Woman': 41.55966639518738, 'Man': 58.4403395652771}",Man,
id83_2226.jpg,33.0,"{'Woman': 48.22840392589569, 'Man': 51.77159905433655}",Man,
id47_1243.jpg,32.0,"{'Woman': 12.709863483905792, 'Man': 87.29013204574585}",Man,
id39_868.jpg,31.0,"{'Woman': 19.32186186313629, 'Man': 80.67814111709595}",Man,
id25_788.jpg,25.0,"{'Woman': 54.25708889961243, 'Man': 45.742908120155334}",Woman,
id65_1690.jpg,38.0,"{'Woman': 26.021096110343933, 'Man': 73.9789068698883}",Man,
id36_912.jpg,27.0,"{'Woman': 15.135836601257324, 'Man': 84.86416339874268}",Man,
id49_1269.jpg,29.0,"{'Woman': 4.63479720056057, 'Man': 95.36519646644592}",Man,
id37_834.jpg,,,,'tuple' object has no attribute 'shape'
id3_164.jpg,26.0,"{'Woman': 38.59632909297943, 'Man': 61.40366792678833}",Man,
id63_1697.jpg,28.0,"{'Woman': 6.847308576107025, 'Man': 93.15268397331238}",Man,
id65_1827.jpg,28.0,"{'Woman': 13.827840983867645, 'Man': 86.17215752601624}",Man,
id36_1046.jpg,26.0,"{'Woman': 15.86192101240158, 'Man': 84.13807153701782}",Man,
id135_3318.jpg,,,,'tuple' object has no attribute 'shape'
id36_1316.jpg,34.0,"{'Woman': 29.487818479537964, 'Man': 70.51218152046204}",Man,
id41_1407.jpg,31.0,"{'Woman': 5.586120113730431, 'Man': 94.4138765335083}",Man,
id121_3227.jpg,29.0,"{'Woman': 11.125723272562027, 'Man': 88.8742744922638}",Man,
id77_2044.jpg,23.0,"{'Woman': 9.800919145345688, 'Man': 90.19907712936401}",Man,
id90_2567.jpg,32.0,"{'Woman': 7.255710661411285, 'Man': 92.74429082870483}",Man,
id20_362.jpg,29.0,"{'Woman': 9.456385672092438, 'Man': 90.54361581802368}",Man,
id48_1175.jpg,34.0,"{'Woman': 1.0089258663356304, 'Man': 98.99107813835144}",Man,
id121_3239.jpg,24.0,"{'Woman': 6.773051619529724, 'Man': 93.22694540023804}",Man,
id42_950.jpg,41.0,"{'Woman': 23.94587993621826, 'Man': 76.05412006378174}",Man,
id11_168.jpg,24.0,"{'Woman': 2.0658526569604874, 'Man': 97.9341447353363}",Man,
id3_155.jpg,26.0,"{'Woman': 40.45593738555908, 'Man': 59.54406261444092}",Man,
id118_3060.jpg,28.0,"{'Woman': 8.1133633852005, 'Man': 91.88662767410278}",Man,
id42_1034.jpg,30.0,"{'Woman': 28.183001279830933, 'Man': 71.81700468063354}",Man,
id119_3195.jpg,30.0,"{'Woman': 40.836915373802185, 'Man': 59.163081645965576}",Man,
id42_1100.jpg,33.0,"{'Woman': 1.9551783800125122, 'Man': 98.04481863975525}",Man,
id95_2524.jpg,29.0,"{'Woman': 1.8661454319953918, 'Man': 98.1338620185852}",Man,
id18_715.jpg,29.0,"{'Woman': 7.656417042016983, 'Man': 92.34358072280884}",Man,
id55_1523.jpg,31.0,"{'Woman': 7.840348035097122, 'Man': 92.15964674949646}",Man,
id78_2239.jpg,31.0,"{'Woman': 6.505308300256729, 'Man': 93.49468946456909}",Man,
id108_2764.jpg,26.0,"{'Woman': 3.0720794573426247, 'Man': 96.92792892456055}",Man,
id123_3287.jpg,29.0,"{'Woman': 21.19087427854538, 'Man': 78.8091242313385}",Man,
id94_2438.jpg,27.0,"{'Woman': 9.526342898607254, 'Man': 90.4736578464508}",Man,
id6_88.jpg,26.0,"{'Woman': 3.2651860266923904, 'Man': 96.73481583595276}",Man,
id32_460.jpg,25.0,"{'Woman': 16.0673588514328, 'Man': 83.93263816833496}",Man,
id108_2820.jpg,30.0,"{'Woman': 2.683992311358452, 'Man': 97.31600880622864}",Man,
id60_1601.jpg,23.0,"{'Woman': 3.7129156291484833, 'Man': 96.28708362579346}",Man,
id106_2711.jpg,25.0,"{'Woman': 9.832902997732162, 'Man': 90.1671051979065}",Man,
id121_3245.jpg,27.0,"{'Woman': 11.024127155542374, 'Man': 88.97587656974792}",Man,
id38_895.jpg,30.0,"{'Woman': 1.9232245162129402, 'Man': 98.07677865028381}",Man,
id59_1634.jpg,34.0,"{'Woman': 88.35458755493164, 'Man': 11.645414680242538}",Woman,
id57_1552.jpg,30.0,"{'Woman': 2.505667135119438, 'Man': 97.49432802200317}",Man,
id126_3226.jpg,39.0,"{'Woman': 8.271945267915726, 'Man': 91.72806143760681}",Man,
id44_1049.jpg,24.0,"{'Woman': 0.6164477206766605, 'Man': 99.38355088233948}",Man,
id43_1240.jpg,35.0,"{'Woman': 6.318733841180801, 'Man': 93.68126392364502}",Man,
id41_1485.jpg,29.0,"{'Woman': 97.92073369026184, 'Man': 2.079269103705883}",Woman,
id55_1617.jpg,29.0,"{'Woman': 1.0678806342184544, 'Man': 98.9321231842041}",Man,
id82_2507.jpg,35.0,"{'Woman': 18.260207772254944, 'Man': 81.73978924751282}",Man,
id81_2143.jpg,36.0,"{'Woman': 6.005658954381943, 'Man': 93.99434328079224}",Man,
id57_1642.jpg,28.0,"{'Woman': 11.174465715885162, 'Man': 88.82553577423096}",Man,
id42_958.jpg,29.0,"{'Woman': 27.945905923843384, 'Man': 72.05409407615662}",Man,
id65_1693.jpg,35.0,"{'Woman': 59.96543765068054, 'Man': 40.034568309783936}",Woman,
id6_92.jpg,25.0,"{'Woman': 8.516532182693481, 'Man': 91.483473777771}",Man,
id18_692.jpg,29.0,"{'Woman': 9.473561495542526, 'Man': 90.52643775939941}",Man,
id108_2723.jpg,,,,'tuple' object has no attribute 'shape'
id23_332.jpg,27.0,"{'Woman': 0.8774126879870892, 'Man': 99.12258982658386}",Man,
id36_1298.jpg,33.0,"{'Woman': 6.780971586704254, 'Man': 93.21902990341187}",Man,
id5_75.jpg,29.0,"{'Woman': 7.4174173176288605, 'Man': 92.5825834274292}",Man,
id115_3185.jpg,26.0,"{'Woman': 14.284315705299377, 'Man': 85.71568131446838}",Man,
id36_765.jpg,25.0,"{'Woman': 7.898760586977005, 'Man': 92.10123419761658}",Man,
id121_3214.jpg,26.0,"{'Woman': 8.780138939619064, 'Man': 91.21986627578735}",Man,
id37_872.jpg,34.0,"{'Woman': 73.01612496376038, 'Man': 26.983875036239624}",Woman,
id126_3201.jpg,34.0,"{'Woman': 10.821862518787384, 'Man': 89.17813301086426}",Man,
id115_3047.jpg,31.0,"{'Woman': 59.7455620765686, 'Man': 40.2544379234314}",Woman,
id108_2712.jpg,34.0,"{'Woman': 2.434452436864376, 'Man': 97.56554961204529}",Man,
id83_2459.jpg,27.0,"{'Woman': 70.92556953430176, 'Man': 29.07443642616272}",Woman,
id121_3298.jpg,28.0,"{'Woman': 5.337900295853615, 'Man': 94.66210007667542}",Man,
id75_1967.jpg,29.0,"{'Woman': 12.003861367702484, 'Man': 87.99613118171692}",Man,
id78_2116.jpg,29.0,"{'Woman': 8.848927915096283, 'Man': 91.15107655525208}",Man,
id47_1270.jpg,28.0,"{'Woman': 3.102283366024494, 'Man': 96.89772129058838}",Man,
id48_1216.jpg,38.0,"{'Woman': 8.173330128192902, 'Man': 91.82667136192322}",Man,
id55_1546.jpg,26.0,"{'Woman': 1.322559081017971, 'Man': 98.67744445800781}",Man,
id77_2038.jpg,29.0,"{'Woman': 4.685794562101364, 'Man': 95.31420469284058}",Man,
id78_2173.jpg,25.0,"{'Woman': 3.1043658033013344, 'Man': 96.89563512802124}",Man,
id18_645.jpg,34.0,"{'Woman': 40.88051915168762, 'Man': 59.1194748878479}",Man,
id39_861.jpg,30.0,"{'Woman': 24.870701134204865, 'Man': 75.12929439544678}",Man,
id48_1212.jpg,38.0,"{'Woman': 4.0220461785793304, 'Man': 95.97796201705933}",Man,
id38_894.jpg,30.0,"{'Woman': 1.9232245162129402, 'Man': 98.07677865028381}",Man,
id68_1850.jpg,28.0,"{'Woman': 18.059343099594116, 'Man': 81.94066286087036}",Man,
id73_1885.jpg,28.0,"{'Woman': 2.162139303982258, 'Man': 97.83785343170166}",Man,
id55_1536.jpg,36.0,"{'Woman': 0.8504513651132584, 'Man': 99.14954900741577}",Man,
id83_2212.jpg,31.0,"{'Woman': 19.588947296142578, 'Man': 80.41105270385742}",Man,
id84_2265.jpg,25.0,"{'Woman': 28.02141010761261, 'Man': 71.97859287261963}",Man,
id18_408.jpg,37.0,"{'Woman': 7.4020326137542725, 'Man': 92.59796738624573}",Man,
id23_350.jpg,,,,'tuple' object has no attribute 'shape'
id79_2137.jpg,31.0,"{'Woman': 11.098121106624603, 'Man': 88.90187740325928}",Man,
id41_1044.jpg,32.0,"{'Woman': 10.627816617488861, 'Man': 89.37218189239502}",Man,
id41_1118.jpg,33.0,"{'Woman': 12.092538923025131, 'Man': 87.90745735168457}",Man,
id123_3286.jpg,29.0,"{'Woman': 27.507883310317993, 'Man': 72.492116689682}",Man,
id42_985.jpg,34.0,"{'Woman': 4.518585652112961, 'Man': 95.48141956329346}",Man,
id115_3039.jpg,,,,'tuple' object has no attribute 'shape'
id115_3030.jpg,31.0,"{'Woman': 29.546093940734863, 'Man': 70.45390605926514}",Man,
id77_2059.jpg,36.0,"{'Woman': 1.6602985560894012, 'Man': 98.33970665931702}",Man,
id45_1153.jpg,29.0,"{'Woman': 4.025435447692871, 'Man': 95.97456455230713}",Man,
id39_865.jpg,31.0,"{'Woman': 17.741720378398895, 'Man': 82.25827813148499}",Man,
id121_3166.jpg,30.0,"{'Woman': 30.68310022354126, 'Man': 69.31689977645874}",Man,
id43_1067.jpg,26.0,"{'Woman': 4.158366098999977, 'Man': 95.84163427352905}",Man,
id124_3275.jpg,,,,'tuple' object has no attribute 'shape'
id24_592.jpg,35.0,"{'Woman': 8.238217979669571, 'Man': 91.76177978515625}",Man,
id41_1025.jpg,28.0,"{'Woman': 11.33677139878273, 'Man': 88.66322636604309}",Man,
id115_2848.jpg,27.0,"{'Woman': 60.625505447387695, 'Man': 39.37450051307678}",Woman,
id106_2671.jpg,25.0,"{'Woman': 4.942939430475235, 'Man': 95.05706429481506}",Man,
id48_1260.jpg,26.0,"{'Woman': 4.00073416531086, 'Man': 95.99926471710205}",Man,
id91_2438.jpg,,,,'tuple' object has no attribute 'shape'
id78_2015.jpg,31.0,"{'Woman': 8.016818761825562, 'Man': 91.98318719863892}",Man,
id1_68.jpg,30.0,"{'Woman': 28.898626565933228, 'Man': 71.10137343406677}",Man,
id16_306.jpg,26.0,"{'Woman': 5.766690522432327, 'Man': 94.23331022262573}",Man,
id34_741.jpg,30.0,"{'Woman': 20.013895630836487, 'Man': 79.98610138893127}",Man,
id90_2440.jpg,33.0,"{'Woman': 7.8467316925525665, 'Man': 92.1532690525055}",Man,
id48_1166.jpg,,,,'tuple' object has no attribute 'shape'
id115_2932.jpg,26.0,"{'Woman': 21.36155664920807, 'Man': 78.63844037055969}",Man,
id55_1616.jpg,31.0,"{'Woman': 1.3723577372729778, 'Man': 98.6276388168335}",Man,
id40_1133.jpg,26.0,"{'Woman': 2.6415033265948296, 'Man': 97.35850095748901}",Man,
id10_185.jpg,27.0,"{'Woman': 7.570972293615341, 'Man': 92.42902398109436}",Man,
id41_1042.jpg,32.0,"{'Woman': 18.064014613628387, 'Man': 81.93598985671997}",Man,
id51_1261.jpg,28.0,"{'Woman': 1.4760367572307587, 'Man': 98.52396249771118}",Man,
id65_1724.jpg,34.0,"{'Woman': 3.640076518058777, 'Man': 96.35992050170898}",Man,
id3_152.jpg,26.0,"{'Woman': 27.54940092563629, 'Man': 72.45060205459595}",Man,
id18_740.jpg,32.0,"{'Woman': 10.617194324731827, 'Man': 89.38280940055847}",Man,
id90_2565.jpg,25.0,"{'Woman': 12.423648685216904, 'Man': 87.57635354995728}",Man,
id36_1302.jpg,29.0,"{'Woman': 4.816045984625816, 'Man': 95.18395662307739}",Man,
id36_893.jpg,,,,'tuple' object has no attribute 'shape'
id83_2252.jpg,32.0,"{'Woman': 8.094075322151184, 'Man': 91.90592765808105}",Man,
id18_660.jpg,33.0,"{'Woman': 18.165071308612823, 'Man': 81.8349301815033}",Man,
id11_194.jpg,30.0,"{'Woman': 57.420581579208374, 'Man': 42.57941544055939}",Woman,
id46_1224.jpg,32.0,"{'Woman': 26.599186658859253, 'Man': 73.40081930160522}",Man,
id48_1179.jpg,36.0,"{'Woman': 3.519594296813011, 'Man': 96.48039937019348}",Man,
id41_1078.jpg,,,,'tuple' object has no attribute 'shape'
id90_2433.jpg,,,,'tuple' object has no attribute 'shape'
id108_2784.jpg,33.0,"{'Woman': 4.345488175749779, 'Man': 95.65451145172119}",Man,
id92_2389.jpg,30.0,"{'Woman': 8.563035726547241, 'Man': 91.43696427345276}",Man,
id46_1256.jpg,29.0,"{'Woman': 17.372743785381317, 'Man': 82.62725472450256}",Man,
id78_2190.jpg,25.0,"{'Woman': 2.7382131665945053, 'Man': 97.26178050041199}",Man,
id77_2159.jpg,23.0,"{'Woman': 1.7954021692276, 'Man': 98.20459485054016}",Man,
id78_2189.jpg,26.0,"{'Woman': 2.4462493136525154, 'Man': 97.55374789237976}",Man,
id82_2459.jpg,34.0,"{'Woman': 32.789263129234314, 'Man': 67.21073389053345}",Man,
id106_2692.jpg,27.0,"{'Woman': 9.582694619894028, 'Man': 90.41730165481567}",Man,
id62_1711.jpg,27.0,"{'Woman': 4.766158014535904, 'Man': 95.23383975028992}",Man,
id44_1181.jpg,27.0,"{'Woman': 2.84239761531353, 'Man': 97.15760350227356}",Man,
id47_1189.jpg,35.0,"{'Woman': 2.5448456406593323, 'Man': 97.45514988899231}",Man,
id93_2492.jpg,32.0,"{'Woman': 13.463634252548218, 'Man': 86.5363597869873}",Man,
id42_952.jpg,34.0,"{'Woman': 8.288639783859253, 'Man': 91.71136021614075}",Man,
id73_1887.jpg,35.0,"{'Woman': 6.031341850757599, 'Man': 93.96865367889404}",Man,
id65_1906.jpg,27.0,"{'Woman': 83.61049294471741, 'Man': 16.38951152563095}",Woman,
id119_3133.jpg,35.0,"{'Woman': 26.378849148750305, 'Man': 73.62115383148193}",Man,
id25_429.jpg,,,,'tuple' object has no attribute 'shape'
id62_1655.jpg,27.0,"{'Woman': 14.702688157558441, 'Man': 85.29731631278992}",Man,
id83_2255.jpg,32.0,"{'Woman': 15.24312049150467, 'Man': 84.75688099861145}",Man,
id116_3120.jpg,33.0,"{'Woman': 3.505059704184532, 'Man': 96.4949369430542}",Man,
id3_141.jpg,29.0,"{'Woman': 77.11724042892456, 'Man': 22.882762551307678}",Woman,
id85_2193.jpg,26.0,"{'Woman': 3.306775540113449, 'Man': 96.69322371482849}",Man,
id116_3162.jpg,32.0,"{'Woman': 8.857616037130356, 'Man': 91.14238023757935}",Man,
id36_1418.jpg,,,,'tuple' object has no attribute 'shape'
id3_36.jpg,31.0,"{'Woman': 3.964671865105629, 'Man': 96.03532552719116}",Man,
id65_1717.jpg,37.0,"{'Woman': 3.9124172180891037, 'Man': 96.08758091926575}",Man,
id18_652.jpg,33.0,"{'Woman': 10.183507949113846, 'Man': 89.81649279594421}",Man,
id41_1035.jpg,31.0,"{'Woman': 16.176559031009674, 'Man': 83.82343649864197}",Man,
id113_2939.jpg,33.0,"{'Woman': 33.68546962738037, 'Man': 66.31453037261963}",Man,
id2_46.jpg,29.0,"{'Woman': 9.598977118730545, 'Man': 90.40101766586304}",Man,
id47_1185.jpg,23.0,"{'Woman': 2.7419567108154297, 'Man': 97.25803732872009}",Man,
id55_1615.jpg,26.0,"{'Woman': 1.4179322868585587, 'Man': 98.58206510543823}",Man,
id8_116.jpg,34.0,"{'Woman': 25.845864415168762, 'Man': 74.15413856506348}",Man,
id25_448.jpg,29.0,"{'Woman': 4.437128081917763, 'Man': 95.56286931037903}",Man,
id115_2915.jpg,24.0,"{'Woman': 22.3253533244133, 'Man': 77.67464518547058}",Man,
id85_2213.jpg,29.0,"{'Woman': 17.783068120479584, 'Man': 82.2169303894043}",Man,
id65_1787.jpg,32.0,"{'Woman': 8.879408985376358, 'Man': 91.12058877944946}",Man,
id77_2062.jpg,40.0,"{'Woman': 1.1867946945130825, 'Man': 98.81320595741272}",Man,
id59_1612.jpg,33.0,"{'Woman': 34.781548380851746, 'Man': 65.2184545993805}",Man,
id22_316.jpg,35.0,"{'Woman': 30.260184407234192, 'Man': 69.73981261253357}",Man,
id41_1299.jpg,33.0,"{'Woman': 63.726091384887695, 'Man': 36.27390265464783}",Woman,
id16_254.jpg,,,,'tuple' object has no attribute 'shape'
id83_2228.jpg,31.0,"{'Woman': 59.42572355270386, 'Man': 40.57427644729614}",Woman,
id38_881.jpg,34.0,"{'Woman': 2.7058178558945656, 'Man': 97.29418158531189}",Man,
id47_1143.jpg,31.0,"{'Woman': 12.570521235466003, 'Man': 87.42947578430176}",Man,
id90_2376.jpg,29.0,"{'Woman': 19.462203979492188, 'Man': 80.53779602050781}",Man,
id122_3207.jpg,29.0,"{'Woman': 12.063150852918625, 'Man': 87.93684840202332}",Man,
id42_1080.jpg,29.0,"{'Woman': 4.4189609587192535, 'Man': 95.58104276657104}",Man,
id113_3009.jpg,,,,'tuple' object has no attribute 'shape'
id78_2094.jpg,,,,'tuple' object has no attribute 'shape'
id1_89.jpg,25.0,"{'Woman': 3.8337714970111847, 'Man': 96.16622924804688}",Man,
id24_598.jpg,35.0,"{'Woman': 8.878687769174576, 'Man': 91.12130999565125}",Man,
id37_903.jpg,33.0,"{'Woman': 11.42013743519783, 'Man': 88.57986330986023}",Man,
id65_1671.jpg,37.0,"{'Woman': 22.342440485954285, 'Man': 77.65755653381348}",Man,
id121_3235.jpg,28.0,"{'Woman': 12.621589004993439, 'Man': 87.37841248512268}",Man,
id78_2080.jpg,25.0,"{'Woman': 3.362516313791275, 'Man': 96.63748145103455}",Man,
id94_2452.jpg,21.0,"{'Woman': 2.988153137266636, 'Man': 97.0118522644043}",Man,
id73_1905.jpg,28.0,"{'Woman': 28.97578477859497, 'Man': 71.0242211818695}",Man,
id43_1039.jpg,23.0,"{'Woman': 14.239780604839325, 'Man': 85.76021790504456}",Man,
id41_1060.jpg,30.0,"{'Woman': 29.966595768928528, 'Man': 70.03340125083923}",Man,
id119_3096.jpg,32.0,"{'Woman': 20.422278344631195, 'Man': 79.57772612571716}",Man,
id77_2410.jpg,33.0,"{'Woman': 7.709313184022903, 'Man': 92.29068756103516}",Man,
id106_2686.jpg,28.0,"{'Woman': 4.941391572356224, 'Man': 95.05861401557922}",Man,
id30_453.jpg,29.0,"{'Woman': 6.111856549978256, 'Man': 93.88814568519592}",Man,
id27_444.jpg,29.0,"{'Woman': 2.8585605323314667, 'Man': 97.14143872261047}",Man,
id36_1565.jpg,29.0,"{'Woman': 4.895423725247383, 'Man': 95.10457515716553}",Man,
id115_2905.jpg,27.0,"{'Woman': 2.812241017818451, 'Man': 97.18776345252991}",Man,
id46_1309.jpg,34.0,"{'Woman': 7.47399777173996, 'Man': 92.52600073814392}",Man,
id49_1256.jpg,29.0,"{'Woman': 0.7981370203197002, 'Man': 99.20186400413513}",Man,
id119_3091.jpg,26.0,"{'Woman': 7.356872409582138, 'Man': 92.64312386512756}",Man,
id42_1154.jpg,28.0,"{'Woman': 7.2700828313827515, 'Man': 92.72992014884949}",Man,
id47_1144.jpg,31.0,"{'Woman': 13.404135406017303, 'Man': 86.59586310386658}",Man,
id49_1255.jpg,,,,'tuple' object has no attribute 'shape'
id37_835.jpg,,,,'tuple' object has no attribute 'shape'
id77_2070.jpg,40.0,"{'Woman': 18.61182451248169, 'Man': 81.38818144798279}",Man,
id94_2647.jpg,26.0,"{'Woman': 5.760412663221359, 'Man': 94.23959255218506}",Man,
id44_1047.jpg,24.0,"{'Woman': 0.4500927869230509, 'Man': 99.54990744590759}",Man,
id103_2667.jpg,32.0,"{'Woman': 17.56587326526642, 'Man': 82.43412375450134}",Man,
id25_453.jpg,29.0,"{'Woman': 17.18745082616806, 'Man': 82.81254768371582}",Man,
id79_2033.jpg,25.0,"{'Woman': 17.85895526409149, 'Man': 82.14104175567627}",Man,
id1_262.jpg,29.0,"{'Woman': 44.68373954296112, 'Man': 55.31625747680664}",Man,
id5_177.jpg,29.0,"{'Woman': 1.8969330936670303, 'Man': 98.10307025909424}",Man,
id83_2322.jpg,27.0,"{'Woman': 40.84407389163971, 'Man': 59.15592908859253}",Man,
id32_472.jpg,24.0,"{'Woman': 8.433110266923904, 'Man': 91.56689643859863}",Man,
id90_2568.jpg,30.0,"{'Woman': 5.5467188358306885, 'Man': 94.45327520370483}",Man,
id18_900.jpg,30.0,"{'Woman': 21.45850658416748, 'Man': 78.54148745536804}",Man,
id24_449.jpg,25.0,"{'Woman': 10.023611038923264, 'Man': 89.97639417648315}",Man,
id78_2141.jpg,30.0,"{'Woman': 5.427993834018707, 'Man': 94.57200765609741}",Man,
id1_219.jpg,28.0,"{'Woman': 9.825734049081802, 'Man': 90.17426371574402}",Man,
id45_1133.jpg,28.0,"{'Woman': 37.20856308937073, 'Man': 62.79143691062927}",Man,
id36_1289.jpg,38.0,"{'Woman': 4.987068474292755, 'Man': 95.01293301582336}",Man,
id62_1733.jpg,29.0,"{'Woman': 36.633315682411194, 'Man': 63.36668133735657}",Man,
id94_2649.jpg,24.0,"{'Woman': 3.4576859325170517, 'Man': 96.54231667518616}",Man,
id84_2264.jpg,25.0,"{'Woman': 28.02141010761261, 'Man': 71.97859287261963}",Man,
id2_24.jpg,35.0,"{'Woman': 9.37218964099884, 'Man': 90.62780737876892}",Man,
id96_2555.jpg,30.0,"{'Woman': 21.953444182872772, 'Man': 78.04656028747559}",Man,
id42_960.jpg,,,,'tuple' object has no attribute 'shape'
id36_930.jpg,33.0,"{'Woman': 16.52390956878662, 'Man': 83.47609639167786}",Man,
id78_2238.jpg,32.0,"{'Woman': 15.766888856887817, 'Man': 84.23311114311218}",Man,
id45_1155.jpg,27.0,"{'Woman': 10.086554288864136, 'Man': 89.91344571113586}",Man,
id46_1302.jpg,31.0,"{'Woman': 18.550190329551697, 'Man': 81.44981265068054}",Man,
id18_630.jpg,32.0,"{'Woman': 11.701492220163345, 'Man': 88.29850554466248}",Man,
id84_2247.jpg,36.0,"{'Woman': 7.5110189616680145, 'Man': 92.48898029327393}",Man,
id119_3224.jpg,29.0,"{'Woman': 13.702976703643799, 'Man': 86.29701733589172}",Man,
id48_1181.jpg,36.0,"{'Woman': 3.519594296813011, 'Man': 96.48039937019348}",Man,
id77_2097.jpg,27.0,"{'Woman': 1.3918076641857624, 'Man': 98.60819578170776}",Man,
id5_42.jpg,23.0,"{'Woman': 2.7462296187877655, 'Man': 97.2537636756897}",Man,
id95_2581.jpg,27.0,"{'Woman': 12.169987708330154, 'Man': 87.83001899719238}",Man,
id48_1203.jpg,,,,'tuple' object has no attribute 'shape'
id3_57.jpg,26.0,"{'Woman': 0.8756532333791256, 'Man': 99.12434816360474}",Man,
id44_1038.jpg,39.0,"{'Woman': 6.410226970911026, 'Man': 93.58977675437927}",Man,
id125_3254.jpg,27.0,"{'Woman': 7.640208303928375, 'Man': 92.35979318618774}",Man,
id90_2660.jpg,29.0,"{'Woman': 50.078123807907104, 'Man': 49.92187321186066}",Woman,
id1_115.jpg,25.0,"{'Woman': 13.938039541244507, 'Man': 86.0619604587555}",Man,
id18_578.jpg,31.0,"{'Woman': 20.46780288219452, 'Man': 79.53220009803772}",Man,
id25_489.jpg,31.0,"{'Woman': 5.9747107326984406, 'Man': 94.02529001235962}",Man,
id37_829.jpg,32.0,"{'Woman': 92.28569269180298, 'Man': 7.714306563138962}",Woman,
id2_50.jpg,28.0,"{'Woman': 6.120664998888969, 'Man': 93.87933611869812}",Man,
id24_363.jpg,25.0,"{'Woman': 6.1140406876802444, 'Man': 93.88595819473267}",Man,
id4_17.jpg,32.0,"{'Woman': 65.74616432189941, 'Man': 34.2538446187973}",Woman,
id122_3218.jpg,,,,'tuple' object has no attribute 'shape'
id109_2703.jpg,31.0,"{'Woman': 16.58407896757126, 'Man': 83.4159255027771}",Man,
id113_2964.jpg,31.0,"{'Woman': 22.93587327003479, 'Man': 77.06413269042969}",Man,
id77_2096.jpg,27.0,"{'Woman': 1.4459209516644478, 'Man': 98.55408072471619}",Man,
id60_1541.jpg,31.0,"{'Woman': 15.062987804412842, 'Man': 84.93701219558716}",Man,
id62_1660.jpg,23.0,"{'Woman': 4.61847186088562, 'Man': 95.38152813911438}",Man,
id79_2099.jpg,30.0,"{'Woman': 2.7705399319529533, 'Man': 97.22946286201477}",Man,
id122_3156.jpg,31.0,"{'Woman': 12.646886706352234, 'Man': 87.35311627388}",Man,
id1_88.jpg,28.0,"{'Woman': 8.77300500869751, 'Man': 91.22699499130249}",Man,
id51_1311.jpg,23.0,"{'Woman': 3.073742426931858, 'Man': 96.92625999450684}",Man,
id44_1052.jpg,39.0,"{'Woman': 1.6703395172953606, 'Man': 98.32966327667236}",Man,
id1_148.jpg,30.0,"{'Woman': 19.742964208126068, 'Man': 80.25703430175781}",Man,
id25_458.jpg,,,,'tuple' object has no attribute 'shape'
id79_2070.jpg,31.0,"{'Woman': 18.383021652698517, 'Man': 81.6169798374176}",Man,
id113_3013.jpg,34.0,"{'Woman': 27.744731307029724, 'Man': 72.25527167320251}",Man,
id46_1230.jpg,31.0,"{'Woman': 23.44706952571869, 'Man': 76.55292749404907}",Man,
id18_772.jpg,37.0,"{'Woman': 28.91618311405182, 'Man': 71.08381390571594}",Man,
id18_647.jpg,35.0,"{'Woman': 40.871694684028625, 'Man': 59.12830829620361}",Man,
id45_1067.jpg,27.0,"{'Woman': 3.3905498683452606, 'Man': 96.60944938659668}",Man,
id105_2768.jpg,32.0,"{'Woman': 5.810872837901115, 'Man': 94.18912529945374}",Man,
id53_1345.jpg,31.0,"{'Woman': 7.3138512670993805, 'Man': 92.68614649772644}",Man,
id106_2665.jpg,24.0,"{'Woman': 5.244169756770134, 'Man': 94.7558343410492}",Man,
id94_2528.jpg,33.0,"{'Woman': 3.0764784663915634, 'Man': 96.92352414131165}",Man,
id79_2089.jpg,27.0,"{'Woman': 3.100263513624668, 'Man': 96.89973592758179}",Man,
id62_1703.jpg,33.0,"{'Woman': 7.5295813381671906, 'Man': 92.47041344642639}",Man,
id93_2732.jpg,27.0,"{'Woman': 16.195981204509735, 'Man': 83.80401730537415}",Man,
id78_2124.jpg,27.0,"{'Woman': 5.6130774319171906, 'Man': 94.38691735267639}",Man,
id77_2053.jpg,23.0,"{'Woman': 2.04640980809927, 'Man': 97.95358777046204}",Man,
id37_876.jpg,33.0,"{'Woman': 76.02032423019409, 'Man': 23.97967129945755}",Woman,
id18_387.jpg,24.0,"{'Woman': 21.111856400966644, 'Man': 78.88813614845276}",Man,
id37_866.jpg,39.0,"{'Woman': 84.887033700943, 'Man': 15.112961828708649}",Woman,
id18_638.jpg,35.0,"{'Woman': 69.52850222587585, 'Man': 30.471503734588623}",Woman,
id31_650.jpg,26.0,"{'Woman': 16.329386830329895, 'Man': 83.67061018943787}",Man,
id70_1832.jpg,36.0,"{'Woman': 1.3454862870275974, 'Man': 98.65451455116272}",Man,
id130_3277.jpg,30.0,"{'Woman': 96.1976170539856, 'Man': 3.8023870438337326}",Woman,
id30_479.jpg,29.0,"{'Woman': 12.100916355848312, 'Man': 87.8990888595581}",Man,
id55_1547.jpg,,,,'tuple' object has no attribute 'shape'
id125_3244.jpg,26.0,"{'Woman': 15.650837123394012, 'Man': 84.34915542602539}",Man,
id94_2441.jpg,27.0,"{'Woman': 16.065165400505066, 'Man': 83.93483757972717}",Man,
id59_1536.jpg,35.0,"{'Woman': 97.50622510910034, 'Man': 2.493775077164173}",Woman,
id20_478.jpg,34.0,"{'Woman': 40.05886912345886, 'Man': 59.94113087654114}",Man,
id122_3151.jpg,25.0,"{'Woman': 29.754459857940674, 'Man': 70.24554014205933}",Man,
id42_1043.jpg,33.0,"{'Woman': 8.848460763692856, 'Man': 91.15154147148132}",Man,
id2_5.jpg,29.0,"{'Woman': 12.247810512781143, 'Man': 87.75218725204468}",Man,
id77_2002.jpg,38.0,"{'Woman': 2.040286734700203, 'Man': 97.95971512794495}",Man,
id27_457.jpg,24.0,"{'Woman': 2.1906454116106033, 'Man': 97.80936241149902}",Man,
id78_2185.jpg,27.0,"{'Woman': 9.051887691020966, 'Man': 90.94811081886292}",Man,
id3_69.jpg,30.0,"{'Woman': 1.0776558890938759, 'Man': 98.92234802246094}",Man,
id35_762.jpg,,,,'tuple' object has no attribute 'shape'
id41_1031.jpg,26.0,"{'Woman': 8.319755643606186, 'Man': 91.68024063110352}",Man,
id118_3049.jpg,29.0,"{'Woman': 82.39388465881348, 'Man': 17.606112360954285}",Woman,
id79_2135.jpg,29.0,"{'Woman': 11.428294330835342, 'Man': 88.57170939445496}",Man,
id18_628.jpg,34.0,"{'Woman': 12.789827585220337, 'Man': 87.21017241477966}",Man,
id24_360.jpg,29.0,"{'Woman': 5.771416053175926, 'Man': 94.22858357429504}",Man,
id36_1319.jpg,36.0,"{'Woman': 41.46160185337067, 'Man': 58.538395166397095}",Man,
id49_1281.jpg,24.0,"{'Woman': 10.471569001674652, 'Man': 89.52842950820923}",Man,
id57_1540.jpg,26.0,"{'Woman': 2.3697607219219208, 'Man': 97.63023853302002}",Man,
id84_2292.jpg,34.0,"{'Woman': 12.565447390079498, 'Man': 87.43454813957214}",Man,
id43_1185.jpg,32.0,"{'Woman': 14.48943018913269, 'Man': 85.51056981086731}",Man,
id122_3162.jpg,35.0,"{'Woman': 11.410962045192719, 'Man': 88.58904242515564}",Man,
id115_2949.jpg,32.0,"{'Woman': 18.172773718833923, 'Man': 81.82722330093384}",Man,
id37_855.jpg,,,,'tuple' object has no attribute 'shape'
id115_2876.jpg,33.0,"{'Woman': 14.75193202495575, 'Man': 85.24807095527649}",Man,
id85_2172.jpg,27.0,"{'Woman': 8.458331972360611, 'Man': 91.54167175292969}",Man,
id41_1413.jpg,27.0,"{'Woman': 5.511003732681274, 'Man': 94.48899030685425}",Man,
id122_3174.jpg,28.0,"{'Woman': 20.56051343679428, 'Man': 79.4394850730896}",Man,
id79_2102.jpg,38.0,"{'Woman': 3.58307845890522, 'Man': 96.41692638397217}",Man,
id93_2457.jpg,32.0,"{'Woman': 62.44414448738098, 'Man': 37.55585849285126}",Woman,
id41_1420.jpg,27.0,"{'Woman': 82.63441920280457, 'Man': 17.365579307079315}",Woman,
id77_2061.jpg,32.0,"{'Woman': 1.623687520623207, 'Man': 98.37630987167358}",Man,
id106_2675.jpg,25.0,"{'Woman': 3.288397938013077, 'Man': 96.71160578727722}",Man,
id1_11.jpg,29.0,"{'Woman': 2.6131289079785347, 'Man': 97.3868727684021}",Man,
id24_599.jpg,35.0,"{'Woman': 9.939444810152054, 'Man': 90.06056189537048}",Man,
id42_1076.jpg,31.0,"{'Woman': 2.0421961322426796, 'Man': 97.95780777931213}",Man,
id1_245.jpg,26.0,"{'Woman': 80.12768030166626, 'Man': 19.87231969833374}",Woman,
id46_1299.jpg,32.0,"{'Woman': 84.87513065338135, 'Man': 15.124870836734772}",Woman,
id7_101.jpg,34.0,"{'Woman': 34.81605648994446, 'Man': 65.18394351005554}",Man,
id91_2381.jpg,31.0,"{'Woman': 20.40160298347473, 'Man': 79.59840297698975}",Man,
id36_1367.jpg,34.0,"{'Woman': 81.05514645576477, 'Man': 18.94485205411911}",Woman,
id65_1672.jpg,37.0,"{'Woman': 22.342440485954285, 'Man': 77.65755653381348}",Man,
id46_1374.jpg,27.0,"{'Woman': 8.781645447015762, 'Man': 91.21835827827454}",Man,
id42_1010.jpg,29.0,"{'Woman': 2.344774827361107, 'Man': 97.65522480010986}",Man,
id97_2535.jpg,31.0,"{'Woman': 6.0058217495679855, 'Man': 93.99417638778687}",Man,
id73_1892.jpg,34.0,"{'Woman': 5.416865274310112, 'Man': 94.58314180374146}",Man,
id41_1075.jpg,,,,'tuple' object has no attribute 'shape'
id47_1153.jpg,27.0,"{'Woman': 25.026851892471313, 'Man': 74.97314214706421}",Man,
id36_984.jpg,31.0,"{'Woman': 26.27580165863037, 'Man': 73.7242043018341}",Man,
id118_2997.jpg,31.0,"{'Woman': 44.8034793138504, 'Man': 55.196523666381836}",Man,
id121_3236.jpg,27.0,"{'Woman': 13.61733078956604, 'Man': 86.38266921043396}",Man,
id84_2229.jpg,30.0,"{'Woman': 13.28970491886139, 'Man': 86.71029210090637}",Man,
id39_897.jpg,30.0,"{'Woman': 22.681012749671936, 'Man': 77.31898427009583}",Man,
id42_1035.jpg,31.0,"{'Woman': 10.285531729459763, 'Man': 89.71446752548218}",Man,
id79_2133.jpg,36.0,"{'Woman': 23.52619618177414, 'Man': 76.47380232810974}",Man,
id78_2096.jpg,25.0,"{'Woman': 2.295713685452938, 'Man': 97.70429134368896}",Man,
id108_2710.jpg,34.0,"{'Woman': 2.289780229330063, 'Man': 97.71022200584412}",Man,
id24_505.jpg,27.0,"{'Woman': 1.7038144171237946, 'Man': 98.29618334770203}",Man,
id79_2016.jpg,,,,'tuple' object has no attribute 'shape'
id10_196.jpg,,,,'tuple' object has no attribute 'shape'
id72_1891.jpg,28.0,"{'Woman': 2.6920072734355927, 'Man': 97.30799794197083}",Man,
id54_1485.jpg,34.0,"{'Woman': 1.7558284103870392, 'Man': 98.24417233467102}",Man,
id110_2730.jpg,30.0,"{'Woman': 66.81766510009766, 'Man': 33.182334899902344}",Woman,
id83_2159.jpg,32.0,"{'Woman': 9.920915961265564, 'Man': 90.0790810585022}",Man,
id39_905.jpg,29.0,"{'Woman': 5.0004757940769196, 'Man': 94.9995219707489}",Man,
id115_3033.jpg,31.0,"{'Woman': 46.59119248390198, 'Man': 53.40880751609802}",Man,
id94_2548.jpg,28.0,"{'Woman': 7.123925536870956, 'Man': 92.87607669830322}",Man,
id93_2738.jpg,31.0,"{'Woman': 37.4350368976593, 'Man': 62.5649631023407}",Man,
id88_2419.jpg,29.0,"{'Woman': 0.4433207679539919, 'Man': 99.55667853355408}",Man,
id68_1822.jpg,28.0,"{'Woman': 12.883630394935608, 'Man': 87.11637258529663}",Man,
id36_872.jpg,,,,'tuple' object has no attribute 'shape'
id59_1607.jpg,31.0,"{'Woman': 19.990412890911102, 'Man': 80.00958561897278}",Man,
id85_2174.jpg,28.0,"{'Woman': 5.766644701361656, 'Man': 94.23335194587708}",Man,
id101_2661.jpg,23.0,"{'Woman': 22.15171456336975, 'Man': 77.84828543663025}",Man,
id16_259.jpg,28.0,"{'Woman': 3.6367788910865784, 'Man': 96.36321663856506}",Man,
id1_179.jpg,25.0,"{'Woman': 80.90165257453918, 'Man': 19.098348915576935}",Woman,
id73_1913.jpg,28.0,"{'Woman': 14.265342056751251, 'Man': 85.73465347290039}",Man,
id11_247.jpg,,,,'tuple' object has no attribute 'shape'
id117_3046.jpg,26.0,"{'Woman': 0.8924406953155994, 'Man': 99.10756349563599}",Man,
id1_17.jpg,26.0,"{'Woman': 1.0188682936131954, 'Man': 98.98113012313843}",Man,
id115_2990.jpg,29.0,"{'Woman': 56.82506561279297, 'Man': 43.17493438720703}",Woman,
id39_915.jpg,31.0,"{'Woman': 7.468471676111221, 'Man': 92.53153204917908}",Man,
id45_1086.jpg,,,,'tuple' object has no attribute 'shape'
id45_1078.jpg,,,,'tuple' object has no attribute 'shape'
id125_3241.jpg,27.0,"{'Woman': 28.82009744644165, 'Man': 71.17989659309387}",Man,
id122_3155.jpg,31.0,"{'Woman': 11.684035509824753, 'Man': 88.31596374511719}",Man,
id134_3320.jpg,27.0,"{'Woman': 6.775909662246704, 'Man': 93.22409629821777}",Man,
id41_1027.jpg,27.0,"{'Woman': 9.098099172115326, 'Man': 90.90189933776855}",Man,
id42_974.jpg,,,,'tuple' object has no attribute 'shape'
id135_3315.jpg,30.0,"{'Woman': 12.271197140216827, 'Man': 87.72880434989929}",Man,
id42_1220.jpg,29.0,"{'Woman': 5.302031338214874, 'Man': 94.69796419143677}",Man,
id118_3023.jpg,30.0,"{'Woman': 20.22547721862793, 'Man': 79.77452278137207}",Man,
id51_1251.jpg,24.0,"{'Woman': 2.1475449204444885, 'Man': 97.85245060920715}",Man,
id121_3264.jpg,28.0,"{'Woman': 8.821489661931992, 'Man': 91.17851257324219}",Man,
id130_3274.jpg,31.0,"{'Woman': 83.92463326454163, 'Man': 16.075359284877777}",Woman,
id121_3284.jpg,26.0,"{'Woman': 10.06719246506691, 'Man': 89.93281126022339}",Man,
id36_1283.jpg,,,,'tuple' object has no attribute 'shape'
id45_1090.jpg,,,,'tuple' object has no attribute 'shape'
id36_903.jpg,,,,'tuple' object has no attribute 'shape'
id43_1049.jpg,25.0,"{'Woman': 16.323651373386383, 'Man': 83.67634415626526}",Man,
id77_2160.jpg,22.0,"{'Woman': 1.6131969168782234, 'Man': 98.38680028915405}",Man,
id109_2689.jpg,37.0,"{'Woman': 12.48486191034317, 'Man': 87.51513957977295}",Man,
id41_1442.jpg,28.0,"{'Woman': 90.642648935318, 'Man': 9.357352554798126}",Woman,
id59_1571.jpg,,,,'tuple' object has no attribute 'shape'
id78_2114.jpg,28.0,"{'Woman': 4.384876042604446, 'Man': 95.61511874198914}",Man,
id121_3119.jpg,26.0,"{'Woman': 56.17247223854065, 'Man': 43.82752478122711}",Woman,
id103_2699.jpg,29.0,"{'Woman': 30.30625283718109, 'Man': 69.69375014305115}",Man,
id70_1863.jpg,31.0,"{'Woman': 41.0905122756958, 'Man': 58.90948176383972}",Man,
id46_1304.jpg,34.0,"{'Woman': 37.78933584690094, 'Man': 62.2106671333313}",Man,
id77_2138.jpg,26.0,"{'Woman': 9.090156108140945, 'Man': 90.90984463691711}",Man,
id1_62.jpg,33.0,"{'Woman': 11.363036930561066, 'Man': 88.63695859909058}",Man,
id41_942.jpg,27.0,"{'Woman': 51.49672031402588, 'Man': 48.50328266620636}",Woman,
id1_253.jpg,27.0,"{'Woman': 52.44896411895752, 'Man': 47.551029920578}",Woman,
id71_1883.jpg,29.0,"{'Woman': 3.793218731880188, 'Man': 96.20678424835205}",Man,
id36_1313.jpg,,,,'tuple' object has no attribute 'shape'
id30_426.jpg,28.0,"{'Woman': 13.598580658435822, 'Man': 86.40141487121582}",Man,
id41_1051.jpg,29.0,"{'Woman': 21.42084687948227, 'Man': 78.57915163040161}",Man,
id31_446.jpg,31.0,"{'Woman': 12.322279810905457, 'Man': 87.67772316932678}",Man,
id36_1844.jpg,40.0,"{'Woman': 13.101528584957123, 'Man': 86.89846992492676}",Man,
id101_2630.jpg,25.0,"{'Woman': 3.9503313601017, 'Man': 96.04966640472412}",Man,
id11_177.jpg,27.0,"{'Woman': 76.88438296318054, 'Man': 23.115621507167816}",Woman,
id54_1467.jpg,30.0,"{'Woman': 11.07955202460289, 'Man': 88.92044425010681}",Man,
id1_48.jpg,27.0,"{'Woman': 11.11237034201622, 'Man': 88.88762593269348}",Man,
id79_2122.jpg,32.0,"{'Woman': 14.743314683437347, 'Man': 85.25668382644653}",Man,
id92_2407.jpg,33.0,"{'Woman': 18.17760467529297, 'Man': 81.82239532470703}",Man,
id85_2184.jpg,29.0,"{'Woman': 6.89249187707901, 'Man': 93.10750365257263}",Man,
id121_3263.jpg,28.0,"{'Woman': 8.795163035392761, 'Man': 91.20483994483948}",Man,
id121_3277.jpg,27.0,"{'Woman': 7.754392176866531, 'Man': 92.24560856819153}",Man,
id45_1173.jpg,33.0,"{'Woman': 3.9079897105693817, 'Man': 96.09201550483704}",Man,
id43_1197.jpg,30.0,"{'Woman': 7.607759535312653, 'Man': 92.39224791526794}",Man,
id62_1717.jpg,24.0,"{'Woman': 1.8779454752802849, 'Man': 98.12204837799072}",Man,
id84_2246.jpg,31.0,"{'Woman': 7.045391201972961, 'Man': 92.95461177825928}",Man,
id68_1853.jpg,27.0,"{'Woman': 15.85545688867569, 'Man': 84.14453864097595}",Man,
id25_382.jpg,32.0,"{'Woman': 88.67931962013245, 'Man': 11.320682615041733}",Woman,
id51_1266.jpg,25.0,"{'Woman': 2.2472750395536423, 'Man': 97.75272607803345}",Man,
id18_667.jpg,29.0,"{'Woman': 9.739800542593002, 'Man': 90.26020169258118}",Man,
id16_228.jpg,25.0,"{'Woman': 6.3567154109478, 'Man': 93.64328980445862}",Man,
id63_1674.jpg,29.0,"{'Woman': 26.65739357471466, 'Man': 73.34260940551758}",Man,
id36_991.jpg,,,,'tuple' object has no attribute 'shape'
id77_2312.jpg,27.0,"{'Woman': 2.1619170904159546, 'Man': 97.83808588981628}",Man,
id41_961.jpg,28.0,"{'Woman': 8.253641426563263, 'Man': 91.74636006355286}",Man,
id69_1992.jpg,28.0,"{'Woman': 3.27901653945446, 'Man': 96.72098159790039}",Man,
id115_2926.jpg,25.0,"{'Woman': 7.2132691740989685, 'Man': 92.78672933578491}",Man,
id24_480.jpg,30.0,"{'Woman': 7.446645200252533, 'Man': 92.55334734916687}",Man,
id97_2531.jpg,28.0,"{'Woman': 12.751194834709167, 'Man': 87.24880814552307}",Man,
id42_1095.jpg,27.0,"{'Woman': 3.144099935889244, 'Man': 96.85589671134949}",Man,
id41_1409.jpg,31.0,"{'Woman': 6.005943566560745, 'Man': 93.99406313896179}",Man,
id101_2586.jpg,25.0,"{'Woman': 3.587251529097557, 'Man': 96.41274809837341}",Man,
id18_765.jpg,30.0,"{'Woman': 31.577524542808533, 'Man': 68.4224784374237}",Man,
id1_81.jpg,28.0,"{'Woman': 5.652137845754623, 'Man': 94.34786438941956}",Man,
id91_2387.jpg,37.0,"{'Woman': 28.070759773254395, 'Man': 71.9292402267456}",Man,
id37_893.jpg,35.0,"{'Woman': 13.852119445800781, 'Man': 86.14787459373474}",Man,
id92_2391.jpg,29.0,"{'Woman': 10.840722173452377, 'Man': 89.1592800617218}",Man,
id78_2237.jpg,32.0,"{'Woman': 13.999201357364655, 'Man': 86.00079417228699}",Man,
id41_1019.jpg,28.0,"{'Woman': 11.008810997009277, 'Man': 88.99118304252625}",Man,
id10_265.jpg,35.0,"{'Woman': 9.357170760631561, 'Man': 90.6428337097168}",Man,
id46_1253.jpg,33.0,"{'Woman': 26.600515842437744, 'Man': 73.39949011802673}",Man,
id23_327.jpg,26.0,"{'Woman': 0.42746812105178833, 'Man': 99.57252740859985}",Man,
id5_70.jpg,27.0,"{'Woman': 27.4090439081192, 'Man': 72.59095907211304}",Man,
id48_1196.jpg,36.0,"{'Woman': 3.313872218132019, 'Man': 96.68612480163574}",Man,
id123_3285.jpg,27.0,"{'Woman': 24.165043234825134, 'Man': 75.83495378494263}",Man,
id42_1008.jpg,42.0,"{'Woman': 7.57681131362915, 'Man': 92.42319464683533}",Man,
id65_1689.jpg,35.0,"{'Woman': 49.87420439720154, 'Man': 50.125789642333984}",Man,
id24_380.jpg,25.0,"{'Woman': 4.4362954795360565, 'Man': 95.56370973587036}",Man,
id39_921.jpg,28.0,"{'Woman': 21.85758650302887, 'Man': 78.14241051673889}",Man,
id16_292.jpg,27.0,"{'Woman': 21.51920199394226, 'Man': 78.48080396652222}",Man,
id8_130.jpg,28.0,"{'Woman': 65.15960097312927, 'Man': 34.84039902687073}",Woman,
id54_1484.jpg,38.0,"{'Woman': 2.5540536269545555, 'Man': 97.44594693183899}",Man,
id45_1041.jpg,,,,'tuple' object has no attribute 'shape'
id62_1694.jpg,34.0,"{'Woman': 21.078263223171234, 'Man': 78.92173528671265}",Man,
id10_139.jpg,34.0,"{'Woman': 11.965584754943848, 'Man': 88.03440928459167}",Man,
id122_3164.jpg,32.0,"{'Woman': 18.78737062215805, 'Man': 81.21262788772583}",Man,
id43_1054.jpg,23.0,"{'Woman': 4.85784038901329, 'Man': 95.14215588569641}",Man,
id94_2460.jpg,25.0,"{'Woman': 15.487617254257202, 'Man': 84.5123827457428}",Man,
id40_1076.jpg,,,,'tuple' object has no attribute 'shape'
id123_3288.jpg,29.0,"{'Woman': 27.098077535629272, 'Man': 72.90191650390625}",Man,
id63_1781.jpg,36.0,"{'Woman': 12.317395955324173, 'Man': 87.68260478973389}",Man,
id49_1260.jpg,32.0,"{'Woman': 2.473963424563408, 'Man': 97.5260317325592}",Man,
id42_1031.jpg,34.0,"{'Woman': 23.83384257555008, 'Man': 76.16615295410156}",Man,
id65_1746.jpg,32.0,"{'Woman': 15.989094972610474, 'Man': 84.01090502738953}",Man,
id39_878.jpg,35.0,"{'Woman': 10.619652271270752, 'Man': 89.38035368919373}",Man,
id11_185.jpg,28.0,"{'Woman': 35.4115754365921, 'Man': 64.58842754364014}",Man,
id42_1124.jpg,34.0,"{'Woman': 25.347650051116943, 'Man': 74.65234398841858}",Man,
id79_2071.jpg,26.0,"{'Woman': 10.57298257946968, 'Man': 89.4270122051239}",Man,
id45_1141.jpg,33.0,"{'Woman': 67.49178171157837, 'Man': 32.50822424888611}",Woman,
id82_2461.jpg,45.0,"{'Woman': 13.346114754676819, 'Man': 86.65388226509094}",Man,
id36_1304.jpg,,,,'tuple' object has no attribute 'shape'
id3_112.jpg,28.0,"{'Woman': 7.964969426393509, 'Man': 92.03502535820007}",Man,
id123_3184.jpg,30.0,"{'Woman': 15.664581954479218, 'Man': 84.33541655540466}",Man,
id36_767.jpg,28.0,"{'Woman': 8.460371941328049, 'Man': 91.53962731361389}",Man,
id123_3198.jpg,32.0,"{'Woman': 34.99774634838104, 'Man': 65.0022566318512}",Man,
id36_899.jpg,28.0,"{'Woman': 46.473655104637146, 'Man': 53.52635383605957}",Man,
id41_1062.jpg,29.0,"{'Woman': 31.39742910861969, 'Man': 68.60257387161255}",Man,
id113_2789.jpg,27.0,"{'Woman': 23.313526809215546, 'Man': 76.68647766113281}",Man,
id25_395.jpg,27.0,"{'Woman': 33.40978026390076, 'Man': 66.59021973609924}",Man,
id61_1672.jpg,32.0,"{'Woman': 35.66630184650421, 'Man': 64.33370113372803}",Man,
id27_418.jpg,35.0,"{'Woman': 13.567917048931122, 'Man': 86.43208146095276}",Man,
id116_3103.jpg,31.0,"{'Woman': 19.997166097164154, 'Man': 80.0028383731842}",Man,
id26_377.jpg,25.0,"{'Woman': 0.6784074939787388, 'Man': 99.32158589363098}",Man,
id83_2297.jpg,25.0,"{'Woman': 8.716554939746857, 'Man': 91.28344655036926}",Man,
id18_549.jpg,33.0,"{'Woman': 11.625952273607254, 'Man': 88.3740484714508}",Man,
id127_3240.jpg,29.0,"{'Woman': 90.44564962387085, 'Man': 9.554344415664673}",Woman,
id43_1252.jpg,27.0,"{'Woman': 11.304104328155518, 'Man': 88.69590163230896}",Man,
id60_1597.jpg,25.0,"{'Woman': 1.298739854246378, 'Man': 98.70125651359558}",Man,
id36_1452.jpg,35.0,"{'Woman': 62.48566508293152, 'Man': 37.51433491706848}",Woman,
id97_2532.jpg,27.0,"{'Woman': 11.362796276807785, 'Man': 88.63720297813416}",Man,
id1_244.jpg,24.0,"{'Woman': 76.63253545761108, 'Man': 23.367463052272797}",Woman,
id37_832.jpg,40.0,"{'Woman': 76.38621926307678, 'Man': 23.61377775669098}",Woman,
id20_297.jpg,27.0,"{'Woman': 25.785768032073975, 'Man': 74.2142379283905}",Man,
id16_241.jpg,26.0,"{'Woman': 3.2483678311109543, 'Man': 96.7516303062439}",Man,
id42_956.jpg,,,,'tuple' object has no attribute 'shape'
id1_21.jpg,30.0,"{'Woman': 3.787730261683464, 'Man': 96.21226787567139}",Man,
id83_2355.jpg,31.0,"{'Woman': 11.182838678359985, 'Man': 88.81716728210449}",Man,
id19_304.jpg,35.0,"{'Woman': 12.784743309020996, 'Man': 87.21526265144348}",Man,
id1_207.jpg,27.0,"{'Woman': 90.16762375831604, 'Man': 9.832373261451721}",Woman,
id43_990.jpg,32.0,"{'Woman': 17.161040008068085, 'Man': 82.83896446228027}",Man,
id65_1710.jpg,37.0,"{'Woman': 4.590903967618942, 'Man': 95.409095287323}",Man,
id36_1292.jpg,,,,'tuple' object has no attribute 'shape'
id77_2123.jpg,34.0,"{'Woman': 15.366940200328827, 'Man': 84.63305830955505}",Man,
id79_2153.jpg,22.0,"{'Woman': 3.7917815148830414, 'Man': 96.20821475982666}",Man,
id32_496.jpg,26.0,"{'Woman': 0.8531659841537476, 'Man': 99.14683103561401}",Man,
id24_590.jpg,33.0,"{'Woman': 15.82038402557373, 'Man': 84.17961597442627}",Man,
id46_1313.jpg,31.0,"{'Woman': 21.37729525566101, 'Man': 78.62270474433899}",Man,
id108_2734.jpg,27.0,"{'Woman': 7.702929526567459, 'Man': 92.29707717895508}",Man,
id83_2452.jpg,27.0,"{'Woman': 44.31617856025696, 'Man': 55.68382143974304}",Man,
id41_1010.jpg,28.0,"{'Woman': 16.89814329147339, 'Man': 83.10185670852661}",Man,
id113_2785.jpg,31.0,"{'Woman': 26.81252658367157, 'Man': 73.18747639656067}",Man,
id41_1317.jpg,26.0,"{'Woman': 30.87359070777893, 'Man': 69.12640333175659}",Man,
id5_139.jpg,28.0,"{'Woman': 1.8311550840735435, 'Man': 98.16884398460388}",Man,
id108_2781.jpg,38.0,"{'Woman': 11.024994403123856, 'Man': 88.9750063419342}",Man,
id63_1665.jpg,28.0,"{'Woman': 3.433087095618248, 'Man': 96.56690955162048}",Man,
id65_1683.jpg,37.0,"{'Woman': 47.63652980327606, 'Man': 52.3634672164917}",Man,
id60_1568.jpg,29.0,"{'Woman': 1.6106652095913887, 'Man': 98.38933944702148}",Man,
id121_3185.jpg,30.0,"{'Woman': 55.786627531051636, 'Man': 44.213369488716125}",Woman,
id36_798.jpg,,,,'tuple' object has no attribute 'shape'
id5_45.jpg,34.0,"{'Woman': 10.76098456978798, 'Man': 89.23901319503784}",Man,
id65_1675.jpg,39.0,"{'Woman': 32.387009263038635, 'Man': 67.61299967765808}",Man,
id40_1142.jpg,33.0,"{'Woman': 31.12219274044037, 'Man': 68.87780427932739}",Man,
id90_2407.jpg,26.0,"{'Woman': 3.7368785589933395, 'Man': 96.26312255859375}",Man,
id109_2699.jpg,30.0,"{'Woman': 12.628373503684998, 'Man': 87.37162351608276}",Man,
id94_2449.jpg,32.0,"{'Woman': 13.191018998622894, 'Man': 86.80897951126099}",Man,
id15_241.jpg,33.0,"{'Woman': 17.969325184822083, 'Man': 82.03067779541016}",Man,
id70_1874.jpg,29.0,"{'Woman': 5.970709398388863, 'Man': 94.02928948402405}",Man,
id36_920.jpg,28.0,"{'Woman': 15.726281702518463, 'Man': 84.27371978759766}",Man,
id60_1577.jpg,30.0,"{'Woman': 0.9540735743939877, 'Man': 99.04593229293823}",Man,
id129_3291.jpg,37.0,"{'Woman': 13.085025548934937, 'Man': 86.91498041152954}",Man,
id45_1084.jpg,,,,'tuple' object has no attribute 'shape'
id108_2900.jpg,27.0,"{'Woman': 2.4934072047472, 'Man': 97.50658869743347}",Man,
id115_2851.jpg,27.0,"{'Woman': 20.317620038986206, 'Man': 79.6823799610138}",Man,
id15_240.jpg,32.0,"{'Woman': 18.633760511875153, 'Man': 81.36624097824097}",Man,
id60_1572.jpg,22.0,"{'Woman': 0.37691236939281225, 'Man': 99.62309002876282}",Man,
id2_152.jpg,29.0,"{'Woman': 10.621224343776703, 'Man': 89.37877416610718}",Man,
id1_196.jpg,28.0,"{'Woman': 30.446535348892212, 'Man': 69.55346465110779}",Man,
id45_1040.jpg,30.0,"{'Woman': 8.68566408753395, 'Man': 91.31433963775635}",Man,
id83_2230.jpg,30.0,"{'Woman': 29.110926389694214, 'Man': 70.88907361030579}",Man,
id24_368.jpg,30.0,"{'Woman': 7.45043084025383, 'Man': 92.54956841468811}",Man,
id85_2182.jpg,26.0,"{'Woman': 9.896639734506607, 'Man': 90.10335803031921}",Man,
id90_2459.jpg,28.0,"{'Woman': 5.6893423199653625, 'Man': 94.31065917015076}",Man,
id105_2759.jpg,35.0,"{'Woman': 19.539599120616913, 'Man': 80.46039938926697}",Man,
id90_2377.jpg,32.0,"{'Woman': 14.399434626102448, 'Man': 85.60056686401367}",Man,
id78_2138.jpg,28.0,"{'Woman': 4.404668882489204, 'Man': 95.5953299999237}",Man,
id10_150.jpg,24.0,"{'Woman': 2.249171771109104, 'Man': 97.75083065032959}",Man,
id36_914.jpg,29.0,"{'Woman': 11.672303825616837, 'Man': 88.32769989967346}",Man,
id77_2278.jpg,26.0,"{'Woman': 3.218702971935272, 'Man': 96.78129553794861}",Man,
id124_3280.jpg,,,,'tuple' object has no attribute 'shape'
id67_1923.jpg,33.0,"{'Woman': 31.968769431114197, 'Man': 68.03122758865356}",Man,
id72_1884.jpg,29.0,"{'Woman': 2.9308438301086426, 'Man': 97.06915616989136}",Man,
id41_1104.jpg,32.0,"{'Woman': 13.438411056995392, 'Man': 86.5615963935852}",Man,
id47_1255.jpg,30.0,"{'Woman': 20.26611864566803, 'Man': 79.73388433456421}",Man,
id6_78.jpg,26.0,"{'Woman': 12.612712383270264, 'Man': 87.38728761672974}",Man,
id28_401.jpg,28.0,"{'Woman': 25.815865397453308, 'Man': 74.18413162231445}",Man,
id41_999.jpg,26.0,"{'Woman': 12.580354511737823, 'Man': 87.41964101791382}",Man,
id62_1648.jpg,34.0,"{'Woman': 8.414243906736374, 'Man': 91.58576130867004}",Man,
id5_189.jpg,28.0,"{'Woman': 12.302874773740768, 'Man': 87.69712448120117}",Man,
id49_1203.jpg,28.0,"{'Woman': 7.52677246928215, 'Man': 92.47322678565979}",Man,
id90_2439.jpg,33.0,"{'Woman': 13.076797127723694, 'Man': 86.92319989204407}",Man,
id73_1900.jpg,31.0,"{'Woman': 11.823244392871857, 'Man': 88.17675113677979}",Man,
id78_2009.jpg,24.0,"{'Woman': 6.9155000150203705, 'Man': 93.08450222015381}",Man,
id90_2372.jpg,29.0,"{'Woman': 87.98896074295044, 'Man': 12.0110385119915}",Woman,
id79_2081.jpg,29.0,"{'Woman': 5.832114070653915, 'Man': 94.16788816452026}",Man,
id118_3013.jpg,32.0,"{'Woman': 64.16144371032715, 'Man': 35.83855926990509}",Woman,
id73_1888.jpg,34.0,"{'Woman': 6.935717165470123, 'Man': 93.064284324646}",Man,
id45_1059.jpg,29.0,"{'Woman': 9.91964116692543, 'Man': 90.08035659790039}",Man,
id121_3261.jpg,27.0,"{'Woman': 7.061959803104401, 'Man': 92.93804168701172}",Man,
id79_2037.jpg,25.0,"{'Woman': 9.411509335041046, 'Man': 90.5884861946106}",Man,
id49_1207.jpg,29.0,"{'Woman': 16.80472493171692, 'Man': 83.19527506828308}",Man,
id60_1587.jpg,24.0,"{'Woman': 1.0334915481507778, 'Man': 98.96650910377502}",Man,
id41_1338.jpg,31.0,"{'Woman': 9.441184252500534, 'Man': 90.5588150024414}",Man,
id25_460.jpg,,,,'tuple' object has no attribute 'shape'
id118_2994.jpg,34.0,"{'Woman': 51.836198568344116, 'Man': 48.163801431655884}",Woman,
id128_3246.jpg,23.0,"{'Woman': 1.351873204112053, 'Man': 98.64813089370728}",Man,
id108_2720.jpg,31.0,"{'Woman': 5.230002850294113, 'Man': 94.76999640464783}",Man,
id79_2062.jpg,25.0,"{'Woman': 11.438548564910889, 'Man': 88.56145143508911}",Man,
id65_1676.jpg,39.0,"{'Woman': 28.313350677490234, 'Man': 71.68664932250977}",Man,
id40_1060.jpg,30.0,"{'Woman': 31.018388271331787, 'Man': 68.98161768913269}",Man,
id34_749.jpg,33.0,"{'Woman': 6.519510596990585, 'Man': 93.48048567771912}",Man,
id83_2178.jpg,33.0,"{'Woman': 17.754653096199036, 'Man': 82.24534392356873}",Man,
id65_1759.jpg,34.0,"{'Woman': 10.873471945524216, 'Man': 89.12652134895325}",Man,
id1_143.jpg,29.0,"{'Woman': 41.26310050487518, 'Man': 58.736902475357056}",Man,
id32_479.jpg,30.0,"{'Woman': 10.399331897497177, 'Man': 89.60066437721252}",Man,
id91_2432.jpg,,,,'tuple' object has no attribute 'shape'
id49_1295.jpg,26.0,"{'Woman': 4.909741133451462, 'Man': 95.09026408195496}",Man,
id65_1804.jpg,29.0,"{'Woman': 41.87858998775482, 'Man': 58.12141299247742}",Man,
id54_1493.jpg,34.0,"{'Woman': 4.763948917388916, 'Man': 95.23605704307556}",Man,
id84_2192.jpg,25.0,"{'Woman': 12.019377946853638, 'Man': 87.98061609268188}",Man,
id90_2664.jpg,30.0,"{'Woman': 41.632115840911865, 'Man': 58.367884159088135}",Man,
id2_7.jpg,31.0,"{'Woman': 9.803921729326248, 'Man': 90.19607901573181}",Man,
id90_2417.jpg,30.0,"{'Woman': 5.062676593661308, 'Man': 94.93732452392578}",Man,
id41_1045.jpg,32.0,"{'Woman': 11.838577687740326, 'Man': 88.16142678260803}",Man,
id25_591.jpg,34.0,"{'Woman': 20.252928137779236, 'Man': 79.74706888198853}",Man,
id117_3136.jpg,28.0,"{'Woman': 20.723803341388702, 'Man': 79.27619814872742}",Man,
id84_2183.jpg,33.0,"{'Woman': 9.72106009721756, 'Man': 90.27894139289856}",Man,
id25_434.jpg,,,,'tuple' object has no attribute 'shape'
id1_220.jpg,27.0,"{'Woman': 11.290811002254486, 'Man': 88.7091875076294}",Man,
id23_330.jpg,27.0,"{'Woman': 0.7177028339356184, 'Man': 99.28230047225952}",Man,
id36_824.jpg,36.0,"{'Woman': 24.833883345127106, 'Man': 75.16611814498901}",Man,
id91_2411.jpg,32.0,"{'Woman': 22.099201381206512, 'Man': 77.90079712867737}",Man,
id98_2504.jpg,24.0,"{'Woman': 2.445678785443306, 'Man': 97.5543200969696}",Man,
id124_3276.jpg,,,,'tuple' object has no attribute 'shape'
id121_3220.jpg,27.0,"{'Woman': 10.410860180854797, 'Man': 89.58913683891296}",Man,
id1_186.jpg,25.0,"{'Woman': 26.553654670715332, 'Man': 73.44634532928467}",Man,
id113_3008.jpg,33.0,"{'Woman': 15.016606450080872, 'Man': 84.98339653015137}",Man,
id20_375.jpg,30.0,"{'Woman': 12.474865466356277, 'Man': 87.52514123916626}",Man,
id65_1698.jpg,35.0,"{'Woman': 28.784525394439697, 'Man': 71.2154746055603}",Man,
id77_2046.jpg,24.0,"{'Woman': 1.3764162547886372, 'Man': 98.62357974052429}",Man,
id83_2317.jpg,,,,'tuple' object has no attribute 'shape'
id54_1529.jpg,31.0,"{'Woman': 3.166581317782402, 'Man': 96.83341383934021}",Man,
id36_974.jpg,34.0,"{'Woman': 31.51136338710785, 'Man': 68.48863363265991}",Man,
id79_2106.jpg,30.0,"{'Woman': 10.129015892744064, 'Man': 89.87098336219788}",Man,
id93_2674.jpg,31.0,"{'Woman': 9.719332307577133, 'Man': 90.28066992759705}",Man,
id38_869.jpg,23.0,"{'Woman': 4.89962138235569, 'Man': 95.10037302970886}",Man,
id39_920.jpg,28.0,"{'Woman': 15.109214186668396, 'Man': 84.89078879356384}",Man,
id31_697.jpg,38.0,"{'Woman': 8.173376321792603, 'Man': 91.8266236782074}",Man,
id108_2792.jpg,36.0,"{'Woman': 0.7211402989923954, 'Man': 99.27886128425598}",Man,
id44_1069.jpg,28.0,"{'Woman': 1.3564342632889748, 'Man': 98.643559217453}",Man,
id84_2238.jpg,34.0,"{'Woman': 10.785424709320068, 'Man': 89.21456933021545}",Man,
id115_3189.jpg,24.0,"{'Woman': 6.880968064069748, 'Man': 93.11902523040771}",Man,
id41_1490.jpg,28.0,"{'Woman': 16.33313149213791, 'Man': 83.66687297821045}",Man,
id62_1723.jpg,26.0,"{'Woman': 16.690760850906372, 'Man': 83.30923914909363}",Man,
id59_1550.jpg,35.0,"{'Woman': 37.601861357688904, 'Man': 62.398141622543335}",Man,
id35_760.jpg,29.0,"{'Woman': 37.46737539768219, 'Man': 62.53262758255005}",Man,
id43_1186.jpg,32.0,"{'Woman': 13.08830976486206, 'Man': 86.91168427467346}",Man,
id36_906.jpg,28.0,"{'Woman': 82.88161158561707, 'Man': 17.118388414382935}",Woman,
id122_3240.jpg,29.0,"{'Woman': 16.634923219680786, 'Man': 83.36507081985474}",Man,
id5_146.jpg,34.0,"{'Woman': 3.8366608321666718, 'Man': 96.16333842277527}",Man,
id36_1457.jpg,27.0,"{'Woman': 18.369953334331512, 'Man': 81.63004517555237}",Man,
id122_3223.jpg,23.0,"{'Woman': 7.1866147220134735, 'Man': 92.81337857246399}",Man,
id109_2690.jpg,37.0,"{'Woman': 12.518341839313507, 'Man': 87.48166561126709}",Man,
id44_1033.jpg,32.0,"{'Woman': 8.56037363409996, 'Man': 91.43962264060974}",Man,
id11_176.jpg,31.0,"{'Woman': 21.98375016450882, 'Man': 78.01624536514282}",Man,
id123_3195.jpg,32.0,"{'Woman': 18.25324445962906, 'Man': 81.74675107002258}",Man,
id37_889.jpg,32.0,"{'Woman': 35.49937307834625, 'Man': 64.50062990188599}",Man,
id34_786.jpg,32.0,"{'Woman': 19.783642888069153, 'Man': 80.21636009216309}",Man,
id118_3061.jpg,28.0,"{'Woman': 8.1133633852005, 'Man': 91.88662767410278}",Man,
id40_1040.jpg,23.0,"{'Woman': 14.697036147117615, 'Man': 85.30296087265015}",Man,
id63_1748.jpg,24.0,"{'Woman': 13.059340417385101, 'Man': 86.94066405296326}",Man,
id42_1098.jpg,28.0,"{'Woman': 16.637131571769714, 'Man': 83.36287140846252}",Man,
id61_1610.jpg,33.0,"{'Woman': 13.34865540266037, 'Man': 86.65134906768799}",Man,
id92_2387.jpg,34.0,"{'Woman': 10.29624193906784, 'Man': 89.70375657081604}",Man,
id105_2698.jpg,31.0,"{'Woman': 5.2909862250089645, 'Man': 94.70900893211365}",Man,
id30_499.jpg,30.0,"{'Woman': 10.87983325123787, 'Man': 89.12016749382019}",Man,
id37_837.jpg,,,,'tuple' object has no attribute 'shape'
id18_681.jpg,,,,'tuple' object has no attribute 'shape'
id121_3241.jpg,27.0,"{'Woman': 8.969782292842865, 'Man': 91.0302221775055}",Man,
id91_2422.jpg,31.0,"{'Woman': 40.75310826301575, 'Man': 59.246885776519775}",Man,
id6_60.jpg,27.0,"{'Woman': 7.8449249267578125, 'Man': 92.15506911277771}",Man,
id31_632.jpg,26.0,"{'Woman': 6.702392548322678, 'Man': 93.29760670661926}",Man,
id59_1574.jpg,,,,'tuple' object has no attribute 'shape'
id78_2060.jpg,23.0,"{'Woman': 5.145908519625664, 'Man': 94.85408663749695}",Man,
id118_3131.jpg,29.0,"{'Woman': 8.083032816648483, 'Man': 91.91696643829346}",Man,
id49_1503.jpg,31.0,"{'Woman': 4.210076108574867, 'Man': 95.78992128372192}",Man,
id118_3092.jpg,36.0,"{'Woman': 6.229688972234726, 'Man': 93.77031326293945}",Man,
id2_53.jpg,30.0,"{'Woman': 7.721156626939774, 'Man': 92.27883815765381}",Man,
id27_424.jpg,27.0,"{'Woman': 24.4556725025177, 'Man': 75.5443274974823}",Man,
id70_1825.jpg,34.0,"{'Woman': 1.3863381929695606, 'Man': 98.61366748809814}",Man,
id105_2870.jpg,31.0,"{'Woman': 26.746609807014465, 'Man': 73.25339317321777}",Man,
id63_1692.jpg,29.0,"{'Woman': 12.923602759838104, 'Man': 87.07639575004578}",Man,
id84_2270.jpg,26.0,"{'Woman': 8.24582725763321, 'Man': 91.75417423248291}",Man,
id36_978.jpg,31.0,"{'Woman': 16.037705540657043, 'Man': 83.96229147911072}",Man,
id16_274.jpg,,,,'tuple' object has no attribute 'shape'
id55_1509.jpg,28.0,"{'Woman': 5.754511803388596, 'Man': 94.24548745155334}",Man,
id47_1183.jpg,30.0,"{'Woman': 1.469968818128109, 'Man': 98.53002429008484}",Man,
id63_1704.jpg,30.0,"{'Woman': 7.694200426340103, 'Man': 92.30579733848572}",Man,
id41_1286.jpg,26.0,"{'Woman': 11.850210279226303, 'Man': 88.1497859954834}",Man,
id49_1240.jpg,27.0,"{'Woman': 0.698113115504384, 'Man': 99.30188059806824}",Man,
id91_2388.jpg,33.0,"{'Woman': 38.572973012924194, 'Man': 61.427026987075806}",Man,
id18_712.jpg,,,,'tuple' object has no attribute 'shape'
id115_2855.jpg,27.0,"{'Woman': 4.412034526467323, 'Man': 95.58796882629395}",Man,
id59_1639.jpg,33.0,"{'Woman': 71.7400848865509, 'Man': 28.259924054145813}",Woman,
id8_128.jpg,30.0,"{'Woman': 16.744305193424225, 'Man': 83.25569033622742}",Man,
id110_2760.jpg,34.0,"{'Woman': 1.2011531740427017, 'Man': 98.79884719848633}",Man,
id22_318.jpg,38.0,"{'Woman': 15.019305050373077, 'Man': 84.98069643974304}",Man,
id49_1314.jpg,29.0,"{'Woman': 5.591890960931778, 'Man': 94.40810680389404}",Man,
id77_2068.jpg,27.0,"{'Woman': 2.063908614218235, 'Man': 97.93608784675598}",Man,
id78_2186.jpg,25.0,"{'Woman': 9.288424998521805, 'Man': 90.71156978607178}",Man,
id43_1189.jpg,37.0,"{'Woman': 12.073461711406708, 'Man': 87.9265308380127}",Man,
id119_3216.jpg,26.0,"{'Woman': 11.887967586517334, 'Man': 88.11203241348267}",Man,
id77_2040.jpg,28.0,"{'Woman': 5.974211543798447, 'Man': 94.02578473091125}",Man,
id23_366.jpg,27.0,"{'Woman': 1.0276577435433865, 'Man': 98.97234439849854}",Man,
id11_174.jpg,33.0,"{'Woman': 21.829843521118164, 'Man': 78.17015051841736}",Man,
id94_2453.jpg,23.0,"{'Woman': 7.248884439468384, 'Man': 92.75110960006714}",Man,
id7_99.jpg,30.0,"{'Woman': 58.79698991775513, 'Man': 41.20301306247711}",Woman,
id47_1241.jpg,30.0,"{'Woman': 6.330535560846329, 'Man': 93.66946220397949}",Man,
id54_1477.jpg,33.0,"{'Woman': 1.4329876750707626, 'Man': 98.56701493263245}",Man,
id36_881.jpg,28.0,"{'Woman': 2.065187320113182, 'Man': 97.93480634689331}",Man,
id41_969.jpg,26.0,"{'Woman': 4.4938694685697556, 'Man': 95.50613164901733}",Man,
id39_860.jpg,31.0,"{'Woman': 38.055211305618286, 'Man': 61.944788694381714}",Man,
id27_423.jpg,29.0,"{'Woman': 29.656538367271423, 'Man': 70.34345865249634}",Man,
id18_711.jpg,31.0,"{'Woman': 4.930195212364197, 'Man': 95.06980776786804}",Man,
id40_1069.jpg,28.0,"{'Woman': 18.18803697824478, 'Man': 81.81196451187134}",Man,
id42_1132.jpg,30.0,"{'Woman': 8.948919177055359, 'Man': 91.0510778427124}",Man,
id36_975.jpg,36.0,"{'Woman': 19.021780788898468, 'Man': 80.97821474075317}",Man,
id18_626.jpg,30.0,"{'Woman': 16.667890548706055, 'Man': 83.33210349082947}",Man,
id108_2756.jpg,32.0,"{'Woman': 3.1963400542736053, 'Man': 96.80365920066833}",Man,
id62_1760.jpg,29.0,"{'Woman': 8.411423861980438, 'Man': 91.58858060836792}",Man,
id47_1184.jpg,25.0,"{'Woman': 0.4446844570338726, 'Man': 99.5553195476532}",Man,
id36_1340.jpg,35.0,"{'Woman': 35.41175723075867, 'Man': 64.58823680877686}",Man,
id39_880.jpg,34.0,"{'Woman': 14.946798980236053, 'Man': 85.05319952964783}",Man,
id20_308.jpg,29.0,"{'Woman': 2.9662227258086205, 'Man': 97.03378081321716}",Man,
id44_1046.jpg,28.0,"{'Woman': 1.3073602691292763, 'Man': 98.69264364242554}",Man,
id61_1614.jpg,34.0,"{'Woman': 8.940809220075607, 'Man': 91.05919599533081}",Man,
id79_2032.jpg,24.0,"{'Woman': 18.430377542972565, 'Man': 81.56962394714355}",Man,
id97_2530.jpg,26.0,"{'Woman': 5.617672577500343, 'Man': 94.38232779502869}",Man,
id1_151.jpg,29.0,"{'Woman': 20.373718440532684, 'Man': 79.6262800693512}",Man,
id18_616.jpg,27.0,"{'Woman': 1.6579324379563332, 'Man': 98.34206700325012}",Man,
id110_2741.jpg,26.0,"{'Woman': 3.8293447345495224, 'Man': 96.17065787315369}",Man,
id79_2111.jpg,29.0,"{'Woman': 7.4454933404922485, 'Man': 92.55450367927551}",Man,
id18_655.jpg,33.0,"{'Woman': 12.559889256954193, 'Man': 87.44010925292969}",Man,
id60_1588.jpg,30.0,"{'Woman': 1.9350042566657066, 'Man': 98.06499481201172}",Man,
id128_3236.jpg,34.0,"{'Woman': 4.25325520336628, 'Man': 95.74674367904663}",Man,
id41_1435.jpg,27.0,"{'Woman': 68.27237010002136, 'Man': 31.727635860443115}",Woman,
id1_211.jpg,24.0,"{'Woman': 90.27700424194336, 'Man': 9.722993522882462}",Woman,
id78_2193.jpg,27.0,"{'Woman': 3.2309815287590027, 'Man': 96.76901698112488}",Man,
id36_766.jpg,31.0,"{'Woman': 12.118983268737793, 'Man': 87.8810167312622}",Man,
id24_603.jpg,24.0,"{'Woman': 3.3846162259578705, 'Man': 96.61538004875183}",Man,
id115_2946.jpg,31.0,"{'Woman': 16.38617366552353, 'Man': 83.61382484436035}",Man,
id62_1767.jpg,29.0,"{'Woman': 3.623735159635544, 'Man': 96.37625813484192}",Man,
id55_1530.jpg,31.0,"{'Woman': 5.514338240027428, 'Man': 94.4856584072113}",Man,
id18_585.jpg,36.0,"{'Woman': 17.728224396705627, 'Man': 82.27177858352661}",Man,
id108_2696.jpg,31.0,"{'Woman': 17.442481219768524, 'Man': 82.55752325057983}",Man,
id78_2073.jpg,26.0,"{'Woman': 15.34135490655899, 'Man': 84.65864062309265}",Man,
id77_2223.jpg,29.0,"{'Woman': 7.82662034034729, 'Man': 92.17337965965271}",Man,
id122_3176.jpg,33.0,"{'Woman': 79.77461814880371, 'Man': 20.22538185119629}",Woman,
id43_1201.jpg,27.0,"{'Woman': 8.695567399263382, 'Man': 91.30443930625916}",Man,
id102_2669.jpg,26.0,"{'Woman': 26.095473766326904, 'Man': 73.90452027320862}",Man,
id18_566.jpg,27.0,"{'Woman': 30.260077118873596, 'Man': 69.73991990089417}",Man,
id103_2669.jpg,34.0,"{'Woman': 11.18030995130539, 'Man': 88.81969451904297}",Man,
id63_1753.jpg,27.0,"{'Woman': 14.662517607212067, 'Man': 85.33748388290405}",Man,
id23_360.jpg,33.0,"{'Woman': 3.9551638066768646, 'Man': 96.04483842849731}",Man,
id115_2899.jpg,27.0,"{'Woman': 8.253711462020874, 'Man': 91.74628853797913}",Man,
id55_1519.jpg,25.0,"{'Woman': 2.449634298682213, 'Man': 97.550368309021}",Man,
id46_1238.jpg,31.0,"{'Woman': 50.0698447227478, 'Man': 49.93015229701996}",Woman,
id31_651.jpg,27.0,"{'Woman': 9.503988921642303, 'Man': 90.49600958824158}",Man,
id123_3196.jpg,33.0,"{'Woman': 21.35031521320343, 'Man': 78.64967584609985}",Man,
id65_1669.jpg,35.0,"{'Woman': 11.180822551250458, 'Man': 88.81917595863342}",Man,
id63_1668.jpg,32.0,"{'Woman': 6.296855211257935, 'Man': 93.70314478874207}",Man,
id78_2198.jpg,26.0,"{'Woman': 12.50903457403183, 'Man': 87.49096393585205}",Man,
id3_21.jpg,28.0,"{'Woman': 6.440769135951996, 'Man': 93.55923533439636}",Man,
id36_1361.jpg,33.0,"{'Woman': 88.19124102592468, 'Man': 11.808764189481735}",Woman,
id25_472.jpg,32.0,"{'Woman': 7.305261492729187, 'Man': 92.69474148750305}",Man,
id30_495.jpg,25.0,"{'Woman': 37.3772531747818, 'Man': 62.62274384498596}",Man,
id42_1099.jpg,27.0,"{'Woman': 11.63274422287941, 'Man': 88.36725354194641}",Man,
id48_1182.jpg,34.0,"{'Woman': 2.2068191319704056, 'Man': 97.7931797504425}",Man,
id27_536.jpg,28.0,"{'Woman': 8.34779143333435, 'Man': 91.65221452713013}",Man,
id8_117.jpg,35.0,"{'Woman': 47.800713777542114, 'Man': 52.19928026199341}",Man,
id110_2712.jpg,31.0,"{'Woman': 41.394442319869995, 'Man': 58.60556364059448}",Man,
id42_989.jpg,31.0,"{'Woman': 10.392067581415176, 'Man': 89.60793018341064}",Man,
id2_61.jpg,26.0,"{'Woman': 4.617872089147568, 'Man': 95.38212418556213}",Man,
id42_953.jpg,36.0,"{'Woman': 6.946329772472382, 'Man': 93.05367469787598}",Man,
id47_1112.jpg,28.0,"{'Woman': 10.302150249481201, 'Man': 89.69785571098328}",Man,
id40_1061.jpg,27.0,"{'Woman': 28.005018830299377, 'Man': 71.99498414993286}",Man,
id122_3211.jpg,32.0,"{'Woman': 11.066501587629318, 'Man': 88.9335036277771}",Man,
id124_3277.jpg,35.0,"{'Woman': 10.878077894449234, 'Man': 89.12191987037659}",Man,
id115_3021.jpg,27.0,"{'Woman': 6.163009628653526, 'Man': 93.8369870185852}",Man,
id83_2209.jpg,27.0,"{'Woman': 3.9237767457962036, 'Man': 96.07622027397156}",Man,
id46_1246.jpg,33.0,"{'Woman': 45.334482192993164, 'Man': 54.66552376747131}",Man,
id83_2250.jpg,32.0,"{'Woman': 8.330364525318146, 'Man': 91.66963696479797}",Man,
id103_2637.jpg,31.0,"{'Woman': 23.721061646938324, 'Man': 76.27894282341003}",Man,
id32_454.jpg,25.0,"{'Woman': 6.423318386077881, 'Man': 93.5766875743866}",Man,
id40_1037.jpg,24.0,"{'Woman': 29.82061803340912, 'Man': 70.17938494682312}",Man,
id90_2429.jpg,32.0,"{'Woman': 59.485262632369995, 'Man': 40.51474332809448}",Woman,
id108_2834.jpg,27.0,"{'Woman': 2.4382608011364937, 'Man': 97.56174087524414}",Man,
id95_2484.jpg,32.0,"{'Woman': 3.516044467687607, 'Man': 96.4839518070221}",Man,
id36_883.jpg,26.0,"{'Woman': 2.464965730905533, 'Man': 97.53503799438477}",Man,
id39_893.jpg,31.0,"{'Woman': 7.06029087305069, 'Man': 92.93971061706543}",Man,
id121_3176.jpg,32.0,"{'Woman': 24.220260977745056, 'Man': 75.77974200248718}",Man,
id101_2645.jpg,27.0,"{'Woman': 3.218548744916916, 'Man': 96.7814564704895}",Man,
id48_1248.jpg,26.0,"{'Woman': 9.968513995409012, 'Man': 90.03148674964905}",Man,
id119_3165.jpg,26.0,"{'Woman': 3.7398386746644974, 'Man': 96.26016020774841}",Man,
id40_1168.jpg,26.0,"{'Woman': 13.106657564640045, 'Man': 86.8933379650116}",Man,
id117_3071.jpg,29.0,"{'Woman': 7.472611218690872, 'Man': 92.52738952636719}",Man,
id121_3270.jpg,24.0,"{'Woman': 4.126378148794174, 'Man': 95.87361812591553}",Man,
id44_1075.jpg,28.0,"{'Woman': 9.05824527144432, 'Man': 90.94175100326538}",Man,
id36_1384.jpg,31.0,"{'Woman': 67.37651824951172, 'Man': 32.62348473072052}",Woman,
id79_2041.jpg,27.0,"{'Woman': 15.676280856132507, 'Man': 84.32372212409973}",Man,
id73_1915.jpg,35.0,"{'Woman': 16.84129238128662, 'Man': 83.15870761871338}",Man,
id79_2052.jpg,27.0,"{'Woman': 6.827661395072937, 'Man': 93.1723415851593}",Man,
id122_3150.jpg,25.0,"{'Woman': 41.426220536231995, 'Man': 58.57377648353577}",Man,
id3_113.jpg,26.0,"{'Woman': 6.645156443119049, 'Man': 93.35484504699707}",Man,
id18_634.jpg,34.0,"{'Woman': 48.02936017513275, 'Man': 51.97063088417053}",Man,
id78_2072.jpg,27.0,"{'Woman': 10.968447476625443, 'Man': 89.03155326843262}",Man,
id38_912.jpg,37.0,"{'Woman': 11.193888634443283, 'Man': 88.80610466003418}",Man,
id41_1071.jpg,25.0,"{'Woman': 34.45407450199127, 'Man': 65.54592251777649}",Man,
id25_387.jpg,33.0,"{'Woman': 63.741350173950195, 'Man': 36.258649826049805}",Woman,
id113_2969.jpg,33.0,"{'Woman': 23.685088753700256, 'Man': 76.3149082660675}",Man,
id63_1696.jpg,29.0,"{'Woman': 7.7424317598342896, 'Man': 92.25757122039795}",Man,
id36_1326.jpg,36.0,"{'Woman': 17.560558021068573, 'Man': 82.43944048881531}",Man,
id65_1829.jpg,28.0,"{'Woman': 15.621250867843628, 'Man': 84.37874913215637}",Man,
id16_253.jpg,32.0,"{'Woman': 7.053733617067337, 'Man': 92.94626712799072}",Man,
id26_392.jpg,24.0,"{'Woman': 1.5881866216659546, 'Man': 98.4118103981018}",Man,
id119_3144.jpg,23.0,"{'Woman': 20.49781233072281, 'Man': 79.50218915939331}",Man,
id24_554.jpg,33.0,"{'Woman': 20.687371492385864, 'Man': 79.31262850761414}",Man,
id41_1080.jpg,,,,'tuple' object has no attribute 'shape'
id24_490.jpg,27.0,"{'Woman': 17.929857969284058, 'Man': 82.07014799118042}",Man,
id37_826.jpg,36.0,"{'Woman': 93.53888034820557, 'Man': 6.461119651794434}",Woman,
id109_2752.jpg,28.0,"{'Woman': 3.5359691828489304, 'Man': 96.46403789520264}",Man,
id36_1451.jpg,34.0,"{'Woman': 45.585089921951294, 'Man': 54.414910078048706}",Man,
id90_2530.jpg,24.0,"{'Woman': 2.0191870629787445, 'Man': 97.98081517219543}",Man,
id18_722.jpg,,,,'tuple' object has no attribute 'shape'
id39_864.jpg,31.0,"{'Woman': 20.02832144498825, 'Man': 79.97167706489563}",Man,
id90_2659.jpg,29.0,"{'Woman': 50.80938935279846, 'Man': 49.1906076669693}",Woman,
id65_1831.jpg,33.0,"{'Woman': 39.31688070297241, 'Man': 60.683125257492065}",Man,
id36_923.jpg,29.0,"{'Woman': 5.126311630010605, 'Man': 94.8736846446991}",Man,
id90_2416.jpg,30.0,"{'Woman': 4.600033909082413, 'Man': 95.39996981620789}",Man,
id94_2545.jpg,28.0,"{'Woman': 4.385814070701599, 'Man': 95.61418294906616}",Man,
id65_1714.jpg,35.0,"{'Woman': 7.162096351385117, 'Man': 92.83789992332458}",Man,
id18_448.jpg,24.0,"{'Woman': 4.439059644937515, 'Man': 95.56094408035278}",Man,
id108_2824.jpg,27.0,"{'Woman': 16.474175453186035, 'Man': 83.52582454681396}",Man,
id70_1942.jpg,25.0,"{'Woman': 4.6782031655311584, 'Man': 95.32179832458496}",Man,
id3_121.jpg,28.0,"{'Woman': 17.14128404855728, 'Man': 82.85871744155884}",Man,
id41_1043.jpg,31.0,"{'Woman': 16.421613097190857, 'Man': 83.5783839225769}",Man,
id72_1879.jpg,34.0,"{'Woman': 9.450718760490417, 'Man': 90.54927229881287}",Man,
id91_2391.jpg,33.0,"{'Woman': 25.465503334999084, 'Man': 74.53449964523315}",Man,
id47_1129.jpg,30.0,"{'Woman': 13.189759850502014, 'Man': 86.81023716926575}",Man,
id77_2051.jpg,43.0,"{'Woman': 1.8657974898815155, 'Man': 98.1342077255249}",Man,
id133_3314.jpg,38.0,"{'Woman': 14.45886641740799, 'Man': 85.54112911224365}",Man,
id53_1337.jpg,28.0,"{'Woman': 17.1893447637558, 'Man': 82.81065225601196}",Man,
id27_441.jpg,31.0,"{'Woman': 2.0236311480402946, 'Man': 97.97636270523071}",Man,
id41_934.jpg,28.0,"{'Woman': 29.398587346076965, 'Man': 70.60141563415527}",Man,
id65_1720.jpg,31.0,"{'Woman': 4.315309226512909, 'Man': 95.68468928337097}",Man,
id39_903.jpg,31.0,"{'Woman': 16.916091740131378, 'Man': 83.08390378952026}",Man,
id5_87.jpg,29.0,"{'Woman': 25.671491026878357, 'Man': 74.3285059928894}",Man,
id115_2918.jpg,28.0,"{'Woman': 5.006571486592293, 'Man': 94.99342441558838}",Man,
id41_959.jpg,26.0,"{'Woman': 9.229075163602829, 'Man': 90.77093005180359}",Man,
id117_3064.jpg,27.0,"{'Woman': 7.464258372783661, 'Man': 92.53574013710022}",Man,
id125_3288.jpg,31.0,"{'Woman': 10.396280884742737, 'Man': 89.6037220954895}",Man,
id122_3228.jpg,27.0,"{'Woman': 20.771190524101257, 'Man': 79.2288064956665}",Man,
id118_3076.jpg,27.0,"{'Woman': 5.602546408772469, 'Man': 94.39745545387268}",Man,
id122_3220.jpg,,,,'tuple' object has no attribute 'shape'
id108_2791.jpg,39.0,"{'Woman': 0.6346350535750389, 'Man': 99.3653655052185}",Man,
id39_923.jpg,31.0,"{'Woman': 36.13143265247345, 'Man': 63.86857032775879}",Man,
id115_2948.jpg,32.0,"{'Woman': 17.741669714450836, 'Man': 82.2583258152008}",Man,
id109_2732.jpg,28.0,"{'Woman': 7.763486355543137, 'Man': 92.23650693893433}",Man,
id119_3085.jpg,30.0,"{'Woman': 33.96362364292145, 'Man': 66.03636741638184}",Man,
id59_1570.jpg,,,,'tuple' object has no attribute 'shape'
id25_427.jpg,,,,'tuple' object has no attribute 'shape'
id106_2945.jpg,28.0,"{'Woman': 19.275614619255066, 'Man': 80.7243824005127}",Man,
id118_3044.jpg,32.0,"{'Woman': 56.24776482582092, 'Man': 43.75223517417908}",Woman,
id83_2218.jpg,33.0,"{'Woman': 29.717853665351868, 'Man': 70.28214931488037}",Man,
id24_401.jpg,27.0,"{'Woman': 8.279614895582199, 'Man': 91.72038435935974}",Man,
id41_1073.jpg,,,,'tuple' object has no attribute 'shape'
id24_574.jpg,26.0,"{'Woman': 2.7701737359166145, 'Man': 97.22982048988342}",Man,
id42_1139.jpg,32.0,"{'Woman': 8.414813131093979, 'Man': 91.5851891040802}",Man,
id79_2023.jpg,28.0,"{'Woman': 56.731200218200684, 'Man': 43.26879680156708}",Woman,
id18_275.jpg,35.0,"{'Woman': 11.32546067237854, 'Man': 88.67453932762146}",Man,
id42_1136.jpg,32.0,"{'Woman': 7.313083857297897, 'Man': 92.68691539764404}",Man,
id72_1886.jpg,29.0,"{'Woman': 3.1603310257196426, 'Man': 96.83967232704163}",Man,
id45_1145.jpg,29.0,"{'Woman': 17.503255605697632, 'Man': 82.49674439430237}",Man,
id32_464.jpg,27.0,"{'Woman': 5.468461662530899, 'Man': 94.5315420627594}",Man,
id44_1143.jpg,27.0,"{'Woman': 7.085781544446945, 'Man': 92.914217710495}",Man,
id3_14.jpg,34.0,"{'Woman': 7.293429970741272, 'Man': 92.70657300949097}",Man,
id41_1218.jpg,26.0,"{'Woman': 35.33354699611664, 'Man': 64.6664559841156}",Man,
id54_1490.jpg,34.0,"{'Woman': 6.107521802186966, 'Man': 93.89247298240662}",Man,
id48_1157.jpg,39.0,"{'Woman': 2.305370010435581, 'Man': 97.69462943077087}",Man,
id118_3059.jpg,30.0,"{'Woman': 7.91260302066803, 'Man': 92.08739995956421}",Man,
id72_1903.jpg,25.0,"{'Woman': 4.255293682217598, 'Man': 95.74470520019531}",Man,
id63_1699.jpg,31.0,"{'Woman': 10.256587713956833, 'Man': 89.74341750144958}",Man,
id108_2804.jpg,33.0,"{'Woman': 5.485665798187256, 'Man': 94.51432824134827}",Man,
id49_1206.jpg,,,,'tuple' object has no attribute 'shape'
id83_2256.jpg,32.0,"{'Woman': 14.360639452934265, 'Man': 85.6393575668335}",Man,
id1_225.jpg,28.0,"{'Woman': 9.817972034215927, 'Man': 90.18203020095825}",Man,
id25_464.jpg,31.0,"{'Woman': 10.53999662399292, 'Man': 89.46000337600708}",Man,
id116_3132.jpg,30.0,"{'Woman': 16.160154342651367, 'Man': 83.83983969688416}",Man,
id27_438.jpg,33.0,"{'Woman': 2.1881725639104843, 'Man': 97.81182408332825}",Man,
id36_1442.jpg,26.0,"{'Woman': 13.036857545375824, 'Man': 86.96314096450806}",Man,
id16_265.jpg,,,,'tuple' object has no attribute 'shape'
id121_3174.jpg,29.0,"{'Woman': 20.162750780582428, 'Man': 79.83724474906921}",Man,
id79_2060.jpg,25.0,"{'Woman': 10.522311180830002, 'Man': 89.47769403457642}",Man,
id115_2979.jpg,28.0,"{'Woman': 28.013572096824646, 'Man': 71.98643088340759}",Man,
id44_1095.jpg,27.0,"{'Woman': 4.951072856783867, 'Man': 95.04892826080322}",Man,
id37_902.jpg,35.0,"{'Woman': 13.033580780029297, 'Man': 86.9664192199707}",Man,
id41_1294.jpg,31.0,"{'Woman': 6.0813043266534805, 'Man': 93.91869902610779}",Man,
id115_3045.jpg,29.0,"{'Woman': 30.68869113922119, 'Man': 69.31130886077881}",Man,
id65_1758.jpg,31.0,"{'Woman': 12.347842007875443, 'Man': 87.65215873718262}",Man,
id41_1297.jpg,30.0,"{'Woman': 59.35153365135193, 'Man': 40.64846634864807}",Woman,
id70_1858.jpg,31.0,"{'Woman': 44.45479214191437, 'Man': 55.54521083831787}",Man,
id79_2074.jpg,28.0,"{'Woman': 6.9725267589092255, 'Man': 93.02747249603271}",Man,
id83_2222.jpg,33.0,"{'Woman': 23.482829332351685, 'Man': 76.51717066764832}",Man,
id37_839.jpg,,,,'tuple' object has no attribute 'shape'
id70_1833.jpg,36.0,"{'Woman': 3.0038151890039444, 'Man': 96.99618220329285}",Man,
id25_441.jpg,32.0,"{'Woman': 12.386979162693024, 'Man': 87.6130223274231}",Man,
id49_1289.jpg,,,,'tuple' object has no attribute 'shape'
id78_2076.jpg,25.0,"{'Woman': 3.664731979370117, 'Man': 96.3352620601654}",Man,
id68_1906.jpg,34.0,"{'Woman': 8.41275006532669, 'Man': 91.58725142478943}",Man,
id83_2147.jpg,34.0,"{'Woman': 1.6943799331784248, 'Man': 98.30561876296997}",Man,
id70_1865.jpg,31.0,"{'Woman': 31.682860851287842, 'Man': 68.31713914871216}",Man,
id1_22.jpg,30.0,"{'Woman': 2.717255614697933, 'Man': 97.28273749351501}",Man,
id123_3291.jpg,27.0,"{'Woman': 45.983558893203735, 'Man': 54.01644706726074}",Man,
id102_2676.jpg,28.0,"{'Woman': 3.6542773246765137, 'Man': 96.34572267532349}",Man,
id122_3148.jpg,28.0,"{'Woman': 67.01743602752686, 'Man': 32.98256695270538}",Woman,
id93_2710.jpg,35.0,"{'Woman': 40.42752683162689, 'Man': 59.57247614860535}",Man,
id121_3296.jpg,,,,'tuple' object has no attribute 'shape'
id36_1441.jpg,,,,'tuple' object has no attribute 'shape'
id42_969.jpg,33.0,"{'Woman': 34.36540067195892, 'Man': 65.6346082687378}",Man,
id41_1000.jpg,28.0,"{'Woman': 11.826082319021225, 'Man': 88.17391395568848}",Man,
id42_1081.jpg,32.0,"{'Woman': 4.919707030057907, 'Man': 95.08029222488403}",Man,
id31_447.jpg,31.0,"{'Woman': 14.825747907161713, 'Man': 85.17425656318665}",Man,
id119_3090.jpg,27.0,"{'Woman': 6.605027616024017, 'Man': 93.39497685432434}",Man,
id60_1573.jpg,29.0,"{'Woman': 2.0598961040377617, 'Man': 97.94010519981384}",Man,
id119_3112.jpg,,,,'tuple' object has no attribute 'shape'
id90_2431.jpg,,,,'tuple' object has no attribute 'shape'
id36_1440.jpg,29.0,"{'Woman': 18.19775551557541, 'Man': 81.80224895477295}",Man,
id59_1633.jpg,34.0,"{'Woman': 79.5319139957428, 'Man': 20.468080043792725}",Woman,
id36_762.jpg,,,,'tuple' object has no attribute 'shape'
id108_2718.jpg,33.0,"{'Woman': 4.7431182116270065, 'Man': 95.25688290596008}",Man,
id40_1108.jpg,36.0,"{'Woman': 16.123118996620178, 'Man': 83.87687802314758}",Man,
id115_2950.jpg,33.0,"{'Woman': 15.089191496372223, 'Man': 84.9108099937439}",Man,
id7_138.jpg,31.0,"{'Woman': 11.9248665869236, 'Man': 88.0751371383667}",Man,
id115_3048.jpg,32.0,"{'Woman': 67.74072647094727, 'Man': 32.25927650928497}",Woman,
id115_2898.jpg,29.0,"{'Woman': 12.10937574505806, 'Man': 87.890625}",Man,
id124_3242.jpg,35.0,"{'Woman': 12.387919425964355, 'Man': 87.61208057403564}",Man,
id121_3218.jpg,26.0,"{'Woman': 11.73589825630188, 'Man': 88.26410174369812}",Man,
id42_1146.jpg,30.0,"{'Woman': 20.462587475776672, 'Man': 79.53740954399109}",Man,
id78_2134.jpg,28.0,"{'Woman': 10.325037688016891, 'Man': 89.67496752738953}",Man,
id77_2151.jpg,26.0,"{'Woman': 2.898690849542618, 'Man': 97.1013069152832}",Man,
id3_142.jpg,27.0,"{'Woman': 79.28646802902222, 'Man': 20.713534951210022}",Woman,
id108_2695.jpg,31.0,"{'Woman': 21.91479802131653, 'Man': 78.08520197868347}",Man,
id77_2057.jpg,24.0,"{'Woman': 3.310166299343109, 'Man': 96.68983221054077}",Man,
id11_207.jpg,29.0,"{'Woman': 11.382032930850983, 'Man': 88.61796855926514}",Man,
id101_2646.jpg,30.0,"{'Woman': 4.701109603047371, 'Man': 95.29889225959778}",Man,
id46_1375.jpg,26.0,"{'Woman': 8.614958077669144, 'Man': 91.38504266738892}",Man,
id73_1914.jpg,30.0,"{'Woman': 12.171230465173721, 'Man': 87.8287672996521}",Man,
id77_2228.jpg,38.0,"{'Woman': 1.7182480543851852, 'Man': 98.2817530632019}",Man,
id96_2499.jpg,29.0,"{'Woman': 31.729722023010254, 'Man': 68.27027797698975}",Man,
id42_1128.jpg,29.0,"{'Woman': 9.727410227060318, 'Man': 90.2725875377655}",Man,
id65_1783.jpg,31.0,"{'Woman': 11.516443639993668, 'Man': 88.48355412483215}",Man,
id37_825.jpg,36.0,"{'Woman': 93.52412223815918, 'Man': 6.475873291492462}",Woman,
id121_3293.jpg,,,,'tuple' object has no attribute 'shape'
id5_184.jpg,25.0,"{'Woman': 11.286717653274536, 'Man': 88.71328234672546}",Man,
id119_3147.jpg,25.0,"{'Woman': 1.635582372546196, 'Man': 98.3644187450409}",Man,
id49_1264.jpg,28.0,"{'Woman': 2.644781768321991, 'Man': 97.35521078109741}",Man,
id18_621.jpg,33.0,"{'Woman': 2.117813751101494, 'Man': 97.8821873664856}",Man,
id18_584.jpg,36.0,"{'Woman': 16.837050020694733, 'Man': 83.16294550895691}",Man,
id78_2195.jpg,31.0,"{'Woman': 7.408952713012695, 'Man': 92.5910472869873}",Man,
id110_2719.jpg,36.0,"{'Woman': 34.02082026004791, 'Man': 65.97917675971985}",Man,
id93_2690.jpg,28.0,"{'Woman': 3.8780860602855682, 'Man': 96.12191915512085}",Man,
id77_2114.jpg,30.0,"{'Woman': 1.3484847731888294, 'Man': 98.65151643753052}",Man,
id43_1024.jpg,34.0,"{'Woman': 8.738722652196884, 'Man': 91.2612795829773}",Man,
id42_1143.jpg,31.0,"{'Woman': 1.4052786864340305, 'Man': 98.59471321105957}",Man,
id91_2437.jpg,,,,'tuple' object has no attribute 'shape'
id3_124.jpg,27.0,"{'Woman': 22.83945381641388, 'Man': 77.16054916381836}",Man,
id41_1030.jpg,26.0,"{'Woman': 7.9565852880477905, 'Man': 92.0434057712555}",Man,
id10_182.jpg,31.0,"{'Woman': 16.65409356355667, 'Man': 83.34590792655945}",Man,
id106_2871.jpg,24.0,"{'Woman': 9.872960299253464, 'Man': 90.12704491615295}",Man,
id85_2171.jpg,39.0,"{'Woman': 3.017156943678856, 'Man': 96.98284864425659}",Man,
id122_3253.jpg,,,,'tuple' object has no attribute 'shape'
id94_2533.jpg,24.0,"{'Woman': 2.1571142598986626, 'Man': 97.84289002418518}",Man,
id1_66.jpg,32.0,"{'Woman': 20.942798256874084, 'Man': 79.05720472335815}",Man,
id49_1299.jpg,26.0,"{'Woman': 6.452859938144684, 'Man': 93.54714155197144}",Man,
id72_1900.jpg,26.0,"{'Woman': 5.5966004729270935, 'Man': 94.40340399742126}",Man,
id44_1100.jpg,34.0,"{'Woman': 2.577224187552929, 'Man': 97.4227786064148}",Man,
id18_754.jpg,36.0,"{'Woman': 63.15736770629883, 'Man': 36.84262931346893}",Woman,
id118_3043.jpg,,,,'tuple' object has no attribute 'shape'
id108_2719.jpg,34.0,"{'Woman': 5.134671553969383, 'Man': 94.86532807350159}",Man,
id24_409.jpg,25.0,"{'Woman': 11.064140498638153, 'Man': 88.93585801124573}",Man,
id41_1337.jpg,27.0,"{'Woman': 5.413381010293961, 'Man': 94.58661675453186}",Man,
id3_8.jpg,28.0,"{'Woman': 12.041403353214264, 'Man': 87.95859813690186}",Man,
id70_1827.jpg,34.0,"{'Woman': 2.746244892477989, 'Man': 97.25375175476074}",Man,
id11_178.jpg,28.0,"{'Woman': 67.74023771286011, 'Man': 32.25976824760437}",Woman,
id90_2453.jpg,30.0,"{'Woman': 6.762167811393738, 'Man': 93.2378351688385}",Man,
id8_127.jpg,28.0,"{'Woman': 26.088568568229675, 'Man': 73.91142845153809}",Man,
id26_391.jpg,25.0,"{'Woman': 5.415098741650581, 'Man': 94.58490014076233}",Man,
id42_1083.jpg,29.0,"{'Woman': 11.293812096118927, 'Man': 88.70618939399719}",Man,
id84_2235.jpg,32.0,"{'Woman': 10.062777251005173, 'Man': 89.93722796440125}",Man,
id115_2988.jpg,28.0,"{'Woman': 43.43366622924805, 'Man': 56.56633377075195}",Man,
id41_1066.jpg,29.0,"{'Woman': 19.881555438041687, 'Man': 80.11844754219055}",Man,
id5_155.jpg,26.0,"{'Woman': 4.309610649943352, 'Man': 95.6903874874115}",Man,
id43_976.jpg,33.0,"{'Woman': 11.335961520671844, 'Man': 88.66404294967651}",Man,
id43_1191.jpg,34.0,"{'Woman': 11.072511225938797, 'Man': 88.92748355865479}",Man,
id18_646.jpg,35.0,"{'Woman': 38.385552167892456, 'Man': 61.61445379257202}",Man,
id117_2996.jpg,27.0,"{'Woman': 10.630989819765091, 'Man': 89.36901092529297}",Man,
id36_989.jpg,36.0,"{'Woman': 24.462886154651642, 'Man': 75.53711533546448}",Man,
id118_3073.jpg,30.0,"{'Woman': 40.79088568687439, 'Man': 59.20911431312561}",Man,
id40_939.jpg,26.0,"{'Woman': 5.688725784420967, 'Man': 94.31127905845642}",Man,
id79_2134.jpg,29.0,"{'Woman': 29.072487354278564, 'Man': 70.92751860618591}",Man,
id23_367.jpg,27.0,"{'Woman': 1.1308527551591396, 'Man': 98.86914491653442}",Man,
id105_2873.jpg,23.0,"{'Woman': 3.1381331384181976, 'Man': 96.86186909675598}",Man,
id119_3094.jpg,28.0,"{'Woman': 6.4980074763298035, 'Man': 93.50199103355408}",Man,
id46_1237.jpg,28.0,"{'Woman': 15.282224118709564, 'Man': 84.71776843070984}",Man,
id28_404.jpg,32.0,"{'Woman': 5.673456564545631, 'Man': 94.32654976844788}",Man,
id48_1225.jpg,32.0,"{'Woman': 7.058703154325485, 'Man': 92.94129610061646}",Man,
id101_2580.jpg,30.0,"{'Woman': 17.748764157295227, 'Man': 82.25123882293701}",Man,
id119_3245.jpg,29.0,"{'Woman': 12.164527922868729, 'Man': 87.83547282218933}",Man,
id45_1051.jpg,31.0,"{'Woman': 14.468947052955627, 'Man': 85.53105592727661}",Man,
id20_369.jpg,33.0,"{'Woman': 9.541375190019608, 'Man': 90.45862555503845}",Man,
id47_1159.jpg,31.0,"{'Woman': 8.989960700273514, 'Man': 91.01003408432007}",Man,
id79_2129.jpg,31.0,"{'Woman': 25.484898686408997, 'Man': 74.51509833335876}",Man,
id24_376.jpg,26.0,"{'Woman': 1.8901778385043144, 'Man': 98.10982942581177}",Man,
id45_1087.jpg,,,,'tuple' object has no attribute 'shape'
id78_2131.jpg,25.0,"{'Woman': 1.551247201859951, 'Man': 98.44875931739807}",Man,
id18_637.jpg,35.0,"{'Woman': 77.30128169059753, 'Man': 22.698719799518585}",Woman,
id24_555.jpg,32.0,"{'Woman': 20.94869762659073, 'Man': 79.05130386352539}",Man,
id18_640.jpg,36.0,"{'Woman': 74.24737215042114, 'Man': 25.752627849578857}",Woman,
id85_2186.jpg,30.0,"{'Woman': 3.652120754122734, 'Man': 96.34788036346436}",Man,
id36_1434.jpg,26.0,"{'Woman': 12.323800474405289, 'Man': 87.67619729042053}",Man,
id122_3205.jpg,31.0,"{'Woman': 21.151240170001984, 'Man': 78.84876132011414}",Man,
id122_3230.jpg,33.0,"{'Woman': 15.957801043987274, 'Man': 84.0421974658966}",Man,
id83_2304.jpg,27.0,"{'Woman': 45.690321922302246, 'Man': 54.309678077697754}",Man,
id65_1802.jpg,29.0,"{'Woman': 31.3397616147995, 'Man': 68.66024732589722}",Man,
id57_1624.jpg,26.0,"{'Woman': 4.2962294071912766, 'Man': 95.70377469062805}",Man,
id118_3008.jpg,33.0,"{'Woman': 48.681724071502686, 'Man': 51.318275928497314}",Man,
id24_362.jpg,28.0,"{'Woman': 14.79358822107315, 'Man': 85.20641326904297}",Man,
id32_471.jpg,24.0,"{'Woman': 7.598084956407547, 'Man': 92.40191578865051}",Man,
id24_340.jpg,30.0,"{'Woman': 11.857514083385468, 'Man': 88.14249038696289}",Man,
id62_1647.jpg,34.0,"{'Woman': 8.430633693933487, 'Man': 91.56936407089233}",Man,
id36_941.jpg,33.0,"{'Woman': 16.537386178970337, 'Man': 83.46261382102966}",Man,
id18_753.jpg,32.0,"{'Woman': 45.17100155353546, 'Man': 54.82900142669678}",Man,
id27_545.jpg,24.0,"{'Woman': 22.891390323638916, 'Man': 77.10860967636108}",Man,
id92_2425.jpg,28.0,"{'Woman': 8.395145833492279, 'Man': 91.6048526763916}",Man,
id90_2571.jpg,31.0,"{'Woman': 28.387892246246338, 'Man': 71.61210775375366}",Man,
id44_1032.jpg,30.0,"{'Woman': 8.889894187450409, 'Man': 91.11011028289795}",Man,
id44_1112.jpg,33.0,"{'Woman': 7.210557162761688, 'Man': 92.78944134712219}",Man,
id7_145.jpg,32.0,"{'Woman': 20.752204954624176, 'Man': 79.24779653549194}",Man,
id88_2392.jpg,36.0,"{'Woman': 0.8585055358707905, 'Man': 99.14149641990662}",Man,
id69_1988.jpg,31.0,"{'Woman': 26.948705315589905, 'Man': 73.05128574371338}",Man,
id109_2701.jpg,31.0,"{'Woman': 9.628475457429886, 'Man': 90.37153124809265}",Man,
id84_2186.jpg,39.0,"{'Woman': 6.7121051251888275, 'Man': 93.28789710998535}",Man,
id45_1107.jpg,27.0,"{'Woman': 1.5012787654995918, 'Man': 98.4987199306488}",Man,
id25_589.jpg,33.0,"{'Woman': 9.133677929639816, 'Man': 90.86632132530212}",Man,
id37_862.jpg,,,,'tuple' object has no attribute 'shape'
id45_1143.jpg,29.0,"{'Woman': 20.52273601293564, 'Man': 79.47726249694824}",Man,
id57_1626.jpg,23.0,"{'Woman': 4.1130054742097855, 'Man': 95.8869993686676}",Man,
id20_475.jpg,33.0,"{'Woman': 45.33182084560394, 'Man': 54.668182134628296}",Man,
id18_728.jpg,33.0,"{'Woman': 5.862360820174217, 'Man': 94.13763880729675}",Man,
id16_248.jpg,30.0,"{'Woman': 7.171247899532318, 'Man': 92.82875657081604}",Man,
id15_267.jpg,35.0,"{'Woman': 9.194353967905045, 'Man': 90.80564379692078}",Man,
id102_2629.jpg,30.0,"{'Woman': 23.80295693874359, 'Man': 76.19703412055969}",Man,
id41_1378.jpg,36.0,"{'Woman': 16.778938472270966, 'Man': 83.22106003761292}",Man,
id47_1236.jpg,32.0,"{'Woman': 7.002914696931839, 'Man': 92.99708604812622}",Man,
id41_940.jpg,28.0,"{'Woman': 39.663687348365784, 'Man': 60.33630967140198}",Man,
id82_2462.jpg,44.0,"{'Woman': 13.87946605682373, 'Man': 86.12053990364075}",Man,
id76_1971.jpg,26.0,"{'Woman': 5.7522740215063095, 'Man': 94.24772262573242}",Man,
id127_3236.jpg,31.0,"{'Woman': 90.02175331115723, 'Man': 9.978240728378296}",Woman,
id36_1371.jpg,32.0,"{'Woman': 87.22027540206909, 'Man': 12.779723107814789}",Woman,
id1_5.jpg,30.0,"{'Woman': 4.374301433563232, 'Man': 95.62570452690125}",Man,
id121_3302.jpg,28.0,"{'Woman': 9.434159845113754, 'Man': 90.56583642959595}",Man,
id41_1460.jpg,29.0,"{'Woman': 95.89053988456726, 'Man': 4.1094619780778885}",Woman,
id79_2012.jpg,,,,'tuple' object has no attribute 'shape'
id47_1148.jpg,31.0,"{'Woman': 9.774268418550491, 'Man': 90.22572636604309}",Man,
id121_3187.jpg,31.0,"{'Woman': 50.928694009780884, 'Man': 49.071308970451355}",Woman,
id18_546.jpg,32.0,"{'Woman': 12.538498640060425, 'Man': 87.46150732040405}",Man,
id122_3198.jpg,27.0,"{'Woman': 51.765018701553345, 'Man': 48.234984278678894}",Woman,
id11_246.jpg,29.0,"{'Woman': 11.026956886053085, 'Man': 88.9730453491211}",Man,
id44_1077.jpg,,,,'tuple' object has no attribute 'shape'
id78_2269.jpg,29.0,"{'Woman': 9.215860813856125, 'Man': 90.78413844108582}",Man,
id93_2494.jpg,29.0,"{'Woman': 7.505063712596893, 'Man': 92.49493479728699}",Man,
id49_1197.jpg,31.0,"{'Woman': 6.742644309997559, 'Man': 93.25735569000244}",Man,
id85_2180.jpg,28.0,"{'Woman': 8.43525230884552, 'Man': 91.56474471092224}",Man,
id115_2942.jpg,32.0,"{'Woman': 14.034613966941833, 'Man': 85.96538305282593}",Man,
id93_2470.jpg,35.0,"{'Woman': 27.30700373649597, 'Man': 72.6930022239685}",Man,
id34_762.jpg,30.0,"{'Woman': 21.560968458652496, 'Man': 78.43903303146362}",Man,
id18_466.jpg,27.0,"{'Woman': 5.032987147569656, 'Man': 94.9670135974884}",Man,
id41_1301.jpg,33.0,"{'Woman': 58.09880495071411, 'Man': 41.90118610858917}",Woman,
id24_477.jpg,31.0,"{'Woman': 7.744326442480087, 'Man': 92.25566983222961}",Man,
id41_1222.jpg,26.0,"{'Woman': 36.64107620716095, 'Man': 63.35892677307129}",Man,
id36_1335.jpg,,,,'tuple' object has no attribute 'shape'
id20_307.jpg,29.0,"{'Woman': 3.5935260355472565, 'Man': 96.40647768974304}",Man,
id49_1292.jpg,24.0,"{'Woman': 3.4201402217149734, 'Man': 96.57986164093018}",Man,
id108_2855.jpg,27.0,"{'Woman': 24.367493391036987, 'Man': 75.63250064849854}",Man,
id43_1247.jpg,38.0,"{'Woman': 19.366487860679626, 'Man': 80.63350915908813}",Man,
id113_2793.jpg,29.0,"{'Woman': 33.67008566856384, 'Man': 66.32991433143616}",Man,
id69_1900.jpg,25.0,"{'Woman': 0.867176242172718, 'Man': 99.13282990455627}",Man,
id25_377.jpg,32.0,"{'Woman': 54.48154807090759, 'Man': 45.518454909324646}",Woman,
id62_1726.jpg,27.0,"{'Woman': 20.416852831840515, 'Man': 79.58314418792725}",Man,
id51_1307.jpg,28.0,"{'Woman': 3.728500008583069, 'Man': 96.27150297164917}",Man,
id82_2463.jpg,44.0,"{'Woman': 14.743512868881226, 'Man': 85.25649309158325}",Man,
id24_589.jpg,29.0,"{'Woman': 9.790028631687164, 'Man': 90.20997285842896}",Man,
id54_1548.jpg,30.0,"{'Woman': 2.204545773565769, 'Man': 97.7954626083374}",Man,
id1_16.jpg,29.0,"{'Woman': 2.889455296099186, 'Man': 97.11054563522339}",Man,
id113_2769.jpg,26.0,"{'Woman': 18.78712773323059, 'Man': 81.21286630630493}",Man,
id27_802.jpg,38.0,"{'Woman': 14.091558754444122, 'Man': 85.908442735672}",Man,
id78_2004.jpg,26.0,"{'Woman': 5.976031348109245, 'Man': 94.02397274971008}",Man,
id123_3183.jpg,33.0,"{'Woman': 11.789140105247498, 'Man': 88.21086287498474}",Man,
id91_2445.jpg,,,,'tuple' object has no attribute 'shape'
id96_2498.jpg,29.0,"{'Woman': 31.729722023010254, 'Man': 68.27027797698975}",Man,
id1_187.jpg,25.0,"{'Woman': 25.817182660102844, 'Man': 74.1828203201294}",Man,
id24_468.jpg,22.0,"{'Woman': 9.26181897521019, 'Man': 90.73818325996399}",Man,
id78_2183.jpg,29.0,"{'Woman': 6.963536888360977, 'Man': 93.03646683692932}",Man,
id1_239.jpg,33.0,"{'Woman': 48.24322164058685, 'Man': 51.756781339645386}",Man,
id93_2577.jpg,25.0,"{'Woman': 6.926313042640686, 'Man': 93.07368993759155}",Man,
id36_1429.jpg,27.0,"{'Woman': 11.910208314657211, 'Man': 88.08979392051697}",Man,
id1_232.jpg,31.0,"{'Woman': 44.738540053367615, 'Man': 55.26145100593567}",Man,
id30_463.jpg,29.0,"{'Woman': 49.84164535999298, 'Man': 50.15835762023926}",Man,
id77_2015.jpg,23.0,"{'Woman': 0.5459422711282969, 'Man': 99.45406317710876}",Man,
id26_376.jpg,26.0,"{'Woman': 0.543588912114501, 'Man': 99.45640563964844}",Man,
id41_1023.jpg,28.0,"{'Woman': 14.047540724277496, 'Man': 85.95246076583862}",Man,
id41_1029.jpg,26.0,"{'Woman': 7.8878238797187805, 'Man': 92.11217761039734}",Man,
id24_483.jpg,30.0,"{'Woman': 20.477505028247833, 'Man': 79.52249050140381}",Man,
id51_1272.jpg,25.0,"{'Woman': 0.39883172139525414, 'Man': 99.6011734008789}",Man,
id59_1531.jpg,34.0,"{'Woman': 89.7425889968872, 'Man': 10.257405042648315}",Woman,
id41_1412.jpg,28.0,"{'Woman': 6.458420306444168, 'Man': 93.54158043861389}",Man,
id79_2110.jpg,29.0,"{'Woman': 10.9182670712471, 'Man': 89.08173441886902}",Man,
id27_450.jpg,32.0,"{'Woman': 0.4307145718485117, 'Man': 99.56929087638855}",Man,
id94_2445.jpg,30.0,"{'Woman': 16.26589149236679, 'Man': 83.73411297798157}",Man,
id90_2570.jpg,33.0,"{'Woman': 19.40065324306488, 'Man': 80.59934973716736}",Man,
id79_2160.jpg,22.0,"{'Woman': 1.823892630636692, 'Man': 98.17610383033752}",Man,
id36_1285.jpg,37.0,"{'Woman': 15.501537919044495, 'Man': 84.49846506118774}",Man,
id16_269.jpg,,,,'tuple' object has no attribute 'shape'
id93_2477.jpg,32.0,"{'Woman': 39.73476588726044, 'Man': 60.265231132507324}",Man,
id41_1098.jpg,27.0,"{'Woman': 6.8823374807834625, 'Man': 93.11766028404236}",Man,
id123_3262.jpg,31.0,"{'Woman': 5.204787105321884, 'Man': 94.7952151298523}",Man,
id20_282.jpg,25.0,"{'Woman': 5.767690762877464, 'Man': 94.2323088645935}",Man,
id85_2188.jpg,26.0,"{'Woman': 9.983891993761063, 'Man': 90.01610279083252}",Man,
id45_1069.jpg,,,,'tuple' object has no attribute 'shape'
id41_957.jpg,26.0,"{'Woman': 8.152197301387787, 'Man': 91.84780716896057}",Man,
id119_3162.jpg,24.0,"{'Woman': 1.9333858042955399, 'Man': 98.06661009788513}",Man,
id62_1697.jpg,32.0,"{'Woman': 22.461427748203278, 'Man': 77.53857374191284}",Man,
id96_2531.jpg,37.0,"{'Woman': 8.386381715536118, 'Man': 91.61361455917358}",Man,
id42_1047.jpg,30.0,"{'Woman': 18.414966762065887, 'Man': 81.585031747818}",Man,
id94_2646.jpg,27.0,"{'Woman': 6.559554487466812, 'Man': 93.44044923782349}",Man,
id3_53.jpg,30.0,"{'Woman': 2.4169400334358215, 'Man': 97.5830614566803}",Man,
id90_2395.jpg,32.0,"{'Woman': 13.286270201206207, 'Man': 86.71372532844543}",Man,
id36_1373.jpg,36.0,"{'Woman': 76.75191164016724, 'Man': 23.248086869716644}",Woman,
id1_64.jpg,30.0,"{'Woman': 20.621606707572937, 'Man': 79.3783962726593}",Man,
id122_3196.jpg,27.0,"{'Woman': 40.96192717552185, 'Man': 59.03807282447815}",Man,
id91_2423.jpg,,,,'tuple' object has no attribute 'shape'
id93_2478.jpg,33.0,"{'Woman': 41.13018214702606, 'Man': 58.86982083320618}",Man,
id32_476.jpg,25.0,"{'Woman': 6.117558479309082, 'Man': 93.88243556022644}",Man,
id83_2394.jpg,28.0,"{'Woman': 25.112158060073853, 'Man': 74.88784193992615}",Man,
id116_3070.jpg,32.0,"{'Woman': 3.61059233546257, 'Man': 96.38940691947937}",Man,
id108_2699.jpg,30.0,"{'Woman': 8.547844737768173, 'Man': 91.452157497406}",Man,
id118_3098.jpg,27.0,"{'Woman': 1.2362195178866386, 'Man': 98.76377582550049}",Man,
id54_1498.jpg,29.0,"{'Woman': 4.7590140253305435, 'Man': 95.24098634719849}",Man,
id69_1889.jpg,32.0,"{'Woman': 0.7913107052445412, 'Man': 99.20869469642639}",Man,
id47_1116.jpg,33.0,"{'Woman': 3.8284454494714737, 'Man': 96.17155194282532}",Man,
id122_3157.jpg,31.0,"{'Woman': 11.702819913625717, 'Man': 88.29717636108398}",Man,
id115_2961.jpg,33.0,"{'Woman': 64.72976207733154, 'Man': 35.270240902900696}",Woman,
id41_1077.jpg,,,,'tuple' object has no attribute 'shape'
id42_948.jpg,36.0,"{'Woman': 6.777587532997131, 'Man': 93.22241544723511}",Man,
id83_2182.jpg,26.0,"{'Woman': 4.072798043489456, 'Man': 95.92719674110413}",Man,
id16_250.jpg,32.0,"{'Woman': 7.205702364444733, 'Man': 92.79429316520691}",Man,
id54_1535.jpg,32.0,"{'Woman': 7.834810018539429, 'Man': 92.1651840209961}",Man,
id64_1655.jpg,34.0,"{'Woman': 30.875322222709656, 'Man': 69.12468075752258}",Man,
id115_2991.jpg,28.0,"{'Woman': 52.93194055557251, 'Man': 47.06806838512421}",Woman,
id6_89.jpg,28.0,"{'Woman': 2.881592884659767, 'Man': 97.11840152740479}",Man,
id62_1712.jpg,24.0,"{'Woman': 2.68861074000597, 'Man': 97.31139540672302}",Man,
id119_3153.jpg,30.0,"{'Woman': 1.2672084383666515, 'Man': 98.73279929161072}",Man,
id30_458.jpg,33.0,"{'Woman': 8.214494585990906, 'Man': 91.78550839424133}",Man,
id32_474.jpg,26.0,"{'Woman': 3.6040224134922028, 'Man': 96.39597535133362}",Man,
id79_2114.jpg,27.0,"{'Woman': 9.847117960453033, 'Man': 90.15287756919861}",Man,
id6_95.jpg,27.0,"{'Woman': 4.068618267774582, 'Man': 95.93137502670288}",Man,
id78_2120.jpg,25.0,"{'Woman': 1.8889905884861946, 'Man': 98.11100959777832}",Man,
id54_1555.jpg,26.0,"{'Woman': 1.1066585779190063, 'Man': 98.89334440231323}",Man,
id1_173.jpg,28.0,"{'Woman': 31.221723556518555, 'Man': 68.77827048301697}",Man,
id42_999.jpg,43.0,"{'Woman': 57.092803716659546, 'Man': 42.907196283340454}",Woman,
id65_1792.jpg,25.0,"{'Woman': 17.117826640605927, 'Man': 82.88217782974243}",Man,
id121_3216.jpg,26.0,"{'Woman': 8.780138939619064, 'Man': 91.21986627578735}",Man,
id54_1494.jpg,35.0,"{'Woman': 5.620923638343811, 'Man': 94.37907934188843}",Man,
id1_26.jpg,31.0,"{'Woman': 5.466023087501526, 'Man': 94.53397989273071}",Man,
id27_528.jpg,39.0,"{'Woman': 10.284453630447388, 'Man': 89.71554636955261}",Man,
id42_1087.jpg,33.0,"{'Woman': 8.392364531755447, 'Man': 91.60763025283813}",Man,
id54_1533.jpg,31.0,"{'Woman': 11.806510388851166, 'Man': 88.19348216056824}",Man,
id78_2256.jpg,29.0,"{'Woman': 2.4965301156044006, 'Man': 97.50347137451172}",Man,
id77_2060.jpg,32.0,"{'Woman': 1.623687520623207, 'Man': 98.37630987167358}",Man,
id41_1377.jpg,36.0,"{'Woman': 15.293017029762268, 'Man': 84.70698595046997}",Man,
id68_1852.jpg,30.0,"{'Woman': 15.168236196041107, 'Man': 84.83176827430725}",Man,
id42_1121.jpg,31.0,"{'Woman': 24.61756318807602, 'Man': 75.38243532180786}",Man,
id65_1776.jpg,33.0,"{'Woman': 5.078015103936195, 'Man': 94.92198824882507}",Man,
id135_3316.jpg,28.0,"{'Woman': 24.87572282552719, 'Man': 75.12427568435669}",Man,
id25_501.jpg,33.0,"{'Woman': 21.193373203277588, 'Man': 78.80663275718689}",Man,
id65_1679.jpg,39.0,"{'Woman': 46.90346419811249, 'Man': 53.09654474258423}",Man,
id93_2455.jpg,30.0,"{'Woman': 40.98612368106842, 'Man': 59.01386737823486}",Man,
id18_736.jpg,31.0,"{'Woman': 3.820733353495598, 'Man': 96.17927074432373}",Man,
id40_1140.jpg,36.0,"{'Woman': 8.932500332593918, 'Man': 91.06749892234802}",Man,
id55_1526.jpg,33.0,"{'Woman': 6.508968025445938, 'Man': 93.49102973937988}",Man,
id37_831.jpg,41.0,"{'Woman': 76.87852382659912, 'Man': 23.12147468328476}",Woman,
id36_1317.jpg,34.0,"{'Woman': 22.857974469661713, 'Man': 77.14203000068665}",Man,
id60_1549.jpg,30.0,"{'Woman': 19.056348502635956, 'Man': 80.94365000724792}",Man,
id33_736.jpg,34.0,"{'Woman': 3.635726496577263, 'Man': 96.36427164077759}",Man,
id57_1551.jpg,30.0,"{'Woman': 2.5111131370067596, 'Man': 97.48889207839966}",Man,
id77_2020.jpg,25.0,"{'Woman': 1.4373915269970894, 'Man': 98.56260418891907}",Man,
id83_2233.jpg,30.0,"{'Woman': 6.828165054321289, 'Man': 93.17183494567871}",Man,
id121_3189.jpg,30.0,"{'Woman': 37.95771896839142, 'Man': 62.04228401184082}",Man,
id78_2170.jpg,25.0,"{'Woman': 9.921149909496307, 'Man': 90.07884860038757}",Man,
id83_2346.jpg,32.0,"{'Woman': 13.765986263751984, 'Man': 86.23401522636414}",Man,
id109_2751.jpg,,,,'tuple' object has no attribute 'shape'
id50_1420.jpg,,,,'tuple' object has no attribute 'shape'
id77_2052.jpg,39.0,"{'Woman': 2.1997759118676186, 'Man': 97.80022501945496}",Man,
id44_1180.jpg,30.0,"{'Woman': 3.0768735334277153, 'Man': 96.92312479019165}",Man,
id128_3262.jpg,29.0,"{'Woman': 4.646531119942665, 'Man': 95.3534722328186}",Man,
id78_2163.jpg,27.0,"{'Woman': 7.945829629898071, 'Man': 92.05416440963745}",Man,
id28_399.jpg,29.0,"{'Woman': 31.667643785476685, 'Man': 68.33235621452332}",Man,
id121_3276.jpg,28.0,"{'Woman': 5.693032592535019, 'Man': 94.30696964263916}",Man,
id68_1804.jpg,33.0,"{'Woman': 14.100399613380432, 'Man': 85.8996033668518}",Man,
id38_891.jpg,29.0,"{'Woman': 6.546428799629211, 'Man': 93.45356822013855}",Man,
id44_1088.jpg,32.0,"{'Woman': 8.290799707174301, 'Man': 91.7091965675354}",Man,
id77_2016.jpg,23.0,"{'Woman': 0.5459422711282969, 'Man': 99.45406317710876}",Man,
id124_3274.jpg,,,,'tuple' object has no attribute 'shape'
id47_1256.jpg,28.0,"{'Woman': 2.878214791417122, 'Man': 97.12178707122803}",Man,
id72_1873.jpg,28.0,"{'Woman': 7.458321750164032, 'Man': 92.54167675971985}",Man,
id83_2303.jpg,28.0,"{'Woman': 43.03961396217346, 'Man': 56.960391998291016}",Man,
id3_135.jpg,33.0,"{'Woman': 9.201712906360626, 'Man': 90.7982885837555}",Man,
id108_2894.jpg,26.0,"{'Woman': 22.100429236888885, 'Man': 77.899569272995}",Man,
id60_1571.jpg,,,,'tuple' object has no attribute 'shape'
id57_1586.jpg,30.0,"{'Woman': 3.0477287247776985, 'Man': 96.95227146148682}",Man,
id24_549.jpg,30.0,"{'Woman': 11.169183999300003, 'Man': 88.83081078529358}",Man,
id54_1543.jpg,34.0,"{'Woman': 2.5428347289562225, 'Man': 97.45716452598572}",Man,
id122_3203.jpg,30.0,"{'Woman': 20.200957357883453, 'Man': 79.79904413223267}",Man,
id1_63.jpg,33.0,"{'Woman': 10.806291550397873, 'Man': 89.19371366500854}",Man,
id41_1018.jpg,28.0,"{'Woman': 10.38130447268486, 'Man': 89.61869478225708}",Man,
id124_3238.jpg,,,,'tuple' object has no attribute 'shape'
id5_174.jpg,37.0,"{'Woman': 5.76876625418663, 'Man': 94.23123598098755}",Man,
id93_2559.jpg,32.0,"{'Woman': 3.13430055975914, 'Man': 96.86569571495056}",Man,
id37_897.jpg,35.0,"{'Woman': 9.032376855611801, 'Man': 90.9676194190979}",Man,
id36_1412.jpg,31.0,"{'Woman': 38.4993702173233, 'Man': 61.50063872337341}",Man,
id36_1315.jpg,30.0,"{'Woman': 16.970008611679077, 'Man': 83.02999138832092}",Man,
id93_2480.jpg,34.0,"{'Woman': 74.72634315490723, 'Man': 25.273659825325012}",Woman,
id93_2463.jpg,38.0,"{'Woman': 56.83783292770386, 'Man': 43.16217303276062}",Woman,
id43_1005.jpg,22.0,"{'Woman': 1.3881940394639969, 'Man': 98.61181378364563}",Man,
id108_2788.jpg,27.0,"{'Woman': 3.691565990447998, 'Man': 96.308434009552}",Man,
id36_889.jpg,30.0,"{'Woman': 20.28341144323349, 'Man': 79.71658110618591}",Man,
id78_2079.jpg,22.0,"{'Woman': 5.867834389209747, 'Man': 94.13216710090637}",Man,
id71_1861.jpg,25.0,"{'Woman': 1.6693146899342537, 'Man': 98.33068251609802}",Man,
id119_3221.jpg,30.0,"{'Woman': 26.916465163230896, 'Man': 73.08353781700134}",Man,
id90_2369.jpg,31.0,"{'Woman': 42.410340905189514, 'Man': 57.589662075042725}",Man,
id78_2005.jpg,26.0,"{'Woman': 5.987320095300674, 'Man': 94.01267170906067}",Man,
id121_3121.jpg,28.0,"{'Woman': 73.7549364566803, 'Man': 26.245054602622986}",Woman,
id103_2634.jpg,34.0,"{'Woman': 10.077676922082901, 'Man': 89.92232084274292}",Man,
id92_2429.jpg,,,,'tuple' object has no attribute 'shape'
id105_2753.jpg,34.0,"{'Woman': 15.396001935005188, 'Man': 84.60399508476257}",Man,
id101_2625.jpg,25.0,"{'Woman': 2.423160895705223, 'Man': 97.57684469223022}",Man,
id109_2722.jpg,31.0,"{'Woman': 12.381259351968765, 'Man': 87.61874437332153}",Man,
id85_2167.jpg,27.0,"{'Woman': 4.0441833436489105, 'Man': 95.95581293106079}",Man,
id3_12.jpg,33.0,"{'Woman': 6.419969350099564, 'Man': 93.58003735542297}",Man,
id68_2000.jpg,35.0,"{'Woman': 35.86041331291199, 'Man': 64.13959264755249}",Man,
id24_361.jpg,31.0,"{'Woman': 4.15043830871582, 'Man': 95.84956169128418}",Man,
id122_3163.jpg,35.0,"{'Woman': 11.410962045192719, 'Man': 88.58904242515564}",Man,
id25_498.jpg,31.0,"{'Woman': 80.00741004943848, 'Man': 19.992588460445404}",Woman,
id3_19.jpg,28.0,"{'Woman': 6.54512420296669, 'Man': 93.45487952232361}",Man,
id41_956.jpg,26.0,"{'Woman': 6.817624717950821, 'Man': 93.182373046875}",Man,
id121_3290.jpg,,,,'tuple' object has no attribute 'shape'
id115_3043.jpg,,,,'tuple' object has no attribute 'shape'
id84_2184.jpg,34.0,"{'Woman': 10.180123895406723, 'Man': 89.81987833976746}",Man,
id55_1510.jpg,28.0,"{'Woman': 6.064052507281303, 'Man': 93.93594861030579}",Man,
id21_326.jpg,32.0,"{'Woman': 5.849206820130348, 'Man': 94.15079355239868}",Man,
id70_1864.jpg,31.0,"{'Woman': 34.58614647388458, 'Man': 65.41385054588318}",Man,
id41_1091.jpg,,,,'tuple' object has no attribute 'shape'
id36_1312.jpg,27.0,"{'Woman': 7.693255692720413, 'Man': 92.30674505233765}",Man,
id96_2536.jpg,32.0,"{'Woman': 4.6403296291828156, 'Man': 95.35967111587524}",Man,
id77_2014.jpg,24.0,"{'Woman': 0.7158571854233742, 'Man': 99.28414821624756}",Man,
id60_1576.jpg,35.0,"{'Woman': 3.1673189252614975, 'Man': 96.832674741745}",Man,
id55_1557.jpg,25.0,"{'Woman': 1.3383356854319572, 'Man': 98.66166114807129}",Man,
id22_317.jpg,35.0,"{'Woman': 30.97575604915619, 'Man': 69.02424693107605}",Man,
id79_2085.jpg,31.0,"{'Woman': 4.057929664850235, 'Man': 95.94207406044006}",Man,
id54_1530.jpg,31.0,"{'Woman': 3.137127310037613, 'Man': 96.86287641525269}",Man,
id46_1303.jpg,30.0,"{'Woman': 38.60802352428436, 'Man': 61.3919734954834}",Man,
id36_1290.jpg,34.0,"{'Woman': 7.101546972990036, 'Man': 92.89845824241638}",Man,
id62_1745.jpg,30.0,"{'Woman': 5.912602320313454, 'Man': 94.0873920917511}",Man,
id1_318.jpg,28.0,"{'Woman': 0.951144564896822, 'Man': 99.04885292053223}",Man,
id55_1516.jpg,26.0,"{'Woman': 1.1200077831745148, 'Man': 98.87999296188354}",Man,
id36_804.jpg,,,,'tuple' object has no attribute 'shape'
id36_1309.jpg,28.0,"{'Woman': 9.024199098348618, 'Man': 90.97579717636108}",Man,
id44_1142.jpg,28.0,"{'Woman': 3.9329878985881805, 'Man': 96.06701135635376}",Man,
id79_2119.jpg,33.0,"{'Woman': 3.0947132036089897, 'Man': 96.90528512001038}",Man,
id85_2166.jpg,25.0,"{'Woman': 7.695323973894119, 'Man': 92.30467081069946}",Man,
id41_1465.jpg,29.0,"{'Woman': 97.68054485321045, 'Man': 2.3194570094347}",Woman,
id36_1471.jpg,30.0,"{'Woman': 27.819570899009705, 'Man': 72.18042612075806}",Man,
id91_2433.jpg,,,,'tuple' object has no attribute 'shape'
id93_2736.jpg,32.0,"{'Woman': 30.07616698741913, 'Man': 69.92383003234863}",Man,
id42_1009.jpg,27.0,"{'Woman': 2.8918640688061714, 'Man': 97.10813760757446}",Man,
id72_1905.jpg,26.0,"{'Woman': 2.229674533009529, 'Man': 97.77032732963562}",Man,
id79_2009.jpg,29.0,"{'Woman': 25.408336520195007, 'Man': 74.59166049957275}",Man,
id42_988.jpg,31.0,"{'Woman': 9.47330817580223, 'Man': 90.52669405937195}",Man,
id18_624.jpg,,,,'tuple' object has no attribute 'shape'
id78_2166.jpg,29.0,"{'Woman': 23.01146537065506, 'Man': 76.98853611946106}",Man,
id27_529.jpg,31.0,"{'Woman': 41.09766185283661, 'Man': 58.90233516693115}",Man,
id5_56.jpg,33.0,"{'Woman': 11.505825817584991, 'Man': 88.49417567253113}",Man,
id39_907.jpg,31.0,"{'Woman': 9.528309106826782, 'Man': 90.47168493270874}",Man,
id78_2022.jpg,25.0,"{'Woman': 6.711142510175705, 'Man': 93.28886270523071}",Man,
id36_1389.jpg,33.0,"{'Woman': 42.16558635234833, 'Man': 57.83441662788391}",Man,
id48_1213.jpg,35.0,"{'Woman': 5.8735959231853485, 'Man': 94.12640333175659}",Man,
id5_108.jpg,30.0,"{'Woman': 15.336114168167114, 'Man': 84.66388583183289}",Man,
id37_878.jpg,36.0,"{'Woman': 67.68408417701721, 'Man': 32.315924763679504}",Woman,
id93_2496.jpg,33.0,"{'Woman': 29.082128405570984, 'Man': 70.91787457466125}",Man,
id36_935.jpg,32.0,"{'Woman': 25.11715292930603, 'Man': 74.88284111022949}",Man,
id25_532.jpg,29.0,"{'Woman': 53.654319047927856, 'Man': 46.345674991607666}",Woman,
id47_1175.jpg,24.0,"{'Woman': 4.2321935296058655, 'Man': 95.76780796051025}",Man,
id46_1234.jpg,32.0,"{'Woman': 18.15684735774994, 'Man': 81.84314966201782}",Man,
id117_3011.jpg,27.0,"{'Woman': 1.703530177474022, 'Man': 98.29646944999695}",Man,
id46_1325.jpg,32.0,"{'Woman': 4.045314341783524, 'Man': 95.95468640327454}",Man,
id30_454.jpg,29.0,"{'Woman': 4.784197360277176, 'Man': 95.2157974243164}",Man,
id115_2984.jpg,,,,'tuple' object has no attribute 'shape'
id45_1182.jpg,29.0,"{'Woman': 14.140278100967407, 'Man': 85.85972189903259}",Man,
id37_881.jpg,34.0,"{'Woman': 88.24545741081238, 'Man': 11.754542589187622}",Woman,
id5_129.jpg,31.0,"{'Woman': 5.7212114334106445, 'Man': 94.27878856658936}",Man,
id116_3147.jpg,31.0,"{'Woman': 9.634380042552948, 'Man': 90.36561846733093}",Man,
id42_963.jpg,29.0,"{'Woman': 50.09181499481201, 'Man': 49.90818798542023}",Woman,
id72_1892.jpg,27.0,"{'Woman': 2.268677018582821, 'Man': 97.7313220500946}",Man,
id41_938.jpg,28.0,"{'Woman': 44.88631784915924, 'Man': 55.113685131073}",Man,
id126_3208.jpg,42.0,"{'Woman': 6.047373265028, 'Man': 93.95262598991394}",Man,
id41_1324.jpg,26.0,"{'Woman': 17.969706654548645, 'Man': 82.03029036521912}",Man,
id79_2022.jpg,28.0,"{'Woman': 49.64723289012909, 'Man': 50.35276412963867}",Man,
id65_1678.jpg,39.0,"{'Woman': 22.384175658226013, 'Man': 77.61582136154175}",Man,
id46_1376.jpg,26.0,"{'Woman': 15.509700775146484, 'Man': 84.490305185318}",Man,
id42_959.jpg,29.0,"{'Woman': 28.201526403427124, 'Man': 71.7984676361084}",Man,
id79_2076.jpg,27.0,"{'Woman': 5.943635478615761, 'Man': 94.05636787414551}",Man,
id3_60.jpg,25.0,"{'Woman': 4.2349714785814285, 'Man': 95.76503038406372}",Man,
id7_108.jpg,29.0,"{'Woman': 19.226613640785217, 'Man': 80.77338933944702}",Man,
id24_473.jpg,24.0,"{'Woman': 9.16522815823555, 'Man': 90.83476662635803}",Man,
id48_1266.jpg,26.0,"{'Woman': 2.1028535440564156, 'Man': 97.89714813232422}",Man,
id27_454.jpg,30.0,"{'Woman': 1.5361445024609566, 'Man': 98.4638512134552}",Man,
id42_1111.jpg,23.0,"{'Woman': 2.7005918323993683, 'Man': 97.29940891265869}",Man,
id27_504.jpg,27.0,"{'Woman': 2.9477959498763084, 'Man': 97.05219864845276}",Man,
id18_372.jpg,26.0,"{'Woman': 5.1715996116399765, 'Man': 94.82840299606323}",Man,
id18_704.jpg,32.0,"{'Woman': 5.072340741753578, 'Man': 94.92765665054321}",Man,
id78_2250.jpg,34.0,"{'Woman': 0.7166933733969927, 'Man': 99.28330183029175}",Man,
id62_1651.jpg,26.0,"{'Woman': 11.098472774028778, 'Man': 88.90153169631958}",Man,
id23_343.jpg,27.0,"{'Woman': 2.1182943135499954, 'Man': 97.88170456886292}",Man,
id24_584.jpg,32.0,"{'Woman': 1.730882003903389, 'Man': 98.269122838974}",Man,
id57_1649.jpg,29.0,"{'Woman': 43.33358108997345, 'Man': 56.66641592979431}",Man,
id7_134.jpg,31.0,"{'Woman': 16.173814237117767, 'Man': 83.82618427276611}",Man,
id42_1025.jpg,,,,'tuple' object has no attribute 'shape'
id117_3151.jpg,36.0,"{'Woman': 11.184050887823105, 'Man': 88.81595134735107}",Man,
id41_1059.jpg,30.0,"{'Woman': 29.94953989982605, 'Man': 70.05046010017395}",Man,
id18_587.jpg,29.0,"{'Woman': 6.753808259963989, 'Man': 93.24618577957153}",Man,
id67_1919.jpg,30.0,"{'Woman': 8.523237705230713, 'Man': 91.47675633430481}",Man,
id36_1296.jpg,37.0,"{'Woman': 3.32559235394001, 'Man': 96.67441248893738}",Man,
id121_3232.jpg,,,,'tuple' object has no attribute 'shape'
id36_1390.jpg,34.0,"{'Woman': 52.74641513824463, 'Man': 47.25358486175537}",Woman,
id35_753.jpg,31.0,"{'Woman': 54.00893688201904, 'Man': 45.99105715751648}",Woman,
id3_35.jpg,29.0,"{'Woman': 2.441796474158764, 'Man': 97.55820035934448}",Man,
id68_1895.jpg,33.0,"{'Woman': 9.897342324256897, 'Man': 90.10266065597534}",Man,
id24_439.jpg,25.0,"{'Woman': 24.957118928432465, 'Man': 75.0428855419159}",Man,
id122_3231.jpg,,,,'tuple' object has no attribute 'shape'
id24_437.jpg,23.0,"{'Woman': 44.97323930263519, 'Man': 55.026763677597046}",Man,
id46_1244.jpg,33.0,"{'Woman': 56.35319948196411, 'Man': 43.64679753780365}",Woman,
id41_960.jpg,30.0,"{'Woman': 13.79321962594986, 'Man': 86.20678186416626}",Man,
id51_1309.jpg,36.0,"{'Woman': 11.530274897813797, 'Man': 88.46972584724426}",Man,
id18_654.jpg,27.0,"{'Woman': 10.43878123164177, 'Man': 89.56121802330017}",Man,
id3_93.jpg,27.0,"{'Woman': 3.9419367909431458, 'Man': 96.05807065963745}",Man,
id6_58.jpg,25.0,"{'Woman': 3.9798200130462646, 'Man': 96.02017998695374}",Man,
id68_1805.jpg,33.0,"{'Woman': 16.394738852977753, 'Man': 83.6052656173706}",Man,
id5_145.jpg,33.0,"{'Woman': 3.830546885728836, 'Man': 96.1694598197937}",Man,
id92_2417.jpg,35.0,"{'Woman': 22.540484368801117, 'Man': 77.45951414108276}",Man,
id123_3289.jpg,28.0,"{'Woman': 26.68445110321045, 'Man': 73.31554889678955}",Man,
id5_60.jpg,33.0,"{'Woman': 11.348900943994522, 'Man': 88.6510968208313}",Man,
id78_2191.jpg,28.0,"{'Woman': 2.713707461953163, 'Man': 97.2862958908081}",Man,
id62_1701.jpg,33.0,"{'Woman': 7.429803907871246, 'Man': 92.57020354270935}",Man,
id22_315.jpg,35.0,"{'Woman': 31.206727027893066, 'Man': 68.79327297210693}",Man,
id57_1531.jpg,27.0,"{'Woman': 5.795681476593018, 'Man': 94.20431852340698}",Man,
id84_2197.jpg,28.0,"{'Woman': 11.413171142339706, 'Man': 88.58682513237}",Man,
id1_20.jpg,30.0,"{'Woman': 3.7723038345575333, 'Man': 96.22769355773926}",Man,
id106_2939.jpg,27.0,"{'Woman': 29.05733287334442, 'Man': 70.94267010688782}",Man,
id54_1554.jpg,26.0,"{'Woman': 2.7210019528865814, 'Man': 97.27899432182312}",Man,
id2_88.jpg,31.0,"{'Woman': 9.322156757116318, 'Man': 90.67783951759338}",Man,
id1_84.jpg,26.0,"{'Woman': 14.728821814060211, 'Man': 85.27117371559143}",Man,
id43_1023.jpg,31.0,"{'Woman': 8.854710310697556, 'Man': 91.14529490470886}",Man,
id65_1687.jpg,34.0,"{'Woman': 81.92257881164551, 'Man': 18.077419698238373}",Woman,
id79_2055.jpg,25.0,"{'Woman': 13.889232277870178, 'Man': 86.11077070236206}",Man,
id18_764.jpg,30.0,"{'Woman': 17.76416003704071, 'Man': 82.23583698272705}",Man,
id27_431.jpg,38.0,"{'Woman': 6.397111713886261, 'Man': 93.60288381576538}",Man,
id126_3219.jpg,44.0,"{'Woman': 7.698109000921249, 'Man': 92.30188727378845}",Man,
id41_1384.jpg,35.0,"{'Woman': 12.865926325321198, 'Man': 87.13407516479492}",Man,
id70_1943.jpg,28.0,"{'Woman': 4.865065217018127, 'Man': 95.13493180274963}",Man,
id36_1375.jpg,33.0,"{'Woman': 51.45496129989624, 'Man': 48.54503571987152}",Woman,
id3_120.jpg,28.0,"{'Woman': 17.624320089817047, 'Man': 82.37568140029907}",Man,
id113_2953.jpg,27.0,"{'Woman': 10.913703590631485, 'Man': 89.08629417419434}",Man,
id62_1650.jpg,27.0,"{'Woman': 13.474857807159424, 'Man': 86.52514219284058}",Man,
id42_951.jpg,36.0,"{'Woman': 7.003805786371231, 'Man': 92.99619197845459}",Man,
id94_2576.jpg,23.0,"{'Woman': 38.213735818862915, 'Man': 61.78625822067261}",Man,
id122_3213.jpg,,,,'tuple' object has no attribute 'shape'
id115_2960.jpg,32.0,"{'Woman': 33.33452045917511, 'Man': 66.66548252105713}",Man,
id20_314.jpg,31.0,"{'Woman': 2.773180417716503, 'Man': 97.2268283367157}",Man,
id72_1881.jpg,31.0,"{'Woman': 8.814845234155655, 'Man': 91.18515253067017}",Man,
id5_150.jpg,24.0,"{'Woman': 5.526409298181534, 'Man': 94.47359442710876}",Man,
id18_774.jpg,38.0,"{'Woman': 27.984246611595154, 'Man': 72.01575040817261}",Man,
id59_1594.jpg,32.0,"{'Woman': 24.496018886566162, 'Man': 75.50398111343384}",Man,
id115_2921.jpg,25.0,"{'Woman': 7.49640092253685, 'Man': 92.50359535217285}",Man,
id59_1746.jpg,29.0,"{'Woman': 90.51920771598816, 'Man': 9.48079377412796}",Woman,
id20_434.jpg,33.0,"{'Woman': 12.652765214443207, 'Man': 87.34723329544067}",Man,
id39_876.jpg,37.0,"{'Woman': 16.35161191225052, 'Man': 83.64838361740112}",Man,
id2_27.jpg,31.0,"{'Woman': 6.7235879600048065, 'Man': 93.27641129493713}",Man,
id118_3041.jpg,,,,'tuple' object has no attribute 'shape'
id63_1655.jpg,36.0,"{'Woman': 6.939822435379028, 'Man': 93.06017756462097}",Man,
id79_2014.jpg,30.0,"{'Woman': 16.12420380115509, 'Man': 83.87579917907715}",Man,
id92_2418.jpg,34.0,"{'Woman': 19.53633427619934, 'Man': 80.46367168426514}",Man,
id83_2220.jpg,31.0,"{'Woman': 48.85347783565521, 'Man': 51.14651918411255}",Man,
id41_1439.jpg,28.0,"{'Woman': 89.74024057388306, 'Man': 10.259763896465302}",Woman,
id10_255.jpg,29.0,"{'Woman': 5.7592835277318954, 'Man': 94.24071311950684}",Man,
id105_2760.jpg,31.0,"{'Woman': 16.38907641172409, 'Man': 83.61092209815979}",Man,
id27_453.jpg,31.0,"{'Woman': 2.090930938720703, 'Man': 97.9090690612793}",Man,
id49_1502.jpg,30.0,"{'Woman': 5.157991498708725, 'Man': 94.84201073646545}",Man,
id41_1443.jpg,28.0,"{'Woman': 87.64303922653198, 'Man': 12.356962263584137}",Woman,
id57_1625.jpg,22.0,"{'Woman': 4.217933118343353, 'Man': 95.782071352005}",Man,
id36_1310.jpg,27.0,"{'Woman': 7.693255692720413, 'Man': 92.30674505233765}",Man,
id79_2015.jpg,29.0,"{'Woman': 12.333497405052185, 'Man': 87.66650557518005}",Man,
id37_819.jpg,30.0,"{'Woman': 88.54174017906189, 'Man': 11.45826131105423}",Woman,
id36_981.jpg,34.0,"{'Woman': 17.447370290756226, 'Man': 82.55262970924377}",Man,
id126_3214.jpg,36.0,"{'Woman': 21.684110164642334, 'Man': 78.31589579582214}",Man,
id36_1284.jpg,36.0,"{'Woman': 14.584274590015411, 'Man': 85.41572093963623}",Man,
id55_1554.jpg,29.0,"{'Woman': 1.3207724317908287, 'Man': 98.67923259735107}",Man,
id10_186.jpg,25.0,"{'Woman': 5.239606648683548, 'Man': 94.76039409637451}",Man,
id49_1283.jpg,28.0,"{'Woman': 6.894548982381821, 'Man': 93.10544729232788}",Man,
id25_493.jpg,28.0,"{'Woman': 6.631982326507568, 'Man': 93.36802363395691}",Man,
id4_25.jpg,34.0,"{'Woman': 48.85324835777283, 'Man': 51.14675164222717}",Man,
id41_1314.jpg,28.0,"{'Woman': 20.19907534122467, 'Man': 79.80092763900757}",Man,
id20_309.jpg,28.0,"{'Woman': 3.54401096701622, 'Man': 96.45599126815796}",Man,
id5_210.jpg,32.0,"{'Woman': 22.045938670635223, 'Man': 77.95406579971313}",Man,
id115_3027.jpg,29.0,"{'Woman': 4.7965314239263535, 'Man': 95.20347118377686}",Man,
id34_794.jpg,26.0,"{'Woman': 7.6577819883823395, 'Man': 92.34221577644348}",Man,
id30_440.jpg,27.0,"{'Woman': 9.958983212709427, 'Man': 90.04101157188416}",Man,
id113_2938.jpg,32.0,"{'Woman': 47.435423731803894, 'Man': 52.56457328796387}",Man,
id45_1042.jpg,,,,'tuple' object has no attribute 'shape'
id36_1423.jpg,28.0,"{'Woman': 15.065576136112213, 'Man': 84.9344253540039}",Man,
id77_2413.jpg,35.0,"{'Woman': 7.447813451290131, 'Man': 92.55218505859375}",Man,
id119_3107.jpg,33.0,"{'Woman': 7.047152519226074, 'Man': 92.95284748077393}",Man,
id11_228.jpg,27.0,"{'Woman': 2.8369691222906113, 'Man': 97.16302752494812}",Man,
id5_74.jpg,25.0,"{'Woman': 6.118848547339439, 'Man': 93.88115406036377}",Man,
id25_435.jpg,,,,'tuple' object has no attribute 'shape'
id81_2142.jpg,37.0,"{'Woman': 10.461802780628204, 'Man': 89.53819870948792}",Man,
id48_1252.jpg,30.0,"{'Woman': 23.222661018371582, 'Man': 76.7773449420929}",Man,
id5_126.jpg,30.0,"{'Woman': 21.699590981006622, 'Man': 78.3004105091095}",Man,
id121_3260.jpg,26.0,"{'Woman': 4.8940688371658325, 'Man': 95.1059341430664}",Man,
id24_482.jpg,31.0,"{'Woman': 9.169918298721313, 'Man': 90.83008766174316}",Man,
id25_399.jpg,25.0,"{'Woman': 15.627564489841461, 'Man': 84.37243700027466}",Man,
id41_933.jpg,26.0,"{'Woman': 26.194998621940613, 'Man': 73.80499839782715}",Man,
id83_2285.jpg,32.0,"{'Woman': 31.895068287849426, 'Man': 68.10492873191833}",Man,
id46_1265.jpg,30.0,"{'Woman': 46.00730538368225, 'Man': 53.99270057678223}",Man,
id36_1352.jpg,37.0,"{'Woman': 40.72524309158325, 'Man': 59.274762868881226}",Man,
id4_30.jpg,41.0,"{'Woman': 5.373144894838333, 'Man': 94.62684988975525}",Man,
id77_2115.jpg,30.0,"{'Woman': 1.8640585243701935, 'Man': 98.13593626022339}",Man,
id41_970.jpg,27.0,"{'Woman': 4.3618738651275635, 'Man': 95.63813209533691}",Man,
id4_27.jpg,36.0,"{'Woman': 50.16689896583557, 'Man': 49.83310401439667}",Woman,
id30_474.jpg,31.0,"{'Woman': 19.391760230064392, 'Man': 80.60824275016785}",Man,
id116_3167.jpg,33.0,"{'Woman': 19.321411848068237, 'Man': 80.67858815193176}",Man,
id44_1092.jpg,32.0,"{'Woman': 4.756833985447884, 'Man': 95.24317383766174}",Man,
id35_754.jpg,,,,'tuple' object has no attribute 'shape'
id36_888.jpg,,,,'tuple' object has no attribute 'shape'
id7_139.jpg,31.0,"{'Woman': 11.9248665869236, 'Man': 88.0751371383667}",Man,
id38_873.jpg,28.0,"{'Woman': 3.4846998751163483, 'Man': 96.51529788970947}",Man,
id18_641.jpg,37.0,"{'Woman': 66.6155457496643, 'Man': 33.384448289871216}",Woman,
id77_2139.jpg,28.0,"{'Woman': 6.1369601637125015, 'Man': 93.86303424835205}",Man,
id25_459.jpg,,,,'tuple' object has no attribute 'shape'
id41_1069.jpg,,,,'tuple' object has no attribute 'shape'
id77_2229.jpg,40.0,"{'Woman': 1.658448949456215, 'Man': 98.34154844284058}",Man,
id45_1095.jpg,34.0,"{'Woman': 2.2672802209854126, 'Man': 97.73271679878235}",Man,
id119_3118.jpg,22.0,"{'Woman': 1.4985397458076477, 'Man': 98.50146174430847}",Man,
id91_2401.jpg,31.0,"{'Woman': 18.235313892364502, 'Man': 81.7646861076355}",Man,
id101_2585.jpg,27.0,"{'Woman': 13.381993770599365, 'Man': 86.61800026893616}",Man,
id113_2944.jpg,29.0,"{'Woman': 16.035620868206024, 'Man': 83.96437764167786}",Man,
id47_1216.jpg,23.0,"{'Woman': 3.3263109624385834, 'Man': 96.6736912727356}",Man,
id42_947.jpg,36.0,"{'Woman': 6.737741082906723, 'Man': 93.26225519180298}",Man,
id57_1647.jpg,28.0,"{'Woman': 6.233103945851326, 'Man': 93.76689791679382}",Man,
id119_3127.jpg,36.0,"{'Woman': 17.99260675907135, 'Man': 82.00739026069641}",Man,
id41_974.jpg,27.0,"{'Woman': 6.747565418481827, 'Man': 93.25243830680847}",Man,
id41_1092.jpg,,,,'tuple' object has no attribute 'shape'
id23_352.jpg,,,,'tuple' object has no attribute 'shape'
id109_2723.jpg,32.0,"{'Woman': 9.578744322061539, 'Man': 90.42125940322876}",Man,
id69_1840.jpg,33.0,"{'Woman': 1.87591090798378, 'Man': 98.12409281730652}",Man,
id16_244.jpg,27.0,"{'Woman': 14.37189131975174, 'Man': 85.6281042098999}",Man,
id115_2927.jpg,23.0,"{'Woman': 5.042363330721855, 'Man': 94.95763778686523}",Man,
id65_1785.jpg,33.0,"{'Woman': 7.197888195514679, 'Man': 92.80210733413696}",Man,
id42_1026.jpg,,,,'tuple' object has no attribute 'shape'
id48_1161.jpg,37.0,"{'Woman': 0.38041293155401945, 'Man': 99.6195912361145}",Man,
id20_284.jpg,27.0,"{'Woman': 5.16287125647068, 'Man': 94.83713507652283}",Man,
id108_2706.jpg,29.0,"{'Woman': 17.93529987335205, 'Man': 82.06470608711243}",Man,
id106_2886.jpg,28.0,"{'Woman': 25.659537315368652, 'Man': 74.34046268463135}",Man,
id84_2193.jpg,28.0,"{'Woman': 11.238603293895721, 'Man': 88.76139521598816}",Man,
id45_1088.jpg,,,,'tuple' object has no attribute 'shape'
id119_3157.jpg,25.0,"{'Woman': 1.078424695879221, 'Man': 98.92157316207886}",Man,
id115_2937.jpg,30.0,"{'Woman': 16.52846336364746, 'Man': 83.47153663635254}",Man,
id108_2691.jpg,27.0,"{'Woman': 1.9528241828083992, 'Man': 98.0471670627594}",Man,
id18_771.jpg,36.0,"{'Woman': 46.70770466327667, 'Man': 53.292304277420044}",Man,
id5_132.jpg,27.0,"{'Woman': 6.867261976003647, 'Man': 93.13273429870605}",Man,
id57_1556.jpg,27.0,"{'Woman': 4.367014765739441, 'Man': 95.6329882144928}",Man,
id25_379.jpg,35.0,"{'Woman': 69.81547474861145, 'Man': 30.18452227115631}",Woman,
id25_790.jpg,25.0,"{'Woman': 52.11566090583801, 'Man': 47.88433909416199}",Woman,
id116_3174.jpg,33.0,"{'Woman': 26.263415813446045, 'Man': 73.73657822608948}",Man,
id49_1286.jpg,25.0,"{'Woman': 5.913138762116432, 'Man': 94.08686757087708}",Man,
id24_479.jpg,29.0,"{'Woman': 7.539350539445877, 'Man': 92.46065020561218}",Man,
id42_1022.jpg,32.0,"{'Woman': 7.496338337659836, 'Man': 92.50366687774658}",Man,
id65_1809.jpg,33.0,"{'Woman': 12.312795966863632, 'Man': 87.68720626831055}",Man,
id91_2431.jpg,,,,'tuple' object has no attribute 'shape'
id42_1079.jpg,30.0,"{'Woman': 2.264213375747204, 'Man': 97.73578643798828}",Man,
id18_656.jpg,34.0,"{'Woman': 13.76253366470337, 'Man': 86.23746633529663}",Man,
id54_1516.jpg,35.0,"{'Woman': 2.507057972252369, 'Man': 97.49294519424438}",Man,
id41_1424.jpg,26.0,"{'Woman': 67.5824761390686, 'Man': 32.41752088069916}",Woman,
id48_1160.jpg,,,,'tuple' object has no attribute 'shape'
id78_2075.jpg,24.0,"{'Woman': 3.3885762095451355, 'Man': 96.61142826080322}",Man,
id42_1187.jpg,35.0,"{'Woman': 5.86303174495697, 'Man': 94.13696527481079}",Man,
id125_3193.jpg,29.0,"{'Woman': 3.538752719759941, 'Man': 96.46124839782715}",Man,
id119_3083.jpg,30.0,"{'Woman': 34.83165204524994, 'Man': 65.1683509349823}",Man,
id44_1040.jpg,35.0,"{'Woman': 3.5251006484031677, 'Man': 96.47489786148071}",Man,
id44_1014.jpg,25.0,"{'Woman': 51.239609718322754, 'Man': 48.760393261909485}",Woman,
id78_2033.jpg,28.0,"{'Woman': 22.64375239610672, 'Man': 77.35625505447388}",Man,
id41_1303.jpg,33.0,"{'Woman': 31.3387930393219, 'Man': 68.66121292114258}",Man,
id108_2935.jpg,35.0,"{'Woman': 25.511041283607483, 'Man': 74.48895573616028}",Man,
id77_2134.jpg,27.0,"{'Woman': 3.6474689841270447, 'Man': 96.35252356529236}",Man,
id127_3228.jpg,32.0,"{'Woman': 92.37968325614929, 'Man': 7.620324939489365}",Woman,
id45_1072.jpg,,,,'tuple' object has no attribute 'shape'
id109_2704.jpg,,,,'tuple' object has no attribute 'shape'
id44_1059.jpg,24.0,"{'Woman': 4.666760191321373, 'Man': 95.33323645591736}",Man,
id27_533.jpg,33.0,"{'Woman': 94.85876560211182, 'Man': 5.141232535243034}",Woman,
id18_271.jpg,26.0,"{'Woman': 37.65897452831268, 'Man': 62.341028451919556}",Man,
id124_3279.jpg,35.0,"{'Woman': 8.840838819742203, 'Man': 91.15915894508362}",Man,
id37_888.jpg,34.0,"{'Woman': 47.68208563327789, 'Man': 52.31791138648987}",Man,
id78_2153.jpg,24.0,"{'Woman': 5.78497089445591, 'Man': 94.21502351760864}",Man,
id135_3323.jpg,31.0,"{'Woman': 11.773791909217834, 'Man': 88.2262110710144}",Man,
id3_26.jpg,25.0,"{'Woman': 11.226720362901688, 'Man': 88.77328038215637}",Man,
id121_3289.jpg,27.0,"{'Woman': 12.650719285011292, 'Man': 87.34927773475647}",Man,
id113_2794.jpg,32.0,"{'Woman': 29.09041941165924, 'Man': 70.909583568573}",Man,
id124_3282.jpg,,,,'tuple' object has no attribute 'shape'
id78_2136.jpg,25.0,"{'Woman': 5.664656311273575, 'Man': 94.33534145355225}",Man,
id95_2485.jpg,32.0,"{'Woman': 3.516044467687607, 'Man': 96.4839518070221}",Man,
id18_537.jpg,28.0,"{'Woman': 9.112922102212906, 'Man': 90.88707566261292}",Man,
id121_3201.jpg,29.0,"{'Woman': 10.69938912987709, 'Man': 89.30060863494873}",Man,
id117_3052.jpg,31.0,"{'Woman': 6.608887761831284, 'Man': 93.39110851287842}",Man,
id42_979.jpg,,,,'tuple' object has no attribute 'shape'
id5_196.jpg,27.0,"{'Woman': 12.018749862909317, 'Man': 87.98125386238098}",Man,
id37_895.jpg,37.0,"{'Woman': 13.595153391361237, 'Man': 86.40484809875488}",Man,
id24_375.jpg,26.0,"{'Woman': 2.373196743428707, 'Man': 97.62679934501648}",Man,
id46_1268.jpg,33.0,"{'Woman': 44.14962828159332, 'Man': 55.850374698638916}",Man,
id13_225.jpg,33.0,"{'Woman': 17.90662258863449, 'Man': 82.09337592124939}",Man,
id67_1786.jpg,25.0,"{'Woman': 5.375642329454422, 'Man': 94.62435245513916}",Man,
id55_1514.jpg,,,,'tuple' object has no attribute 'shape'
id3_159.jpg,26.0,"{'Woman': 46.06112241744995, 'Man': 53.93887162208557}",Man,
id5_114.jpg,30.0,"{'Woman': 5.405914410948753, 'Man': 94.59408521652222}",Man,
id122_3171.jpg,31.0,"{'Woman': 36.57962679862976, 'Man': 63.42037320137024}",Man,
id11_203.jpg,27.0,"{'Woman': 7.568170130252838, 'Man': 92.4318253993988}",Man,
id79_2113.jpg,35.0,"{'Woman': 4.852838441729546, 'Man': 95.14716863632202}",Man,
id27_437.jpg,34.0,"{'Woman': 2.217590808868408, 'Man': 97.78240919113159}",Man,
id113_2972.jpg,34.0,"{'Woman': 23.975253105163574, 'Man': 76.02474689483643}",Man,
id65_1741.jpg,35.0,"{'Woman': 3.7466730922460556, 'Man': 96.25332355499268}",Man,
id16_279.jpg,26.0,"{'Woman': 4.383813217282295, 'Man': 95.61618566513062}",Man,
id90_2575.jpg,36.0,"{'Woman': 3.1012505292892456, 'Man': 96.89874649047852}",Man,
id55_1707.jpg,27.0,"{'Woman': 2.5040999054908752, 'Man': 97.49590158462524}",Man,
id84_2181.jpg,29.0,"{'Woman': 5.449476465582848, 'Man': 94.55052614212036}",Man,
id43_1172.jpg,27.0,"{'Woman': 12.396001070737839, 'Man': 87.60399222373962}",Man,
id77_2112.jpg,27.0,"{'Woman': 6.925713270902634, 'Man': 93.07429194450378}",Man,
id3_46.jpg,28.0,"{'Woman': 1.9141625612974167, 'Man': 98.08583855628967}",Man,
id43_1171.jpg,30.0,"{'Woman': 10.887620598077774, 'Man': 89.11237716674805}",Man,
id83_2185.jpg,26.0,"{'Woman': 8.620982617139816, 'Man': 91.37901067733765}",Man,
id79_2072.jpg,27.0,"{'Woman': 17.24812686443329, 'Man': 82.75187611579895}",Man,
id40_1109.jpg,37.0,"{'Woman': 18.03244799375534, 'Man': 81.96755051612854}",Man,
id113_2790.jpg,28.0,"{'Woman': 23.54186773300171, 'Man': 76.45812630653381}",Man,
id44_1081.jpg,33.0,"{'Woman': 11.631619185209274, 'Man': 88.36838006973267}",Man,
id126_3233.jpg,29.0,"{'Woman': 5.1509078592062, 'Man': 94.8490858078003}",Man,
id41_952.jpg,26.0,"{'Woman': 6.771474331617355, 'Man': 93.22853088378906}",Man,
id119_3152.jpg,36.0,"{'Woman': 1.4406980946660042, 'Man': 98.55930209159851}",Man,
id117_3044.jpg,25.0,"{'Woman': 0.801131222397089, 'Man': 99.19887185096741}",Man,
id70_1848.jpg,32.0,"{'Woman': 49.24490749835968, 'Man': 50.75509548187256}",Man,
id24_478.jpg,32.0,"{'Woman': 6.516186892986298, 'Man': 93.48381161689758}",Man,
id51_1273.jpg,27.0,"{'Woman': 0.8589349687099457, 'Man': 99.14106130599976}",Man,
id78_2016.jpg,29.0,"{'Woman': 7.943061739206314, 'Man': 92.05694198608398}",Man,
id55_1529.jpg,30.0,"{'Woman': 4.6579040586948395, 'Man': 95.34209966659546}",Man,
id4_18.jpg,32.0,"{'Woman': 77.43868827819824, 'Man': 22.5613072514534}",Woman,
id27_549.jpg,24.0,"{'Woman': 10.218753665685654, 'Man': 89.78124260902405}",Man,
id34_742.jpg,30.0,"{'Woman': 13.771553337574005, 'Man': 86.22844219207764}",Man,
id51_1310.jpg,25.0,"{'Woman': 3.9074838161468506, 'Man': 96.09252214431763}",Man,
id115_2962.jpg,34.0,"{'Woman': 30.40674924850464, 'Man': 69.59325075149536}",Man,
id42_986.jpg,30.0,"{'Woman': 8.688977360725403, 'Man': 91.31102561950684}",Man,
id41_1034.jpg,28.0,"{'Woman': 16.978353261947632, 'Man': 83.02165269851685}",Man,
id25_394.jpg,27.0,"{'Woman': 33.40978026390076, 'Man': 66.59021973609924}",Man,
id68_1835.jpg,33.0,"{'Woman': 8.06504338979721, 'Man': 91.93495512008667}",Man,
id30_470.jpg,29.0,"{'Woman': 23.04735779762268, 'Man': 76.9526481628418}",Man,
id121_3320.jpg,,,,'tuple' object has no attribute 'shape'
id24_552.jpg,29.0,"{'Woman': 9.535127878189087, 'Man': 90.46487808227539}",Man,
id121_3274.jpg,26.0,"{'Woman': 4.433052986860275, 'Man': 95.56695222854614}",Man,
id83_2291.jpg,31.0,"{'Woman': 47.261032462120056, 'Man': 52.73897051811218}",Man,
id1_183.jpg,26.0,"{'Woman': 16.826948523521423, 'Man': 83.17305445671082}",Man,
id42_943.jpg,29.0,"{'Woman': 22.2285196185112, 'Man': 77.77148485183716}",Man,
id24_433.jpg,24.0,"{'Woman': 10.587136447429657, 'Man': 89.41285610198975}",Man,
id27_416.jpg,32.0,"{'Woman': 38.29204738140106, 'Man': 61.70795559883118}",Man,
id5_162.jpg,32.0,"{'Woman': 11.627968400716782, 'Man': 88.37202787399292}",Man,
id27_435.jpg,32.0,"{'Woman': 1.6599565744400024, 'Man': 98.34004044532776}",Man,
id65_1756.jpg,37.0,"{'Woman': 13.359281420707703, 'Man': 86.64071559906006}",Man,
id62_1730.jpg,28.0,"{'Woman': 20.904119312763214, 'Man': 79.09587621688843}",Man,
id65_1782.jpg,27.0,"{'Woman': 7.934293150901794, 'Man': 92.06570386886597}",Man,
id102_2734.jpg,32.0,"{'Woman': 34.50792729854584, 'Man': 65.4920756816864}",Man,
id65_1812.jpg,29.0,"{'Woman': 22.717851400375366, 'Man': 77.28214859962463}",Man,
id48_1227.jpg,30.0,"{'Woman': 8.374188840389252, 'Man': 91.6258156299591}",Man,
id127_3245.jpg,30.0,"{'Woman': 79.57698106765747, 'Man': 20.423021912574768}",Woman,
id123_3213.jpg,35.0,"{'Woman': 7.0982299745082855, 'Man': 92.9017722606659}",Man,
id78_2140.jpg,28.0,"{'Woman': 4.2502909898757935, 'Man': 95.74970602989197}",Man,
id41_1036.jpg,31.0,"{'Woman': 13.809886574745178, 'Man': 86.19011640548706}",Man,
id7_137.jpg,33.0,"{'Woman': 14.018218219280243, 'Man': 85.98178029060364}",Man,
id84_2160.jpg,34.0,"{'Woman': 32.42502510547638, 'Man': 67.57497191429138}",Man,
id18_577.jpg,36.0,"{'Woman': 15.646198391914368, 'Man': 84.35380458831787}",Man,
id40_1180.jpg,32.0,"{'Woman': 15.151014924049377, 'Man': 84.84898209571838}",Man,
id39_940.jpg,28.0,"{'Woman': 19.148851931095123, 'Man': 80.85114359855652}",Man,
id41_1421.jpg,27.0,"{'Woman': 84.31543111801147, 'Man': 15.684568881988525}",Woman,
id37_870.jpg,34.0,"{'Woman': 83.67500901222229, 'Man': 16.32499247789383}",Woman,
id78_2050.jpg,25.0,"{'Woman': 1.9996026530861855, 'Man': 98.00040125846863}",Man,
id96_2588.jpg,28.0,"{'Woman': 60.280829668045044, 'Man': 39.719170331954956}",Woman,
id78_2235.jpg,30.0,"{'Woman': 4.41359244287014, 'Man': 95.58641314506531}",Man,
id36_1404.jpg,,,,'tuple' object has no attribute 'shape'
id36_868.jpg,,,,'tuple' object has no attribute 'shape'
id26_390.jpg,25.0,"{'Woman': 5.544120445847511, 'Man': 94.45587992668152}",Man,
id116_3089.jpg,32.0,"{'Woman': 9.472532570362091, 'Man': 90.52746295928955}",Man,
id125_3224.jpg,22.0,"{'Woman': 1.4727527275681496, 'Man': 98.5272467136383}",Man,
id18_661.jpg,31.0,"{'Woman': 49.356189370155334, 'Man': 50.643813610076904}",Man,
id126_3232.jpg,27.0,"{'Woman': 10.572591423988342, 'Man': 89.4274115562439}",Man,
id83_2338.jpg,30.0,"{'Woman': 16.71542078256607, 'Man': 83.28458070755005}",Man,
id78_2246.jpg,30.0,"{'Woman': 3.7598401308059692, 'Man': 96.24015688896179}",Man,
id77_2125.jpg,26.0,"{'Woman': 8.414171636104584, 'Man': 91.5858268737793}",Man,
id59_1539.jpg,33.0,"{'Woman': 89.13435339927673, 'Man': 10.865647345781326}",Woman,
id49_1262.jpg,29.0,"{'Woman': 2.6975786313414574, 'Man': 97.30241894721985}",Man,
id11_172.jpg,35.0,"{'Woman': 35.537368059158325, 'Man': 64.46263790130615}",Man,
id41_1052.jpg,29.0,"{'Woman': 21.622075140476227, 'Man': 78.37793231010437}",Man,
id130_3281.jpg,28.0,"{'Woman': 97.61162996292114, 'Man': 2.388368174433708}",Woman,
id37_873.jpg,34.0,"{'Woman': 77.45867371559143, 'Man': 22.54132628440857}",Woman,
id119_3106.jpg,35.0,"{'Woman': 4.912328347563744, 'Man': 95.0876772403717}",Man,
id78_2266.jpg,24.0,"{'Woman': 3.122064471244812, 'Man': 96.87793254852295}",Man,
id51_1260.jpg,27.0,"{'Woman': 1.5824336558580399, 'Man': 98.41756224632263}",Man,
id115_2947.jpg,31.0,"{'Woman': 16.259057819843292, 'Man': 83.74093770980835}",Man,
id51_1308.jpg,36.0,"{'Woman': 11.144901812076569, 'Man': 88.85509967803955}",Man,
id1_35.jpg,30.0,"{'Woman': 5.651433393359184, 'Man': 94.34856176376343}",Man,
id18_601.jpg,31.0,"{'Woman': 6.171970069408417, 'Man': 93.82803440093994}",Man,
id121_3310.jpg,27.0,"{'Woman': 4.071847349405289, 'Man': 95.92815041542053}",Man,
id121_3317.jpg,,,,'tuple' object has no attribute 'shape'
id103_2647.jpg,,,,'tuple' object has no attribute 'shape'
id63_1703.jpg,31.0,"{'Woman': 10.98121851682663, 'Man': 89.01877999305725}",Man,
id32_463.jpg,27.0,"{'Woman': 7.04326406121254, 'Man': 92.95673370361328}",Man,
id43_1246.jpg,38.0,"{'Woman': 19.959674775600433, 'Man': 80.04032373428345}",Man,
id103_2696.jpg,22.0,"{'Woman': 0.2020117361098528, 'Man': 99.79799389839172}",Man,
id10_190.jpg,22.0,"{'Woman': 2.025381475687027, 'Man': 97.9746162891388}",Man,
id24_406.jpg,25.0,"{'Woman': 11.279546469449997, 'Man': 88.72045874595642}",Man,
id27_502.jpg,28.0,"{'Woman': 1.9506199285387993, 'Man': 98.04938435554504}",Man,
id36_801.jpg,28.0,"{'Woman': 34.03359651565552, 'Man': 65.96639752388}",Man,
id5_107.jpg,31.0,"{'Woman': 6.525970995426178, 'Man': 93.47403049468994}",Man,
id41_1296.jpg,31.0,"{'Woman': 73.48859310150146, 'Man': 26.51141583919525}",Woman,
id30_439.jpg,29.0,"{'Woman': 13.478666543960571, 'Man': 86.52132749557495}",Man,
id115_2956.jpg,39.0,"{'Woman': 11.78608313202858, 'Man': 88.21391463279724}",Man,
id34_765.jpg,30.0,"{'Woman': 14.037938416004181, 'Man': 85.96206307411194}",Man,
id65_1805.jpg,29.0,"{'Woman': 37.81779110431671, 'Man': 62.18219995498657}",Man,
id79_2155.jpg,29.0,"{'Woman': 5.719176307320595, 'Man': 94.2808210849762}",Man,
id41_945.jpg,31.0,"{'Woman': 43.770965933799744, 'Man': 56.22903108596802}",Man,
id36_1406.jpg,,,,'tuple' object has no attribute 'shape'
id59_1547.jpg,36.0,"{'Woman': 63.13470005989075, 'Man': 36.865296959877014}",Woman,
id90_2457.jpg,33.0,"{'Woman': 11.749883741140366, 'Man': 88.25011849403381}",Man,
id84_2233.jpg,33.0,"{'Woman': 9.61458832025528, 'Man': 90.38541316986084}",Man,
id1_42.jpg,31.0,"{'Woman': 9.589806199073792, 'Man': 90.41019678115845}",Man,
id78_2126.jpg,26.0,"{'Woman': 4.197167977690697, 'Man': 95.80283164978027}",Man,
id41_1105.jpg,,,,'tuple' object has no attribute 'shape'
id24_415.jpg,26.0,"{'Woman': 14.448852837085724, 'Man': 85.55114269256592}",Man,
id5_176.jpg,39.0,"{'Woman': 5.59375025331974, 'Man': 94.40624713897705}",Man,
id1_80.jpg,29.0,"{'Woman': 6.188027188181877, 'Man': 93.8119649887085}",Man,
id108_2856.jpg,28.0,"{'Woman': 20.36692649126053, 'Man': 79.63306903839111}",Man,
id116_3130.jpg,29.0,"{'Woman': 4.730216786265373, 'Man': 95.26978135108948}",Man,
id119_3114.jpg,26.0,"{'Woman': 8.468552678823471, 'Man': 91.53144359588623}",Man,
id36_1444.jpg,,,,'tuple' object has no attribute 'shape'
id77_2077.jpg,31.0,"{'Woman': 2.2409411147236824, 'Man': 97.7590560913086}",Man,
id115_2900.jpg,27.0,"{'Woman': 1.7787838354706764, 'Man': 98.2212245464325}",Man,
id54_1547.jpg,30.0,"{'Woman': 2.6740629225969315, 'Man': 97.32593297958374}",Man,
id41_1021.jpg,29.0,"{'Woman': 13.510583341121674, 'Man': 86.48940920829773}",Man,
id36_1295.jpg,37.0,"{'Woman': 3.383259102702141, 'Man': 96.61673307418823}",Man,
id77_2109.jpg,25.0,"{'Woman': 1.8631553277373314, 'Man': 98.13684821128845}",Man,
id5_182.jpg,27.0,"{'Woman': 8.431065082550049, 'Man': 91.56893491744995}",Man,
id119_3095.jpg,35.0,"{'Woman': 18.64885836839676, 'Man': 81.35114312171936}",Man,
id60_1606.jpg,26.0,"{'Woman': 3.2276641577482224, 'Man': 96.77233099937439}",Man,
id115_2969.jpg,29.0,"{'Woman': 25.510716438293457, 'Man': 74.48927760124207}",Man,
id41_1402.jpg,37.0,"{'Woman': 19.547034800052643, 'Man': 80.45296669006348}",Man,
id41_949.jpg,31.0,"{'Woman': 43.770965933799744, 'Man': 56.22903108596802}",Man,
id65_1799.jpg,27.0,"{'Woman': 17.334750294685364, 'Man': 82.6652467250824}",Man,
id121_3225.jpg,26.0,"{'Woman': 9.847797453403473, 'Man': 90.15219807624817}",Man,
id83_2176.jpg,31.0,"{'Woman': 10.230553150177002, 'Man': 89.76944088935852}",Man,
id1_82.jpg,27.0,"{'Woman': 7.983594387769699, 'Man': 92.01641082763672}",Man,
id36_891.jpg,,,,'tuple' object has no attribute 'shape'
id36_1328.jpg,38.0,"{'Woman': 29.49976921081543, 'Man': 70.50023078918457}",Man,
id1_59.jpg,34.0,"{'Woman': 5.625690147280693, 'Man': 94.3743109703064}",Man,
id5_161.jpg,32.0,"{'Woman': 4.343349486589432, 'Man': 95.65665125846863}",Man,
id73_1889.jpg,34.0,"{'Woman': 6.935717165470123, 'Man': 93.064284324646}",Man,
id1_178.jpg,26.0,"{'Woman': 86.90834641456604, 'Man': 13.09165209531784}",Woman,
id90_2398.jpg,35.0,"{'Woman': 9.988386183977127, 'Man': 90.01161456108093}",Man,
id122_3206.jpg,31.0,"{'Woman': 21.151240170001984, 'Man': 78.84876132011414}",Man,
id95_2521.jpg,27.0,"{'Woman': 5.939482152462006, 'Man': 94.06052231788635}",Man,
id27_406.jpg,33.0,"{'Woman': 20.200328528881073, 'Man': 79.79967594146729}",Man,
id121_3186.jpg,31.0,"{'Woman': 56.19920492172241, 'Man': 43.80079209804535}",Woman,
id83_2200.jpg,28.0,"{'Woman': 5.054374784231186, 'Man': 94.94562149047852}",Man,
id37_861.jpg,,,,'tuple' object has no attribute 'shape'
id37_848.jpg,,,,'tuple' object has no attribute 'shape'
id113_2933.jpg,33.0,"{'Woman': 44.478267431259155, 'Man': 55.52172660827637}",Man,
id115_2852.jpg,27.0,"{'Woman': 6.20243027806282, 'Man': 93.79756450653076}",Man,
id108_2727.jpg,36.0,"{'Woman': 1.4665012247860432, 'Man': 98.53349924087524}",Man,
id48_1284.jpg,26.0,"{'Woman': 3.3206526190042496, 'Man': 96.67934775352478}",Man,
id24_387.jpg,24.0,"{'Woman': 8.501395583152771, 'Man': 91.49860739707947}",Man,
id46_1345.jpg,30.0,"{'Woman': 33.104947209358215, 'Man': 66.89504981040955}",Man,
id77_2078.jpg,29.0,"{'Woman': 2.4278581142425537, 'Man': 97.57214188575745}",Man,
id18_535.jpg,27.0,"{'Woman': 15.41743278503418, 'Man': 84.58256721496582}",Man,
id55_1756.jpg,34.0,"{'Woman': 11.99626475572586, 'Man': 88.00374269485474}",Man,
id83_2239.jpg,33.0,"{'Woman': 16.297847032546997, 'Man': 83.702152967453}",Man,
id55_1534.jpg,31.0,"{'Woman': 2.341490611433983, 'Man': 97.65850901603699}",Man,
id25_468.jpg,39.0,"{'Woman': 6.080854311585426, 'Man': 93.91914010047913}",Man,
id49_1257.jpg,32.0,"{'Woman': 2.021450363099575, 'Man': 97.97855019569397}",Man,
id2_62.jpg,26.0,"{'Woman': 5.051052942872047, 'Man': 94.9489414691925}",Man,
id42_1011.jpg,38.0,"{'Woman': 7.936171442270279, 'Man': 92.06383228302002}",Man,
id37_830.jpg,40.0,"{'Woman': 76.97474956512451, 'Man': 23.025256395339966}",Woman,
id70_2080.jpg,30.0,"{'Woman': 34.71533954143524, 'Man': 65.28465747833252}",Man,
id90_2454.jpg,29.0,"{'Woman': 8.222436159849167, 'Man': 91.77756309509277}",Man,
id55_1513.jpg,29.0,"{'Woman': 1.7106231302022934, 'Man': 98.28937649726868}",Man,
id36_933.jpg,32.0,"{'Woman': 19.36444491147995, 'Man': 80.63555359840393}",Man,
id43_1179.jpg,32.0,"{'Woman': 9.788927435874939, 'Man': 90.2110755443573}",Man,
id70_1862.jpg,31.0,"{'Woman': 35.63692271709442, 'Man': 64.36308026313782}",Man,
id43_1239.jpg,35.0,"{'Woman': 6.263897567987442, 'Man': 93.73610615730286}",Man,
id41_1086.jpg,,,,'tuple' object has no attribute 'shape'
id41_1114.jpg,35.0,"{'Woman': 13.693340122699738, 'Man': 86.30666136741638}",Man,
id121_3244.jpg,28.0,"{'Woman': 14.217019081115723, 'Man': 85.78298091888428}",Man,
id37_894.jpg,37.0,"{'Woman': 13.595153391361237, 'Man': 86.40484809875488}",Man,
id40_1148.jpg,26.0,"{'Woman': 5.9088099747896194, 'Man': 94.09118890762329}",Man,
id41_1445.jpg,30.0,"{'Woman': 49.08147752285004, 'Man': 50.9185254573822}",Man,
id93_2488.jpg,34.0,"{'Woman': 24.933139979839325, 'Man': 75.06686449050903}",Man,
id38_868.jpg,30.0,"{'Woman': 4.434623569250107, 'Man': 95.5653727054596}",Man,
id78_2123.jpg,27.0,"{'Woman': 4.314293339848518, 'Man': 95.68570852279663}",Man,
id1_13.jpg,31.0,"{'Woman': 1.5438143163919449, 'Man': 98.45618605613708}",Man,
id42_1158.jpg,29.0,"{'Woman': 3.4584417939186096, 'Man': 96.54155969619751}",Man,
id36_1366.jpg,32.0,"{'Woman': 80.42221665382385, 'Man': 19.577784836292267}",Woman,
id83_2316.jpg,,,,'tuple' object has no attribute 'shape'
id79_2159.jpg,27.0,"{'Woman': 1.8552877008914948, 'Man': 98.14471006393433}",Man,
id105_2766.jpg,32.0,"{'Woman': 5.810872837901115, 'Man': 94.18912529945374}",Man,
id46_1468.jpg,33.0,"{'Woman': 17.719410359859467, 'Man': 82.28058815002441}",Man,
id128_3263.jpg,30.0,"{'Woman': 4.161094129085541, 'Man': 95.83890438079834}",Man,
id41_1195.jpg,34.0,"{'Woman': 23.604407906532288, 'Man': 76.39558911323547}",Man,
id41_1318.jpg,26.0,"{'Woman': 30.87359070777893, 'Man': 69.12640333175659}",Man,
id65_1697.jpg,38.0,"{'Woman': 40.34425616264343, 'Man': 59.655749797821045}",Man,
id33_705.jpg,30.0,"{'Woman': 9.809111803770065, 'Man': 90.19089341163635}",Man,
id113_2786.jpg,30.0,"{'Woman': 23.32260310649872, 'Man': 76.67739391326904}",Man,
id115_3011.jpg,24.0,"{'Woman': 9.019467979669571, 'Man': 90.98052978515625}",Man,
id64_1651.jpg,25.0,"{'Woman': 12.814240157604218, 'Man': 87.18575835227966}",Man,
id115_3012.jpg,23.0,"{'Woman': 8.14506933093071, 'Man': 91.85492396354675}",Man,
id47_1262.jpg,24.0,"{'Woman': 19.764265418052673, 'Man': 80.23573756217957}",Man,
id15_210.jpg,31.0,"{'Woman': 27.054500579833984, 'Man': 72.94549345970154}",Man,
id115_3024.jpg,25.0,"{'Woman': 4.014405608177185, 'Man': 95.98559141159058}",Man,
id72_1880.jpg,35.0,"{'Woman': 5.8922287076711655, 'Man': 94.10777688026428}",Man,
id122_3209.jpg,26.0,"{'Woman': 9.272561967372894, 'Man': 90.72743654251099}",Man,
id2_55.jpg,27.0,"{'Woman': 8.131437003612518, 'Man': 91.86855554580688}",Man,
id16_297.jpg,29.0,"{'Woman': 4.273762553930283, 'Man': 95.7262396812439}",Man,
id24_429.jpg,26.0,"{'Woman': 37.238216400146484, 'Man': 62.761783599853516}",Man,
id54_1545.jpg,36.0,"{'Woman': 3.671766072511673, 'Man': 96.32822871208191}",Man,
id85_2168.jpg,28.0,"{'Woman': 4.326694086194038, 'Man': 95.67331075668335}",Man,
id113_2787.jpg,27.0,"{'Woman': 39.56055045127869, 'Man': 60.43945550918579}",Man,
id37_898.jpg,,,,'tuple' object has no attribute 'shape'
id121_3308.jpg,28.0,"{'Woman': 7.281447201967239, 'Man': 92.71855354309082}",Man,
id36_1448.jpg,30.0,"{'Woman': 21.921512484550476, 'Man': 78.07848453521729}",Man,
id65_1726.jpg,33.0,"{'Woman': 4.080028459429741, 'Man': 95.91996669769287}",Man,
id65_1718.jpg,35.0,"{'Woman': 4.5755285769701, 'Man': 95.42447328567505}",Man,
id126_3228.jpg,39.0,"{'Woman': 8.770082145929337, 'Man': 91.22991561889648}",Man,
id119_3109.jpg,35.0,"{'Woman': 8.042777329683304, 'Man': 91.95721745491028}",Man,
id16_239.jpg,26.0,"{'Woman': 4.29781973361969, 'Man': 95.70217728614807}",Man,
id78_2248.jpg,32.0,"{'Woman': 2.589411288499832, 'Man': 97.41058349609375}",Man,
id25_590.jpg,34.0,"{'Woman': 26.278743147850037, 'Man': 73.7212598323822}",Man,
id42_1014.jpg,38.0,"{'Woman': 18.867985904216766, 'Man': 81.13201260566711}",Man,
id77_2089.jpg,32.0,"{'Woman': 1.4633090235292912, 'Man': 98.5366940498352}",Man,
id83_2165.jpg,35.0,"{'Woman': 9.833747148513794, 'Man': 90.16624689102173}",Man,
id36_1363.jpg,34.0,"{'Woman': 86.30045652389526, 'Man': 13.699544966220856}",Woman,
id83_2313.jpg,33.0,"{'Woman': 46.23913764953613, 'Man': 53.76086235046387}",Man,
id118_3022.jpg,33.0,"{'Woman': 25.790458917617798, 'Man': 74.2095410823822}",Man,
id93_2681.jpg,31.0,"{'Woman': 14.221805334091187, 'Man': 85.77819466590881}",Man,
id72_1914.jpg,26.0,"{'Woman': 0.9448109194636345, 'Man': 99.05519485473633}",Man,
id18_375.jpg,33.0,"{'Woman': 3.309604525566101, 'Man': 96.69039249420166}",Man,
id41_1463.jpg,28.0,"{'Woman': 96.85612320899963, 'Man': 3.1438790261745453}",Woman,
id122_3202.jpg,30.0,"{'Woman': 20.472384989261627, 'Man': 79.52761650085449}",Man,
id83_2187.jpg,27.0,"{'Woman': 9.408042579889297, 'Man': 90.591961145401}",Man,
id44_1029.jpg,38.0,"{'Woman': 13.111831247806549, 'Man': 86.88817024230957}",Man,
id42_1161.jpg,30.0,"{'Woman': 9.082774817943573, 'Man': 90.91722965240479}",Man,
id16_256.jpg,,,,'tuple' object has no attribute 'shape'
id79_2059.jpg,26.0,"{'Woman': 7.58638009428978, 'Man': 92.4136221408844}",Man,
id34_745.jpg,34.0,"{'Woman': 57.17303156852722, 'Man': 42.82697141170502}",Woman,
id90_2563.jpg,21.0,"{'Woman': 10.602523386478424, 'Man': 89.3974781036377}",Man,
id123_3290.jpg,29.0,"{'Woman': 28.833091259002686, 'Man': 71.16690874099731}",Man,
id41_1020.jpg,27.0,"{'Woman': 12.146414071321487, 'Man': 87.8535807132721}",Man,
id24_489.jpg,28.0,"{'Woman': 22.310708463191986, 'Man': 77.6892900466919}",Man,
id70_1826.jpg,34.0,"{'Woman': 1.3863381929695606, 'Man': 98.61366748809814}",Man,
id47_1131.jpg,27.0,"{'Woman': 11.937224864959717, 'Man': 88.06277513504028}",Man,
id1_193.jpg,27.0,"{'Woman': 46.07974588871002, 'Man': 53.92024517059326}",Man,
id46_1378.jpg,27.0,"{'Woman': 11.973661929368973, 'Man': 88.02633881568909}",Man,
id1_53.jpg,39.0,"{'Woman': 4.288865625858307, 'Man': 95.71113586425781}",Man,
id57_1638.jpg,25.0,"{'Woman': 16.06675237417221, 'Man': 83.93325209617615}",Man,
id41_1483.jpg,29.0,"{'Woman': 98.7387478351593, 'Man': 1.2612520717084408}",Woman,
id90_2529.jpg,34.0,"{'Woman': 54.879266023635864, 'Man': 45.120733976364136}",Woman,
id18_707.jpg,32.0,"{'Woman': 4.298406094312668, 'Man': 95.7015872001648}",Man,
id83_2214.jpg,35.0,"{'Woman': 53.67485284805298, 'Man': 46.32514715194702}",Woman,
id119_3155.jpg,26.0,"{'Woman': 1.5700651332736015, 'Man': 98.42994213104248}",Man,
id133_3318.jpg,30.0,"{'Woman': 23.670652508735657, 'Man': 76.32935047149658}",Man,
id57_1529.jpg,,,,'tuple' object has no attribute 'shape'
id24_372.jpg,28.0,"{'Woman': 4.077271744608879, 'Man': 95.92273235321045}",Man,
id119_3169.jpg,24.0,"{'Woman': 5.080072581768036, 'Man': 94.91992592811584}",Man,
id41_980.jpg,29.0,"{'Woman': 15.749543905258179, 'Man': 84.25045609474182}",Man,
id78_2125.jpg,26.0,"{'Woman': 4.417550936341286, 'Man': 95.58244943618774}",Man,
id25_507.jpg,29.0,"{'Woman': 12.36705407500267, 'Man': 87.63294816017151}",Man,
id115_3014.jpg,,,,'tuple' object has no attribute 'shape'
id41_1221.jpg,27.0,"{'Woman': 30.259311199188232, 'Man': 69.74068880081177}",Man,
id49_1486.jpg,28.0,"{'Woman': 7.852107286453247, 'Man': 92.14789271354675}",Man,
id91_2405.jpg,31.0,"{'Woman': 13.612158596515656, 'Man': 86.38783693313599}",Man,
id41_1398.jpg,36.0,"{'Woman': 25.326713919639587, 'Man': 74.67329502105713}",Man,
id118_3071.jpg,30.0,"{'Woman': 21.463900804519653, 'Man': 78.53609919548035}",Man,
id102_2623.jpg,31.0,"{'Woman': 3.6162592470645905, 'Man': 96.38374447822571}",Man,
id118_3005.jpg,,,,'tuple' object has no attribute 'shape'
id115_2916.jpg,28.0,"{'Woman': 12.462952733039856, 'Man': 87.53705024719238}",Man,
id115_2945.jpg,32.0,"{'Woman': 18.470045924186707, 'Man': 81.52995109558105}",Man,
id83_2264.jpg,35.0,"{'Woman': 33.39436054229736, 'Man': 66.60564541816711}",Man,
id5_133.jpg,28.0,"{'Woman': 8.67101401090622, 'Man': 91.32897853851318}",Man,
id53_1438.jpg,29.0,"{'Woman': 3.907296806573868, 'Man': 96.09270691871643}",Man,
id126_3217.jpg,43.0,"{'Woman': 4.83735129237175, 'Man': 95.16264200210571}",Man,
id123_3176.jpg,37.0,"{'Woman': 83.41577649116516, 'Man': 16.58422499895096}",Woman,
id83_2262.jpg,31.0,"{'Woman': 16.199219226837158, 'Man': 83.80078077316284}",Man,
id15_237.jpg,33.0,"{'Woman': 6.327575445175171, 'Man': 93.67242455482483}",Man,
id41_1394.jpg,36.0,"{'Woman': 20.56332677602768, 'Man': 79.4366717338562}",Man,
id54_1468.jpg,30.0,"{'Woman': 11.07955202460289, 'Man': 88.92044425010681}",Man,
id93_2574.jpg,25.0,"{'Woman': 6.4262755215168, 'Man': 93.57371926307678}",Man,
id43_1060.jpg,29.0,"{'Woman': 2.607602998614311, 'Man': 97.39239811897278}",Man,
id5_138.jpg,28.0,"{'Woman': 2.795122377574444, 'Man': 97.20487594604492}",Man,
id78_2259.jpg,26.0,"{'Woman': 2.3856516927480698, 'Man': 97.6143479347229}",Man,
id42_1021.jpg,33.0,"{'Woman': 5.845750868320465, 'Man': 94.15425062179565}",Man,
id57_1550.jpg,29.0,"{'Woman': 2.753373049199581, 'Man': 97.24662899971008}",Man,
id36_1382.jpg,30.0,"{'Woman': 79.04123663902283, 'Man': 20.958757400512695}",Woman,
id3_29.jpg,28.0,"{'Woman': 3.295927867293358, 'Man': 96.70407176017761}",Man,
id46_1251.jpg,36.0,"{'Woman': 24.455562233924866, 'Man': 75.54444074630737}",Man,
id121_3251.jpg,28.0,"{'Woman': 9.286268055438995, 'Man': 90.71373343467712}",Man,
id77_2184.jpg,31.0,"{'Woman': 80.71897625923157, 'Man': 19.28102970123291}",Woman,
id77_2136.jpg,34.0,"{'Woman': 3.1170934438705444, 'Man': 96.88290357589722}",Man,
id30_432.jpg,33.0,"{'Woman': 13.569603860378265, 'Man': 86.43040060997009}",Man,
id79_2046.jpg,30.0,"{'Woman': 10.758714377880096, 'Man': 89.24129009246826}",Man,
id36_924.jpg,35.0,"{'Woman': 14.65129405260086, 'Man': 85.34870147705078}",Man,
id121_3256.jpg,27.0,"{'Woman': 5.638846009969711, 'Man': 94.36115026473999}",Man,
id65_1740.jpg,35.0,"{'Woman': 4.960070922970772, 'Man': 95.03992795944214}",Man,
id36_1420.jpg,,,,'tuple' object has no attribute 'shape'
id45_1108.jpg,27.0,"{'Woman': 1.174862403422594, 'Man': 98.82513880729675}",Man,
id44_1060.jpg,23.0,"{'Woman': 3.394336625933647, 'Man': 96.60566449165344}",Man,
id25_433.jpg,29.0,"{'Woman': 3.750818967819214, 'Man': 96.24918103218079}",Man,
id16_301.jpg,27.0,"{'Woman': 3.630988299846649, 'Man': 96.36901021003723}",Man,
id127_3227.jpg,31.0,"{'Woman': 91.6499674320221, 'Man': 8.350036293268204}",Woman,
id115_2967.jpg,27.0,"{'Woman': 18.357981741428375, 'Man': 81.64201974868774}",Man,
id93_2680.jpg,30.0,"{'Woman': 17.470495402812958, 'Man': 82.52950310707092}",Man,
id126_3224.jpg,39.0,"{'Woman': 7.2026327252388, 'Man': 92.79736280441284}",Man,
id15_236.jpg,38.0,"{'Woman': 11.130371689796448, 'Man': 88.86963129043579}",Man,
id70_1857.jpg,31.0,"{'Woman': 45.264118909835815, 'Man': 54.73587512969971}",Man,
id60_1595.jpg,32.0,"{'Woman': 0.5890666972845793, 'Man': 99.41093921661377}",Man,
id36_1419.jpg,,,,'tuple' object has no attribute 'shape'
id18_465.jpg,26.0,"{'Woman': 4.4283028692007065, 'Man': 95.57169675827026}",Man,
id39_916.jpg,31.0,"{'Woman': 7.332994788885117, 'Man': 92.66700148582458}",Man,
id16_294.jpg,30.0,"{'Woman': 11.86017096042633, 'Man': 88.13983201980591}",Man,
id41_1050.jpg,30.0,"{'Woman': 26.61115825176239, 'Man': 73.38883876800537}",Man,
id43_1058.jpg,32.0,"{'Woman': 5.805886536836624, 'Man': 94.19412016868591}",Man,
id95_2580.jpg,27.0,"{'Woman': 13.32601010799408, 'Man': 86.67399287223816}",Man,
id46_1242.jpg,34.0,"{'Woman': 35.817816853523254, 'Man': 64.1821801662445}",Man,
id1_212.jpg,24.0,"{'Woman': 19.390331208705902, 'Man': 80.60966730117798}",Man,
id5_137.jpg,27.0,"{'Woman': 2.8534039855003357, 'Man': 97.14660048484802}",Man,
id42_1051.jpg,34.0,"{'Woman': 17.950353026390076, 'Man': 82.04964399337769}",Man,
id18_669.jpg,31.0,"{'Woman': 10.235196352005005, 'Man': 89.764803647995}",Man,
id48_1167.jpg,,,,'tuple' object has no attribute 'shape'
id57_1628.jpg,27.0,"{'Woman': 9.709121286869049, 'Man': 90.29088020324707}",Man,
id65_1737.jpg,35.0,"{'Woman': 5.464250221848488, 'Man': 94.53575015068054}",Man,
id65_1815.jpg,28.0,"{'Woman': 3.068092279136181, 'Man': 96.93191647529602}",Man,
id30_455.jpg,29.0,"{'Woman': 6.111856549978256, 'Man': 93.88814568519592}",Man,
id1_152.jpg,29.0,"{'Woman': 20.373718440532684, 'Man': 79.6262800693512}",Man,
id37_847.jpg,,,,'tuple' object has no attribute 'shape'
id5_46.jpg,35.0,"{'Woman': 5.862496420741081, 'Man': 94.13750171661377}",Man,
id83_2310.jpg,28.0,"{'Woman': 86.04454398155212, 'Man': 13.955453038215637}",Woman,
id36_1324.jpg,33.0,"{'Woman': 55.24197816848755, 'Man': 44.75802183151245}",Woman,
id68_1838.jpg,36.0,"{'Woman': 7.332343608140945, 'Man': 92.66765713691711}",Man,
id68_1976.jpg,29.0,"{'Woman': 49.47008490562439, 'Man': 50.52991509437561}",Man,
id121_3180.jpg,28.0,"{'Woman': 41.47336483001709, 'Man': 58.52663516998291}",Man,
id110_2777.jpg,27.0,"{'Woman': 5.808136239647865, 'Man': 94.1918671131134}",Man,
id79_2108.jpg,27.0,"{'Woman': 18.06422621011734, 'Man': 81.9357693195343}",Man,
id78_2021.jpg,26.0,"{'Woman': 6.513473391532898, 'Man': 93.48652958869934}",Man,
id18_752.jpg,36.0,"{'Woman': 46.003735065460205, 'Man': 53.996264934539795}",Man,
id78_2085.jpg,24.0,"{'Woman': 2.2062214091420174, 'Man': 97.79378175735474}",Man,
id41_1334.jpg,31.0,"{'Woman': 12.10520938038826, 'Man': 87.89478540420532}",Man,
id46_1271.jpg,28.0,"{'Woman': 36.45518720149994, 'Man': 63.5448157787323}",Man,
id24_430.jpg,24.0,"{'Woman': 63.14419507980347, 'Man': 36.855798959732056}",Woman,
id20_335.jpg,32.0,"{'Woman': 11.510361731052399, 'Man': 88.48963975906372}",Man,
id23_357.jpg,33.0,"{'Woman': 1.0027732700109482, 'Man': 98.99722337722778}",Man,
id77_2142.jpg,24.0,"{'Woman': 4.250242933630943, 'Man': 95.74976563453674}",Man,
id11_171.jpg,38.0,"{'Woman': 29.065275192260742, 'Man': 70.93472480773926}",Man,
id96_2501.jpg,31.0,"{'Woman': 24.905219674110413, 'Man': 75.09477734565735}",Man,
id41_1306.jpg,29.0,"{'Woman': 63.03204298019409, 'Man': 36.96795403957367}",Woman,
id24_352.jpg,28.0,"{'Woman': 14.085999131202698, 'Man': 85.91400384902954}",Man,
id1_201.jpg,26.0,"{'Woman': 18.6781108379364, 'Man': 81.3218891620636}",Man,
id32_525.jpg,25.0,"{'Woman': 10.59812605381012, 'Man': 89.40187096595764}",Man,
id135_3317.jpg,,,,'tuple' object has no attribute 'shape'
id40_1039.jpg,23.0,"{'Woman': 14.697036147117615, 'Man': 85.30296087265015}",Man,
id48_1242.jpg,30.0,"{'Woman': 2.6672901585698128, 'Man': 97.3327100276947}",Man,
id78_2160.jpg,34.0,"{'Woman': 47.23890423774719, 'Man': 52.76109576225281}",Man,
id41_1100.jpg,29.0,"{'Woman': 13.983526825904846, 'Man': 86.01647615432739}",Man,
id59_1669.jpg,32.0,"{'Woman': 14.977823197841644, 'Man': 85.02218127250671}",Man,
id47_1187.jpg,27.0,"{'Woman': 3.6602023988962173, 'Man': 96.33979797363281}",Man,
id59_1549.jpg,32.0,"{'Woman': 59.03657674789429, 'Man': 40.96342623233795}",Woman,
id113_2940.jpg,33.0,"{'Woman': 36.238011717796326, 'Man': 63.76199126243591}",Man,
id44_1035.jpg,36.0,"{'Woman': 14.952558279037476, 'Man': 85.04743576049805}",Man,
id43_1003.jpg,28.0,"{'Woman': 7.883812487125397, 'Man': 92.11618900299072}",Man,
id25_446.jpg,28.0,"{'Woman': 8.845451474189758, 'Man': 91.15455150604248}",Man,
id40_1167.jpg,27.0,"{'Woman': 23.41133952140808, 'Man': 76.58866047859192}",Man,
id48_1259.jpg,29.0,"{'Woman': 4.074514284729958, 'Man': 95.92548608779907}",Man,
id62_1652.jpg,26.0,"{'Woman': 16.037410497665405, 'Man': 83.9625895023346}",Man,
id93_2460.jpg,35.0,"{'Woman': 62.165141105651855, 'Man': 37.834855914115906}",Woman,
id130_3282.jpg,28.0,"{'Woman': 97.44116067886353, 'Man': 2.5588473305106163}",Woman,
id54_1482.jpg,37.0,"{'Woman': 2.2709351032972336, 'Man': 97.72905707359314}",Man,
id16_260.jpg,,,,'tuple' object has no attribute 'shape'
id48_1257.jpg,24.0,"{'Woman': 2.7092229574918747, 'Man': 97.29077219963074}",Man,
id37_891.jpg,36.0,"{'Woman': 38.7547641992569, 'Man': 61.245232820510864}",Man,
id78_2061.jpg,25.0,"{'Woman': 3.904380649328232, 'Man': 96.09562754631042}",Man,
id36_1337.jpg,36.0,"{'Woman': 17.23930835723877, 'Man': 82.76069164276123}",Man,
id105_2871.jpg,30.0,"{'Woman': 19.52674686908722, 'Man': 80.47325611114502}",Man,
id27_464.jpg,22.0,"{'Woman': 1.2457305565476418, 'Man': 98.75426292419434}",Man,
id121_3234.jpg,,,,'tuple' object has no attribute 'shape'
id79_2047.jpg,29.0,"{'Woman': 14.318932592868805, 'Man': 85.68106293678284}",Man,
id90_2460.jpg,27.0,"{'Woman': 4.72773015499115, 'Man': 95.27226686477661}",Man,
id124_3310.jpg,35.0,"{'Woman': 25.63963234424591, 'Man': 74.36037063598633}",Man,
id110_2707.jpg,33.0,"{'Woman': 8.125873655080795, 'Man': 91.8741226196289}",Man,
id90_2397.jpg,28.0,"{'Woman': 10.697177797555923, 'Man': 89.30282592773438}",Man,
id36_996.jpg,,,,'tuple' object has no attribute 'shape'
id46_1226.jpg,31.0,"{'Woman': 31.494230031967163, 'Man': 68.50577592849731}",Man,
id6_64.jpg,34.0,"{'Woman': 24.600903689861298, 'Man': 75.39909482002258}",Man,
id36_843.jpg,35.0,"{'Woman': 23.644733428955078, 'Man': 76.35526657104492}",Man,
id81_2150.jpg,34.0,"{'Woman': 4.864047467708588, 'Man': 95.13595700263977}",Man,
id24_407.jpg,27.0,"{'Woman': 10.595393180847168, 'Man': 89.40460681915283}",Man,
id44_1089.jpg,34.0,"{'Woman': 7.121647149324417, 'Man': 92.87834763526917}",Man,
id27_458.jpg,27.0,"{'Woman': 6.10303021967411, 'Man': 93.89697313308716}",Man,
id73_1909.jpg,29.0,"{'Woman': 35.50084829330444, 'Man': 64.49915170669556}",Man,
id112_2813.jpg,26.0,"{'Woman': 22.265976667404175, 'Man': 77.73402333259583}",Man,
id43_986.jpg,32.0,"{'Woman': 6.57491609454155, 'Man': 93.42507719993591}",Man,
id2_6.jpg,31.0,"{'Woman': 8.74926894903183, 'Man': 91.25072360038757}",Man,
id106_2678.jpg,29.0,"{'Woman': 5.6882403790950775, 'Man': 94.31175589561462}",Man,
id25_436.jpg,32.0,"{'Woman': 7.182659208774567, 'Man': 92.81733632087708}",Man,
id113_2967.jpg,29.0,"{'Woman': 28.151637315750122, 'Man': 71.84836268424988}",Man,
id83_2391.jpg,29.0,"{'Woman': 42.19334125518799, 'Man': 57.80665874481201}",Man,
id43_1254.jpg,27.0,"{'Woman': 10.418299585580826, 'Man': 89.58170413970947}",Man,
id84_2266.jpg,27.0,"{'Woman': 7.4039265513420105, 'Man': 92.59607195854187}",Man,
id36_1294.jpg,,,,'tuple' object has no attribute 'shape'
id91_2408.jpg,35.0,"{'Woman': 6.39888197183609, 'Man': 93.60111951828003}",Man,
id105_2897.jpg,29.0,"{'Woman': 7.210787385702133, 'Man': 92.78921484947205}",Man,
id109_2719.jpg,30.0,"{'Woman': 12.404210865497589, 'Man': 87.59579062461853}",Man,
id125_3269.jpg,24.0,"{'Woman': 2.050701156258583, 'Man': 97.94929623603821}",Man,
id43_1180.jpg,32.0,"{'Woman': 7.742232829332352, 'Man': 92.25777387619019}",Man,
id65_1770.jpg,33.0,"{'Woman': 3.5216420888900757, 'Man': 96.47836089134216}",Man,
id124_3243.jpg,35.0,"{'Woman': 9.69332531094551, 'Man': 90.30667543411255}",Man,
id72_1887.jpg,33.0,"{'Woman': 2.6645049452781677, 'Man': 97.33549952507019}",Man,
id5_152.jpg,24.0,"{'Woman': 5.324624106287956, 'Man': 94.67537999153137}",Man,
id115_2878.jpg,32.0,"{'Woman': 9.922356903553009, 'Man': 90.07765054702759}",Man,
id18_668.jpg,30.0,"{'Woman': 14.01941031217575, 'Man': 85.98059415817261}",Man,
id46_1239.jpg,32.0,"{'Woman': 21.348172426223755, 'Man': 78.65183353424072}",Man,
id121_3229.jpg,27.0,"{'Woman': 7.1379780769348145, 'Man': 92.86202192306519}",Man,
id78_2107.jpg,24.0,"{'Woman': 5.506909638643265, 'Man': 94.4930911064148}",Man,
id46_1270.jpg,35.0,"{'Woman': 42.23170876502991, 'Man': 57.768285274505615}",Man,
id39_870.jpg,31.0,"{'Woman': 15.951542556285858, 'Man': 84.0484619140625}",Man,
id68_1896.jpg,29.0,"{'Woman': 8.549816906452179, 'Man': 91.45017862319946}",Man,
id20_360.jpg,31.0,"{'Woman': 6.10913448035717, 'Man': 93.89086365699768}",Man,
id39_869.jpg,32.0,"{'Woman': 15.672753751277924, 'Man': 84.32724475860596}",Man,
id23_326.jpg,26.0,"{'Woman': 1.296060997992754, 'Man': 98.70393872261047}",Man,
id91_2447.jpg,34.0,"{'Woman': 6.828298419713974, 'Man': 93.1717038154602}",Man,
id5_181.jpg,38.0,"{'Woman': 1.6628915444016457, 'Man': 98.33711385726929}",Man,
id115_2958.jpg,34.0,"{'Woman': 68.0533230304718, 'Man': 31.94667398929596}",Woman,
id49_1276.jpg,24.0,"{'Woman': 2.325661852955818, 'Man': 97.67433404922485}",Man,
id78_2068.jpg,26.0,"{'Woman': 8.52585956454277, 'Man': 91.47414565086365}",Man,
id115_2983.jpg,30.0,"{'Woman': 35.915470123291016, 'Man': 64.08452987670898}",Man,
id30_412.jpg,28.0,"{'Woman': 6.447476148605347, 'Man': 93.55252385139465}",Man,
id83_2280.jpg,25.0,"{'Woman': 3.3262453973293304, 'Man': 96.67375683784485}",Man,
id36_1394.jpg,32.0,"{'Woman': 88.31026554107666, 'Man': 11.689737439155579}",Woman,
id59_1555.jpg,,,,'tuple' object has no attribute 'shape'
id23_338.jpg,25.0,"{'Woman': 1.650949940085411, 'Man': 98.34904670715332}",Man,
id115_2864.jpg,31.0,"{'Woman': 6.50966614484787, 'Man': 93.49033236503601}",Man,
id122_3149.jpg,25.0,"{'Woman': 42.454174160957336, 'Man': 57.545822858810425}",Man,
id133_3311.jpg,32.0,"{'Woman': 16.34610891342163, 'Man': 83.65389108657837}",Man,
id2_86.jpg,33.0,"{'Woman': 7.032483071088791, 'Man': 92.96751618385315}",Man,
id41_1441.jpg,28.0,"{'Woman': 89.497309923172, 'Man': 10.502687096595764}",Woman,
id41_1321.jpg,25.0,"{'Woman': 9.027934819459915, 'Man': 90.97206592559814}",Man,
id106_2668.jpg,26.0,"{'Woman': 3.534219413995743, 'Man': 96.46577835083008}",Man,
id77_2022.jpg,25.0,"{'Woman': 0.5230139009654522, 'Man': 99.47698712348938}",Man,
id91_2377.jpg,32.0,"{'Woman': 16.29437357187271, 'Man': 83.70562791824341}",Man,
id3_62.jpg,37.0,"{'Woman': 0.9405753575265408, 'Man': 99.05942678451538}",Man,
id106_2938.jpg,29.0,"{'Woman': 34.77160632610321, 'Man': 65.22839069366455}",Man,
id83_2154.jpg,30.0,"{'Woman': 7.253998517990112, 'Man': 92.74600148200989}",Man,
id4_29.jpg,41.0,"{'Woman': 3.0925696715712547, 'Man': 96.90743684768677}",Man,
id121_3280.jpg,25.0,"{'Woman': 13.288481533527374, 'Man': 86.71151399612427}",Man,
id24_398.jpg,30.0,"{'Woman': 7.637582719326019, 'Man': 92.36242175102234}",Man,
id24_553.jpg,33.0,"{'Woman': 22.121691703796387, 'Man': 77.87831425666809}",Man,
id25_509.jpg,32.0,"{'Woman': 19.90010440349579, 'Man': 80.09989261627197}",Man,
id55_1550.jpg,28.0,"{'Woman': 1.3559584505856037, 'Man': 98.6440360546112}",Man,
id119_3129.jpg,39.0,"{'Woman': 44.02185082435608, 'Man': 55.97814917564392}",Man,
id44_1057.jpg,32.0,"{'Woman': 1.6610803082585335, 'Man': 98.33891987800598}",Man,
id49_1293.jpg,23.0,"{'Woman': 2.6296354830265045, 'Man': 97.3703682422638}",Man,
id31_514.jpg,28.0,"{'Woman': 3.7781469523906708, 'Man': 96.22185826301575}",Man,
id121_3321.jpg,,,,'tuple' object has no attribute 'shape'
id49_1249.jpg,29.0,"{'Woman': 0.4246619064360857, 'Man': 99.57534074783325}",Man,
id119_3185.jpg,28.0,"{'Woman': 6.437167525291443, 'Man': 93.5628354549408}",Man,
id36_1435.jpg,28.0,"{'Woman': 30.447477102279663, 'Man': 69.55252289772034}",Man,
id121_3197.jpg,28.0,"{'Woman': 18.980249762535095, 'Man': 81.01974725723267}",Man,
id59_1615.jpg,34.0,"{'Woman': 35.31309366226196, 'Man': 64.68690633773804}",Man,
id24_382.jpg,24.0,"{'Woman': 8.591045439243317, 'Man': 91.4089560508728}",Man,
id77_2045.jpg,27.0,"{'Woman': 2.1310070529580116, 'Man': 97.8689968585968}",Man,
id135_3322.jpg,30.0,"{'Woman': 15.898704528808594, 'Man': 84.1012954711914}",Man,
id108_2817.jpg,32.0,"{'Woman': 7.903899252414703, 'Man': 92.09609627723694}",Man,
id79_2109.jpg,30.0,"{'Woman': 11.753255128860474, 'Man': 88.24673891067505}",Man,
id1_56.jpg,32.0,"{'Woman': 5.176595598459244, 'Man': 94.82340216636658}",Man,
id83_2198.jpg,31.0,"{'Woman': 12.484953552484512, 'Man': 87.51505017280579}",Man,
id11_179.jpg,31.0,"{'Woman': 6.732337176799774, 'Man': 93.2676613330841}",Man,
id7_104.jpg,33.0,"{'Woman': 21.789172291755676, 'Man': 78.21083068847656}",Man,
id77_2429.jpg,29.0,"{'Woman': 19.573581218719482, 'Man': 80.42641878128052}",Man,
id5_191.jpg,30.0,"{'Woman': 3.323384001851082, 'Man': 96.67661786079407}",Man,
id123_3209.jpg,29.0,"{'Woman': 6.298943608999252, 'Man': 93.70105862617493}",Man,
id78_2145.jpg,28.0,"{'Woman': 6.065242365002632, 'Man': 93.93476247787476}",Man,
id24_602.jpg,28.0,"{'Woman': 6.388784945011139, 'Man': 93.61121654510498}",Man,
id20_386.jpg,31.0,"{'Woman': 5.737659707665443, 'Man': 94.26233768463135}",Man,
id39_863.jpg,32.0,"{'Woman': 32.65340030193329, 'Man': 67.34660267829895}",Man,
id110_2761.jpg,35.0,"{'Woman': 1.6684915870428085, 'Man': 98.3315110206604}",Man,
id79_2082.jpg,32.0,"{'Woman': 5.534891039133072, 'Man': 94.46510672569275}",Man,
id40_1077.jpg,,,,'tuple' object has no attribute 'shape'
id15_231.jpg,28.0,"{'Woman': 20.91745138168335, 'Man': 79.08254861831665}",Man,
id77_2227.jpg,36.0,"{'Woman': 1.8322715535759926, 'Man': 98.16772937774658}",Man,
id18_631.jpg,31.0,"{'Woman': 21.84683531522751, 'Man': 78.15316915512085}",Man,
id42_1041.jpg,32.0,"{'Woman': 9.88251119852066, 'Man': 90.11749029159546}",Man,
id36_1346.jpg,35.0,"{'Woman': 35.812607407569885, 'Man': 64.18739557266235}",Man,
id109_2694.jpg,30.0,"{'Woman': 11.588355153799057, 'Man': 88.41164112091064}",Man,
id1_155.jpg,29.0,"{'Woman': 15.472491085529327, 'Man': 84.52751040458679}",Man,
id115_2887.jpg,28.0,"{'Woman': 15.82413762807846, 'Man': 84.17586088180542}",Man,
id97_2533.jpg,25.0,"{'Woman': 9.783107042312622, 'Man': 90.2168869972229}",Man,
id90_2403.jpg,35.0,"{'Woman': 10.867201536893845, 'Man': 89.13280367851257}",Man,
id45_1054.jpg,30.0,"{'Woman': 15.188248455524445, 'Man': 84.8117470741272}",Man,
id44_1027.jpg,27.0,"{'Woman': 6.198632717132568, 'Man': 93.80137324333191}",Man,
id93_2731.jpg,27.0,"{'Woman': 16.195981204509735, 'Man': 83.80401730537415}",Man,
id36_954.jpg,27.0,"{'Woman': 9.76860597729683, 'Man': 90.23139476776123}",Man,
id24_414.jpg,26.0,"{'Woman': 13.456153869628906, 'Man': 86.54384016990662}",Man,
id108_2678.jpg,28.0,"{'Woman': 3.2729636877775192, 'Man': 96.72703742980957}",Man,
id49_1305.jpg,23.0,"{'Woman': 5.304830148816109, 'Man': 94.69517469406128}",Man,
id36_1380.jpg,30.0,"{'Woman': 92.80989170074463, 'Man': 7.19011127948761}",Woman,
id49_1294.jpg,25.0,"{'Woman': 3.1916234642267227, 'Man': 96.80837392807007}",Man,
id27_461.jpg,26.0,"{'Woman': 2.3672835901379585, 'Man': 97.63271808624268}",Man,
id128_3259.jpg,33.0,"{'Woman': 15.154655277729034, 'Man': 84.84534025192261}",Man,
id36_958.jpg,32.0,"{'Woman': 57.13233947753906, 'Man': 42.8676575422287}",Woman,
id49_1208.jpg,31.0,"{'Woman': 7.415899634361267, 'Man': 92.5840973854065}",Man,
id41_1417.jpg,,,,'tuple' object has no attribute 'shape'
id83_2475.jpg,30.0,"{'Woman': 41.93233251571655, 'Man': 58.06766152381897}",Man,
id20_296.jpg,26.0,"{'Woman': 14.772914350032806, 'Man': 85.22708415985107}",Man,
id49_1504.jpg,30.0,"{'Woman': 4.36057411134243, 'Man': 95.63943147659302}",Man,
id6_70.jpg,28.0,"{'Woman': 8.718180656433105, 'Man': 91.28181338310242}",Man,
id119_3132.jpg,33.0,"{'Woman': 40.24817943572998, 'Man': 59.75182056427002}",Man,
id122_3216.jpg,26.0,"{'Woman': 12.784118950366974, 'Man': 87.21587657928467}",Man,
id51_1254.jpg,23.0,"{'Woman': 2.9654644429683685, 'Man': 97.03453183174133}",Man,
id83_2271.jpg,38.0,"{'Woman': 8.257520198822021, 'Man': 91.74248576164246}",Man,
id47_1263.jpg,25.0,"{'Woman': 13.247005641460419, 'Man': 86.75299882888794}",Man,
id42_1160.jpg,28.0,"{'Woman': 8.749574422836304, 'Man': 91.2504255771637}",Man,
id122_3169.jpg,37.0,"{'Woman': 15.552850067615509, 'Man': 84.44714546203613}",Man,
id65_1828.jpg,,,,'tuple' object has no attribute 'shape'
id36_963.jpg,,,,'tuple' object has no attribute 'shape'
id121_3275.jpg,26.0,"{'Woman': 4.609207436442375, 'Man': 95.39079070091248}",Man,
id46_1233.jpg,32.0,"{'Woman': 16.219858825206757, 'Man': 83.78013968467712}",Man,
id1_1.jpg,31.0,"{'Woman': 2.649090997874737, 'Man': 97.35090732574463}",Man,
id5_118.jpg,24.0,"{'Woman': 10.236728936433792, 'Man': 89.76327776908875}",Man,
id45_1132.jpg,,,,'tuple' object has no attribute 'shape'
id90_2432.jpg,,,,'tuple' object has no attribute 'shape'
id16_252.jpg,32.0,"{'Woman': 7.053733617067337, 'Man': 92.94626712799072}",Man,
id21_339.jpg,34.0,"{'Woman': 5.813521891832352, 'Man': 94.18647289276123}",Man,
id25_524.jpg,28.0,"{'Woman': 46.54591977596283, 'Man': 53.45408320426941}",Man,
id23_340.jpg,26.0,"{'Woman': 1.5284579247236252, 'Man': 98.4715461730957}",Man,
id42_967.jpg,32.0,"{'Woman': 30.77647089958191, 'Man': 69.22352910041809}",Man,
id48_1210.jpg,38.0,"{'Woman': 5.718176066875458, 'Man': 94.28182244300842}",Man,
id55_1548.jpg,,,,'tuple' object has no attribute 'shape'
id63_1683.jpg,33.0,"{'Woman': 11.781639605760574, 'Man': 88.21836113929749}",Man,
id77_2168.jpg,26.0,"{'Woman': 14.384359121322632, 'Man': 85.61564683914185}",Man,
id42_980.jpg,,,,'tuple' object has no attribute 'shape'
id18_664.jpg,30.0,"{'Woman': 37.48254477977753, 'Man': 62.51746416091919}",Man,
id115_3003.jpg,,,,'tuple' object has no attribute 'shape'
id91_2415.jpg,38.0,"{'Woman': 32.51056671142578, 'Man': 67.48942732810974}",Man,
id124_3241.jpg,36.0,"{'Woman': 5.034364759922028, 'Man': 94.96563673019409}",Man,
id67_1787.jpg,25.0,"{'Woman': 5.239243060350418, 'Man': 94.76075768470764}",Man,
id101_2631.jpg,28.0,"{'Woman': 10.777528584003448, 'Man': 89.2224669456482}",Man,
id113_3080.jpg,34.0,"{'Woman': 18.218719959259033, 'Man': 81.78128600120544}",Man,
id121_3215.jpg,26.0,"{'Woman': 8.780138939619064, 'Man': 91.21986627578735}",Man,
id41_1111.jpg,,,,'tuple' object has no attribute 'shape'
id62_1709.jpg,26.0,"{'Woman': 4.682021960616112, 'Man': 95.31797170639038}",Man,
id78_2054.jpg,23.0,"{'Woman': 4.427869990468025, 'Man': 95.57213187217712}",Man,
id27_442.jpg,32.0,"{'Woman': 1.9935587421059608, 'Man': 98.0064332485199}",Man,
id42_1038.jpg,33.0,"{'Woman': 8.26258659362793, 'Man': 91.73741936683655}",Man,
id122_3221.jpg,,,,'tuple' object has no attribute 'shape'
id36_959.jpg,32.0,"{'Woman': 59.028226137161255, 'Man': 40.971773862838745}",Woman,
id125_3231.jpg,29.0,"{'Woman': 9.444686770439148, 'Man': 90.55531620979309}",Man,
id20_389.jpg,39.0,"{'Woman': 4.121635481715202, 'Man': 95.87836265563965}",Man,
id77_2095.jpg,28.0,"{'Woman': 0.9986482560634613, 'Man': 99.00134801864624}",Man,
id102_2653.jpg,33.0,"{'Woman': 8.638003468513489, 'Man': 91.36199355125427}",Man,
id121_3127.jpg,29.0,"{'Woman': 1.4248608611524105, 'Man': 98.57513308525085}",Man,
id59_1627.jpg,39.0,"{'Woman': 53.31277251243591, 'Man': 46.687230467796326}",Woman,
id10_157.jpg,22.0,"{'Woman': 13.630661368370056, 'Man': 86.3693356513977}",Man,
id16_243.jpg,27.0,"{'Woman': 14.47179764509201, 'Man': 85.52820682525635}",Man,
id90_2384.jpg,31.0,"{'Woman': 14.25379365682602, 'Man': 85.74620485305786}",Man,
id77_2010.jpg,27.0,"{'Woman': 1.4746013097465038, 'Man': 98.52539896965027}",Man,
id24_412.jpg,25.0,"{'Woman': 21.319131553173065, 'Man': 78.68086695671082}",Man,
id25_437.jpg,,,,'tuple' object has no attribute 'shape'
id18_678.jpg,,,,'tuple' object has no attribute 'shape'
id23_339.jpg,27.0,"{'Woman': 1.354984287172556, 'Man': 98.64501357078552}",Man,
id48_1217.jpg,36.0,"{'Woman': 6.398587673902512, 'Man': 93.60141158103943}",Man,
id108_2809.jpg,23.0,"{'Woman': 11.088906228542328, 'Man': 88.91109228134155}",Man,
id108_2713.jpg,33.0,"{'Woman': 2.232835441827774, 'Man': 97.76715636253357}",Man,
id108_2754.jpg,33.0,"{'Woman': 1.6458114609122276, 'Man': 98.35418462753296}",Man,
id36_1370.jpg,,,,'tuple' object has no attribute 'shape'
id119_3097.jpg,33.0,"{'Woman': 18.81888657808304, 'Man': 81.1811089515686}",Man,
id59_1644.jpg,35.0,"{'Woman': 48.33245575428009, 'Man': 51.66754126548767}",Man,
id3_110.jpg,24.0,"{'Woman': 4.357203468680382, 'Man': 95.64279913902283}",Man,
id73_1906.jpg,28.0,"{'Woman': 31.91768229007721, 'Man': 68.08232069015503}",Man,
id55_1556.jpg,,,,'tuple' object has no attribute 'shape'
id5_188.jpg,24.0,"{'Woman': 6.859629601240158, 'Man': 93.14036965370178}",Man,
id31_448.jpg,32.0,"{'Woman': 18.48827302455902, 'Man': 81.51172399520874}",Man,
id33_737.jpg,37.0,"{'Woman': 4.225398600101471, 'Man': 95.77460289001465}",Man,
id39_918.jpg,29.0,"{'Woman': 14.162546396255493, 'Man': 85.83745956420898}",Man,
id18_633.jpg,37.0,"{'Woman': 56.68220520019531, 'Man': 43.31778883934021}",Woman,
id115_3013.jpg,23.0,"{'Woman': 11.909369379281998, 'Man': 88.09062838554382}",Man,
id65_1793.jpg,25.0,"{'Woman': 23.927146196365356, 'Man': 76.07285976409912}",Man,
id25_500.jpg,34.0,"{'Woman': 21.206653118133545, 'Man': 78.79335284233093}",Man,
id130_3267.jpg,26.0,"{'Woman': 10.693533718585968, 'Man': 89.30646181106567}",Man,
id70_1875.jpg,34.0,"{'Woman': 7.479293644428253, 'Man': 92.52070188522339}",Man,
id121_3219.jpg,28.0,"{'Woman': 8.855780214071274, 'Man': 91.1442220211029}",Man,
id43_1193.jpg,33.0,"{'Woman': 10.943687707185745, 'Man': 89.05631303787231}",Man,
id117_2994.jpg,35.0,"{'Woman': 12.986959517002106, 'Man': 87.01304197311401}",Man,
id48_1265.jpg,25.0,"{'Woman': 1.489119790494442, 'Man': 98.51087927818298}",Man,
id83_2288.jpg,32.0,"{'Woman': 25.727665424346924, 'Man': 74.27233457565308}",Man,
id42_1053.jpg,30.0,"{'Woman': 17.73707866668701, 'Man': 82.26292729377747}",Man,
id124_3306.jpg,36.0,"{'Woman': 10.243228077888489, 'Man': 89.75677490234375}",Man,
id65_1711.jpg,37.0,"{'Woman': 6.94800540804863, 'Man': 93.05199980735779}",Man,
id44_1030.jpg,40.0,"{'Woman': 10.841996967792511, 'Man': 89.15800452232361}",Man,
id43_1207.jpg,31.0,"{'Woman': 8.59631523489952, 'Man': 91.40368700027466}",Man,
id3_92.jpg,27.0,"{'Woman': 3.6438629031181335, 'Man': 96.35613560676575}",Man,
id65_1803.jpg,29.0,"{'Woman': 37.81779110431671, 'Man': 62.18219995498657}",Man,
id69_1868.jpg,34.0,"{'Woman': 5.772900581359863, 'Man': 94.22709941864014}",Man,
id5_193.jpg,32.0,"{'Woman': 2.8682079166173935, 'Man': 97.13179469108582}",Man,
id79_2162.jpg,33.0,"{'Woman': 4.411562904715538, 'Man': 95.58843970298767}",Man,
id83_2171.jpg,39.0,"{'Woman': 9.707338362932205, 'Man': 90.29266238212585}",Man,
id68_1831.jpg,33.0,"{'Woman': 8.514407277107239, 'Man': 91.485595703125}",Man,
id77_2006.jpg,27.0,"{'Woman': 3.495277464389801, 'Man': 96.50471806526184}",Man,
id65_1712.jpg,39.0,"{'Woman': 3.9609696716070175, 'Man': 96.03903293609619}",Man,
id73_1908.jpg,29.0,"{'Woman': 24.798527359962463, 'Man': 75.20147562026978}",Man,
id41_1022.jpg,29.0,"{'Woman': 13.199961185455322, 'Man': 86.8000328540802}",Man,
id41_967.jpg,27.0,"{'Woman': 5.92823401093483, 'Man': 94.07176375389099}",Man,
id121_3196.jpg,31.0,"{'Woman': 16.369517147541046, 'Man': 83.6304783821106}",Man,
id69_1874.jpg,31.0,"{'Woman': 4.291117191314697, 'Man': 95.7088828086853}",Man,
id18_644.jpg,35.0,"{'Woman': 40.219441056251526, 'Man': 59.78055000305176}",Man,
id1_69.jpg,30.0,"{'Woman': 28.898626565933228, 'Man': 71.10137343406677}",Man,
id36_761.jpg,24.0,"{'Woman': 3.657461702823639, 'Man': 96.342533826828}",Man,
id124_3249.jpg,34.0,"{'Woman': 27.056336402893066, 'Man': 72.94366359710693}",Man,
id90_2382.jpg,30.0,"{'Woman': 10.917466878890991, 'Man': 89.08253312110901}",Man,
id36_1436.jpg,26.0,"{'Woman': 15.650118887424469, 'Man': 84.34988856315613}",Man,
id42_1074.jpg,39.0,"{'Woman': 4.582703858613968, 'Man': 95.41729688644409}",Man,
id27_519.jpg,30.0,"{'Woman': 6.268981844186783, 'Man': 93.73101592063904}",Man,
id36_1403.jpg,,,,'tuple' object has no attribute 'shape'
id36_1301.jpg,,,,'tuple' object has no attribute 'shape'
id37_892.jpg,36.0,"{'Woman': 38.7547641992569, 'Man': 61.245232820510864}",Man,
id47_1269.jpg,28.0,"{'Woman': 3.1677164137363434, 'Man': 96.83228731155396}",Man,
id84_2248.jpg,27.0,"{'Woman': 11.119456589221954, 'Man': 88.88054490089417}",Man,
id18_422.jpg,27.0,"{'Woman': 42.76885986328125, 'Man': 57.23113417625427}",Man,
id93_2679.jpg,35.0,"{'Woman': 6.648852676153183, 'Man': 93.351149559021}",Man,
id24_476.jpg,30.0,"{'Woman': 18.071575462818146, 'Man': 81.92842602729797}",Man,
id42_1005.jpg,39.0,"{'Woman': 33.742308616638184, 'Man': 66.25769138336182}",Man,
id92_2394.jpg,33.0,"{'Woman': 15.511174499988556, 'Man': 84.48882102966309}",Man,
id18_270.jpg,35.0,"{'Woman': 4.634080454707146, 'Man': 95.36591172218323}",Man,
id44_1020.jpg,28.0,"{'Woman': 9.636075049638748, 'Man': 90.36392569541931}",Man,
id39_901.jpg,28.0,"{'Woman': 22.534282505512238, 'Man': 77.46571898460388}",Man,
id34_778.jpg,23.0,"{'Woman': 3.818661719560623, 'Man': 96.18133306503296}",Man,
id27_447.jpg,29.0,"{'Woman': 1.590409316122532, 'Man': 98.40959310531616}",Man,
id46_1310.jpg,35.0,"{'Woman': 39.862060546875, 'Man': 60.137939453125}",Man,
id5_198.jpg,26.0,"{'Woman': 10.70532575249672, 'Man': 89.29467797279358}",Man,
id40_966.jpg,26.0,"{'Woman': 12.474089115858078, 'Man': 87.52591609954834}",Man,
id46_1254.jpg,31.0,"{'Woman': 35.5935662984848, 'Man': 64.40643072128296}",Man,
id36_1329.jpg,38.0,"{'Woman': 28.201040625572205, 'Man': 71.79895639419556}",Man,
id1_172.jpg,24.0,"{'Woman': 29.797136783599854, 'Man': 70.20286917686462}",Man,
id25_432.jpg,30.0,"{'Woman': 2.6641689240932465, 'Man': 97.33582735061646}",Man,
id5_72.jpg,28.0,"{'Woman': 5.153883993625641, 'Man': 94.84611749649048}",Man,
id79_2051.jpg,27.0,"{'Woman': 6.713992357254028, 'Man': 93.28600764274597}",Man,
id116_3090.jpg,34.0,"{'Woman': 6.818357855081558, 'Man': 93.18163990974426}",Man,
id106_2693.jpg,31.0,"{'Woman': 6.553958356380463, 'Man': 93.44604015350342}",Man,
id59_1645.jpg,37.0,"{'Woman': 52.0921528339386, 'Man': 47.907841205596924}",Woman,
id84_2232.jpg,33.0,"{'Woman': 5.380333214998245, 'Man': 94.61966753005981}",Man,
id65_1686.jpg,33.0,"{'Woman': 67.9405152797699, 'Man': 32.0594847202301}",Woman,
id44_1054.jpg,37.0,"{'Woman': 3.119097091257572, 'Man': 96.88090085983276}",Man,
id36_1416.jpg,,,,'tuple' object has no attribute 'shape'
id110_2711.jpg,36.0,"{'Woman': 68.29281449317932, 'Man': 31.70718252658844}",Woman,
id29_410.jpg,27.0,"{'Woman': 3.1356867402791977, 'Man': 96.8643069267273}",Man,
id59_1602.jpg,29.0,"{'Woman': 24.000148475170135, 'Man': 75.99985003471375}",Man,
id2_58.jpg,24.0,"{'Woman': 7.513467222452164, 'Man': 92.48653054237366}",Man,
id16_287.jpg,33.0,"{'Woman': 2.352358214557171, 'Man': 97.64763712882996}",Man,
id41_965.jpg,27.0,"{'Woman': 10.978637635707855, 'Man': 89.0213668346405}",Man,
id119_3160.jpg,27.0,"{'Woman': 1.4947667717933655, 'Man': 98.50522875785828}",Man,
id32_629.jpg,28.0,"{'Woman': 16.478396952152252, 'Man': 83.52159857749939}",Man,
id30_443.jpg,27.0,"{'Woman': 12.083791941404343, 'Man': 87.91621327400208}",Man,
id18_536.jpg,28.0,"{'Woman': 9.526728093624115, 'Man': 90.47327637672424}",Man,
id108_2799.jpg,31.0,"{'Woman': 25.974279642105103, 'Man': 74.0257203578949}",Man,
id91_2421.jpg,,,,'tuple' object has no attribute 'shape'
id18_639.jpg,37.0,"{'Woman': 67.61218905448914, 'Man': 32.38780498504639}",Woman,
id121_3267.jpg,24.0,"{'Woman': 5.018123239278793, 'Man': 94.98188495635986}",Man,
id109_2693.jpg,31.0,"{'Woman': 10.711459815502167, 'Man': 89.28853869438171}",Man,
id40_1126.jpg,35.0,"{'Woman': 18.750201165676117, 'Man': 81.24979734420776}",Man,
id39_887.jpg,30.0,"{'Woman': 9.262792766094208, 'Man': 90.73721170425415}",Man,
id83_2326.jpg,25.0,"{'Woman': 37.091487646102905, 'Man': 62.908512353897095}",Man,
id127_3235.jpg,31.0,"{'Woman': 89.39800262451172, 'Man': 10.601993650197983}",Woman,
id96_2497.jpg,31.0,"{'Woman': 32.57058262825012, 'Man': 67.42941737174988}",Man,
id1_2.jpg,31.0,"{'Woman': 2.649090997874737, 'Man': 97.35090732574463}",Man,
id18_557.jpg,26.0,"{'Woman': 5.731429532170296, 'Man': 94.26856637001038}",Man,
id49_1484.jpg,29.0,"{'Woman': 7.14147761464119, 'Man': 92.85852313041687}",Man,
